# z rho(z) P(z) g(z) n(z) K(z) phi(z) B(z)
7.406400000000000000e+19 1.426880031908778820e-26 2.002006126967802954e-11 2.095018294988589339e-13 1.450047345108910167e-02 2.245304212224687035e+01 5.172212944428072311e+06 8.335839927667599582e-06
1.481280000000000000e+20 1.426879995091188273e-26 2.002006075310312308e-11 8.379687045458125260e-13 1.450047307693536763e-02 2.245304250848206706e+01 4.137655958745461702e+07 8.335839927667599582e-06
2.221920000000000000e+20 1.426879895163967252e-26 2.002005935105877124e-11 1.885284799914552570e-12 1.450047206143863059e-02 2.245304355676936581e+01 1.396394542685518861e+08 8.335839927667599582e-06
2.962560000000000000e+20 1.426879700578449908e-26 2.002005662089653337e-11 3.351257123959606270e-12 1.450047008398988417e-02 2.245304559807063072e+01 3.309758748460721970e+08 8.335839927667599582e-06
3.703200000000000000e+20 1.426879379811690649e-26 2.002005212032884254e-11 5.235615594178339346e-12 1.450046682424150322e-02 2.245304896307844444e+01 6.463836500584813356e+08 8.335839927667599582e-06
4.443840000000000000e+20 1.426878901368627145e-26 2.002004540745933975e-11 7.538013142926651666e-12 1.450046196212921232e-02 2.245305398219390725e+01 1.116837753599544287e+09 8.335839927667599582e-06
5.184480000000000000e+20 1.426878233782079186e-26 2.002003604078289337e-11 1.025802585321741723e-11 1.450045517787209269e-02 2.245306098552714147e+01 1.773284607105040073e+09 8.335839927667599582e-06
5.925120000000000000e+20 1.426877345612749826e-26 2.002002357918556358e-11 1.339515312451042673e-11 1.450044615197258226e-02 2.245307030289797368e+01 2.646636394403485298e+09 8.335839927667599582e-06
6.665760000000000000e+20 1.426876205460023232e-26 2.002000758209615735e-11 1.694881786838265573e-11 1.450043456532621247e-02 2.245308226372345928e+01 3.767765389017166138e+09 8.335839927667599582e-06
7.406400000000000000e+20 1.426874781976064584e-26 2.001998760968401833e-11 2.091836673394770678e-11 1.450042009936489129e-02 2.245309719687083572e+01 5.167498297348503113e+09 8.335839927667599582e-06
8.147040000000000000e+20 1.426873043858834844e-26 2.001996322276104472e-11 2.530307036287327873e-11 1.450040243598592522e-02 2.245311543073185945e+01 6.876610619683021545e+09 8.335839927667599582e-06
8.887680000000000000e+20 1.426870959872573225e-26 2.001993398306905375e-11 3.010212367382619545e-11 1.450038125776015666e-02 2.245313729300906758e+01 8.925821031101968765e+09 8.335839927667599582e-06
9.628320000000000000e+20 1.426868498848243742e-26 2.001989945328605660e-11 3.531464617615465668e-11 1.450035624793651751e-02 2.245316311071233883e+01 1.134578578442529488e+10 8.335839927667599582e-06
1.036896000000000000e+21 1.426865629683536070e-26 2.001985919702627461e-11 4.093968231259837796e-11 1.450032709044202575e-02 2.245319321016026848e+01 1.416709313793641472e+10 8.335839927667599582e-06
1.110960000000000000e+21 1.426862321343007034e-26 2.001981277884211670e-11 4.697620183079790556e-11 1.450029346988322872e-02 2.245322791698016118e+01 1.742025780889846802e+10 8.335839927667599582e-06
1.185024000000000000e+21 1.426858542877670264e-26 2.001975976449903924e-11 5.342310018335607366e-11 1.450025507174528168e-02 2.245326755590413015e+01 2.113571545620051956e+10 8.335839927667599582e-06
1.259088000000000000e+21 1.426854263422807065e-26 2.001969972094481758e-11 6.027919895618510295e-11 1.450021158236969310e-02 2.245331245079375648e+01 2.534381719314624023e+10 8.335839927667599582e-06
1.333152000000000000e+21 1.426849452206030728e-26 2.001963221642271791e-11 6.754324632485545594e-11 1.450016268903628336e-02 2.245336292455732163e+01 3.007482413416444397e+10 8.335839927667599582e-06
1.407216000000000000e+21 1.426844078559954654e-26 2.001955682064923128e-11 7.521391753864392097e-11 1.450010808009193075e-02 2.245341929901880818e+01 3.535890197401355743e+10 8.335839927667599582e-06
1.481280000000000000e+21 1.426838111922193797e-26 2.001947310481406383e-11 8.328981543196065054e-11 1.450004744495056626e-02 2.245348189491994262e+01 4.122611560664244080e+10 8.335839927667599582e-06
1.555344000000000000e+21 1.426831521835363798e-26 2.001938064158018533e-11 9.176947096281812333e-11 1.449998047409318397e-02 2.245355103192229151e+01 4.770642378128656006e+10 8.335839927667599582e-06
1.629408000000000000e+21 1.426824277948449049e-26 2.001927900510296093e-11 1.006513437779867623e-10 1.449990685908173274e-02 2.245362702859518222e+01 5.482967379984691620e+10 8.335839927667599582e-06
1.703472000000000000e+21 1.426816350039833598e-26 2.001916777135333321e-11 1.099338228044665542e-10 1.449982629279316509e-02 2.245371020217638147e+01 6.262559625650134277e+10 8.335839927667599582e-06
1.777536000000000000e+21 1.426807708006246169e-26 2.001904651796268381e-11 1.196152268668864645e-10 1.449973846930709999e-02 2.245380086869052150e+01 7.112379982298301697e+10 8.335839927667599582e-06
1.851600000000000000e+21 1.426798321879316088e-26 2.001891482445515811e-11 1.296938053304285008e-10 1.449964308407406498e-02 2.245389934277790189e+01 8.035376608028492737e+10 8.335839927667599582e-06
1.925664000000000000e+21 1.426788161832823412e-26 2.001877227234934702e-11 1.401677387688567719e-10 1.449953983398916992e-02 2.245400593762106922e+01 9.034484439875379944e+10 8.335839927667599582e-06
1.999728000000000000e+21 1.426777198182698639e-26 2.001861844515832254e-11 1.510351396572176614e-10 1.449942841739211563e-02 2.245412096494747445e+01 1.011262468685726166e+11 8.335839927667599582e-06
2.073792000000000000e+21 1.426765401387023285e-26 2.001845292838962162e-11 1.622940530887614909e-10 1.449930853406718873e-02 2.245424473503226892e+01 1.127270432824728394e+11 8.335839927667599582e-06
2.147856000000000000e+21 1.426752742048537852e-26 2.001827530958044010e-11 1.739424575156229175e-10 1.449917988526875159e-02 2.245437755667487068e+01 1.251761561724396667e+11 8.335839927667599582e-06
2.221920000000000000e+21 1.426739190937517763e-26 2.001808517861860137e-11 1.859782655127827427e-10 1.449904217395372487e-02 2.245451973696188119e+01 1.385023559021492615e+11 8.335839927667599582e-06
2.295984000000000000e+21 1.426724718977969341e-26 2.001788212754887662e-11 1.983993245648202273e-10 1.449889510464129165e-02 2.245467158141494579e+01 1.527342558168714600e+11 8.335839927667599582e-06
2.370048000000000000e+21 1.426709297266479329e-26 2.001766575083744023e-11 2.112034178749527549e-10 1.449873838360446303e-02 2.245483339379608623e+01 1.679003074525437317e+11 8.335839927667599582e-06
2.444112000000000000e+21 1.426692897077246043e-26 2.001743564544249361e-11 2.243882651958472241e-10 1.449857171892120211e-02 2.245500547605806219e+01 1.840287958056157227e+11 8.335839927667599582e-06
2.518176000000000000e+21 1.426675489862078795e-26 2.001719141081422314e-11 2.379515236816756880e-10 1.449839482047441883e-02 2.245518812834763267e+01 2.011478346650227661e+11 8.335839927667599582e-06
2.592240000000000000e+21 1.426657047250397608e-26 2.001693264889480989e-11 2.518907887608748080e-10 1.449820739995197165e-02 2.245538164900882805e+01 2.192853620071917419e+11 8.335839927667599582e-06
2.666304000000000000e+21 1.426637541051369538e-26 2.001665896414840522e-11 2.662035950290606740e-10 1.449800917086836553e-02 2.245558633456393594e+01 2.384691354579477234e+11 8.335839927667599582e-06
2.740368000000000000e+21 1.426616943276179933e-26 2.001636996387361766e-11 2.808874171615382413e-10 1.449779984879110209e-02 2.245580247948320363e+01 2.587267278204203186e+11 8.335839927667599582e-06
2.814432000000000000e+21 1.426595226124032394e-26 2.001606525800706071e-11 2.959396708448343962e-10 1.449757915119837676e-02 2.245603037633523513e+01 2.800855226717733765e+11 8.335839927667599582e-06
2.888496000000000000e+21 1.426572361999541559e-26 2.001574445936740022e-11 3.113577137266757539e-10 1.449734679765585753e-02 2.245627031560798770e+01 3.025727100323259888e+11 8.335839927667599582e-06
2.962560000000000000e+21 1.426548323518134465e-26 2.001540718373116745e-11 3.271388463838243026e-10 1.449710250987156640e-02 2.245652258565568005e+01 3.262152820980307617e+11 8.335839927667599582e-06
3.036624000000000000e+21 1.426523083506052847e-26 2.001505304983271379e-11 3.432803133071707763e-10 1.449684601169588805e-02 2.245678747270237352e+01 3.510400290493828735e+11 8.335839927667599582e-06
3.110688000000000000e+21 1.426496615000350262e-26 2.001468167936425606e-11 3.597793039034860487e-10 1.449657702912156634e-02 2.245706526084565979e+01 3.770735349357023926e+11 8.335839927667599582e-06
3.184752000000000000e+21 1.426468891249303919e-26 2.001429269698160207e-11 3.766329535132159533e-10 1.449629529028787119e-02 2.245735623205606402e+01 4.043421736409418945e+11 8.335839927667599582e-06
3.258816000000000000e+21 1.426439885732078664e-26 2.001388573058006712e-11 3.938383444437039014e-10 1.449600052568043862e-02 2.245766066597437316e+01 4.328721049075731812e+11 8.335839927667599582e-06
3.332880000000000000e+21 1.426409572150497088e-26 2.001346041117899828e-11 4.113925070172156385e-10 1.449569246804762943e-02 2.245797884000180034e+01 4.626892704448740845e+11 8.335839927667599582e-06
3.406944000000000000e+21 1.426377924437870368e-26 2.001301637304568989e-11 4.292924206331393947e-10 1.449537085249028370e-02 2.245831102921106748e+01 4.938193901270273438e+11 8.335839927667599582e-06
3.481008000000000000e+21 1.426344916768693515e-26 2.001255325383137725e-11 4.475350148437241898e-10 1.449503541656022541e-02 2.245865750624848900e+01 5.262879582666366577e+11 8.335839927667599582e-06
3.555072000000000000e+21 1.426310523558641066e-26 2.001207069457123340e-11 4.661171704427208641e-10 1.449468590026025024e-02 2.245901854133777320e+01 5.601202399397700195e+11 8.335839927667599582e-06
3.629136000000000000e+21 1.426274719464570532e-26 2.001156833968436910e-11 4.850357205662818219e-10 1.449432204604412730e-02 2.245939440228391604e+01 5.953412674335388184e+11 8.335839927667599582e-06
3.703200000000000000e+21 1.426237479384520386e-26 2.001104583697382958e-11 5.042874518054748566e-10 1.449394359881660613e-02 2.245978535447701319e+01 6.319758367681660156e+11 8.335839927667599582e-06
3.777264000000000000e+21 1.426198778464631876e-26 2.001050283772369140e-11 5.238691053297629084e-10 1.449355030600373712e-02 2.246019166082353635e+01 6.700485042550771484e+11 8.335839927667599582e-06
3.851328000000000000e+21 1.426158592113969556e-26 2.000993899690703687e-11 5.437773780207996442e-10 1.449314191770349931e-02 2.246061358159456489e+01 7.095835832092419434e+11 8.335839927667599582e-06
3.925392000000000000e+21 1.426116895989939240e-26 2.000935397298131744e-11 5.640089236158891944e-10 1.449271818653760126e-02 2.246105137458278378e+01 7.506051407046702881e+11 8.335839927667599582e-06
3.999456000000000000e+21 1.426073666016936351e-26 2.000874742815003995e-11 5.845603538604566788e-10 1.449227886784100298e-02 2.246150529491055181e+01 7.931369943916008301e+11 8.335839927667599582e-06
4.073520000000000000e+21 1.426028878387489268e-26 2.000811902837879007e-11 6.054282396688802878e-10 1.449182371967352480e-02 2.246197559502174457e+01 8.372027094868487549e+11 8.335839927667599582e-06
4.147584000000000000e+21 1.425982509562258471e-26 2.000746844339521290e-11 6.266091122930234841e-10 1.449135250281984380e-02 2.246246252468564819e+01 8.828255957305886230e+11 8.335839927667599582e-06
4.221648000000000000e+21 1.425934536270036537e-26 2.000679534668903559e-11 6.480994644978265710e-10 1.449086498078949216e-02 2.246296633100075724e+01 9.300287045332342529e+11 8.335839927667599582e-06
4.295712000000000000e+21 1.425884935507748141e-26 2.000609941551204149e-11 6.698957517432949515e-10 1.449036091981685710e-02 2.246348725839865779e+01 9.788348261641915283e+11 8.335839927667599582e-06
4.369776000000000000e+21 1.425833684550638058e-26 2.000538033102103345e-11 6.919943933722437374e-10 1.448984008896471963e-02 2.246402554854081757e+01 1.029266486998875122e+12 8.335839927667599582e-06
4.443840000000000000e+21 1.425780760958959939e-26 2.000463777837168006e-11 7.143917738031440982e-10 1.448930226019222098e-02 2.246458144025211112e+01 1.081345946957328125e+12 8.335839927667599582e-06
4.517904000000000000e+21 1.425726142567723172e-26 2.000387144657464114e-11 7.370842437274327662e-10 1.448874720825066992e-02 2.246515516963228265e+01 1.135095196864315674e+12 8.335839927667599582e-06
4.591968000000000000e+21 1.425669807502759496e-26 2.000308102872101323e-11 7.600681213106383601e-10 1.448817471084682187e-02 2.246574696989091890e+01 1.190535956109687256e+12 8.335839927667599582e-06
4.666032000000000000e+21 1.425611734180949150e-26 2.000226622198549615e-11 7.833396933966893553e-10 1.448758454864516876e-02 2.246635707134872817e+01 1.247689670164513184e+12 8.335839927667599582e-06
4.740096000000000000e+21 1.425551901310220009e-26 2.000142672762636716e-11 8.068952167147700804e-10 1.448697650526793376e-02 2.246698570144120666e+01 1.306577508424603760e+12 8.335839927667599582e-06
4.814159999999999476e+21 1.425490287889547585e-26 2.000056225098550031e-11 8.307309190880924645e-10 1.448635036729507310e-02 2.246763308472225518e+01 1.367220361909096191e+12 8.335839927667599582e-06
4.888224000000000000e+21 1.425426873208954168e-26 1.999967250148835679e-11 8.548430006439648031e-10 1.448570592426427252e-02 2.246829944286775316e+01 1.429638841278683838e+12 8.335839927667599582e-06
4.962288000000000524e+21 1.425361636851768837e-26 1.999875719267566656e-11 8.792276350245333327e-10 1.448504296869389772e-02 2.246898499465536858e+01 1.493853274712580811e+12 8.335839927667599582e-06
5.036352000000000000e+21 1.425294558711594357e-26 1.999781604244150775e-11 9.038809705975878078e-10 1.448436129625543280e-02 2.246968995578971828e+01 1.559883706115558838e+12 8.335839927667599582e-06
5.110415999999999476e+21 1.425225618975065638e-26 1.999684877279139188e-11 9.287991316668237245e-10 1.448366070559825927e-02 2.247041453908695985e+01 1.627749893155030762e+12 8.335839927667599582e-06
5.184480000000000000e+21 1.425154798134133593e-26 1.999585511001461790e-11 9.539782196809622065e-10 1.448294099847449896e-02 2.247115895434906463e+01 1.697471305674463867e+12 8.335839927667599582e-06
5.258544000000000524e+21 1.425082076989621469e-26 1.999483478473416155e-11 9.794143144411322960e-10 1.448220197977513266e-02 2.247192340832977209e+01 1.769067123880190918e+12 8.335839927667599582e-06
5.332608000000000000e+21 1.425007436651222263e-26 1.999378753190664949e-11 1.005103475305934243e-09 1.448144345753000183e-02 2.247270810473778013e+01 1.842556236954603760e+12 8.335839927667599582e-06
5.406671999999999476e+21 1.424930858537501878e-26 1.999271309082238194e-11 1.031041742393610558e-09 1.448066524290781386e-02 2.247351324423993191e+01 1.917957241423879395e+12 8.335839927667599582e-06
5.480736000000000000e+21 1.424852324375895395e-26 1.999161120510531649e-11 1.057225137780743631e-09 1.447986715021612816e-02 2.247433902446433507e+01 1.995288439907452881e+12 8.335839927667599582e-06
5.554800000000000524e+21 1.424771816202710515e-26 1.999048162271308753e-11 1.083649666696935314e-09 1.447904899690137526e-02 2.247518564000338515e+01 2.074567839753784180e+12 8.335839927667599582e-06
5.628864000000000000e+21 1.424689316363857075e-26 1.998932409594724256e-11 1.110311318714904558e-09 1.447821060355627097e-02 2.247605328240906886e+01 2.155813151836967529e+12 8.335839927667599582e-06
5.702927999999999476e+21 1.424604807527713206e-26 1.998813838163377764e-11 1.137206068935475744e-09 1.447735179405057818e-02 2.247694214006053670e+01 2.239041789515597656e+12 8.335839927667599582e-06
5.776992000000000000e+21 1.424518272675329064e-26 1.998692424098568644e-11 1.164329879166910561e-09 1.447647239543154406e-02 2.247785239826992765e+01 2.324270867464719727e+12 8.335839927667599582e-06
5.851056000000000524e+21 1.424429695103966805e-26 1.998568143965261369e-11 1.191678699098069105e-09 1.447557223795987308e-02 2.247878423924789004e+01 2.411517200896679688e+12 8.335839927667599582e-06
5.925120000000000000e+21 1.424339058430639979e-26 1.998440974777053128e-11 1.219248467464891509e-09 1.447465115514570515e-02 2.247973784206895331e+01 2.500797304594687988e+12 8.335839927667599582e-06
5.999183999999999476e+21 1.424246346592113533e-26 1.998310893996173499e-11 1.247035113209695696e-09 1.447370898374860694e-02 2.248071338267412500e+01 2.592127392156560547e+12 8.335839927667599582e-06
6.073248000000000000e+21 1.424151543844904381e-26 1.998177879533483808e-11 1.275034556632794160e-09 1.447274556377758058e-02 2.248171103387331726e+01 2.685523375396604492e+12 8.335839927667599582e-06
6.147312000000000524e+21 1.424054634765280549e-26 1.998041909748480032e-11 1.303242710535962181e-09 1.447176073849106188e-02 2.248273096534775561e+01 2.781000863620321289e+12 8.335839927667599582e-06
6.221376000000000000e+21 1.423955604249262317e-26 1.997902963449287630e-11 1.331655481357278747e-09 1.447075435439691346e-02 2.248377334365226687e+01 2.878575163201869629e+12 8.335839927667599582e-06
6.295439999999999476e+21 1.423854437512686220e-26 1.997761019892757513e-11 1.360268770296893732e-09 1.446972626125309601e-02 2.248483833221679973e+01 2.978261277155497559e+12 8.335839927667599582e-06
6.369504000000000000e+21 1.423751120095631806e-26 1.997616058790674740e-11 1.389078474433261189e-09 1.446867631211264452e-02 2.248592609130195186e+01 3.080073904718524902e+12 8.335839927667599582e-06
6.443568000000000524e+21 1.423645637862058312e-26 1.997468060309247996e-11 1.418080487829419590e-09 1.446760436331996982e-02 2.248703677800477507e+01 3.184027441149675781e+12 8.335839927667599582e-06
6.517632000000000000e+21 1.423537976997745248e-26 1.997317005066221890e-11 1.447270702628889302e-09 1.446651027448994827e-02 2.248817054628235823e+01 3.290135977534453613e+12 8.335839927667599582e-06
6.591695999999999476e+21 1.423428124011416818e-26 1.997162874132452153e-11 1.476645010140778453e-09 1.446539390851932921e-02 2.248932754694181568e+01 3.398413300664635742e+12 8.335839927667599582e-06
6.665760000000000000e+21 1.423316065734741335e-26 1.997005649031907901e-11 1.506199301913705729e-09 1.446425513158674202e-02 2.249050792764199258e+01 3.508872893045321289e+12 8.335839927667599582e-06
6.739824000000000524e+21 1.423201789322331227e-26 1.996845311741668399e-11 1.535929470798140582e-09 1.446309381315268906e-02 2.249171183289506359e+01 3.621527932926644043e+12 8.335839927667599582e-06
6.813888000000000000e+21 1.423085282251743327e-26 1.996681844691926300e-11 1.565831411996811346e-09 1.446190982595955098e-02 2.249293940406804992e+01 3.736391294410928711e+12 8.335839927667599582e-06
6.887951999999999476e+21 1.422966532323478576e-26 1.996515230765985698e-11 1.595901024102796022e-09 1.446070304603158663e-02 2.249419077938419420e+01 3.853475547754610840e+12 8.335839927667599582e-06
6.962016000000000000e+21 1.422845527660982320e-26 1.996345453300261812e-11 1.626134210124968158e-09 1.445947335267492966e-02 2.249546609392426433e+01 3.972792959619545410e+12 8.335839927667599582e-06
7.036080000000000524e+21 1.422722256710644017e-26 1.996172496084282919e-11 1.656526878500450615e-09 1.445822062847759021e-02 2.249676547962772233e+01 4.094355493362498535e+12 8.335839927667599582e-06
7.110144000000000000e+21 1.422596708240552871e-26 1.995996343358943264e-11 1.687074944093764135e-09 1.445694475929681054e-02 2.249808906530691743e+01 4.218174809498621582e+12 8.335839927667599582e-06
7.184207999999999476e+21 1.422468871338971634e-26 1.995816979814359815e-11 1.717774329182357823e-09 1.445564563424355138e-02 2.249943697666414977e+01 4.344262266419966309e+12 8.335839927667599582e-06
7.258272000000000000e+21 1.422338735419015344e-26 1.995634390596440276e-11 1.748620964428224185e-09 1.445432314573003897e-02 2.250080933624317936e+01 4.472628920674874023e+12 8.335839927667599582e-06
7.332336000000000524e+21 1.422206290212339927e-26 1.995448561298025793e-11 1.779610789835314154e-09 1.445297718940563060e-02 2.250220626349652875e+01 4.603285527716286133e+12 8.335839927667599582e-06
7.406400000000000000e+21 1.422071525768647148e-26 1.995259477958195277e-11 1.810739755692494453e-09 1.445160766415177697e-02 2.250362787479132720e+01 4.736242542801349609e+12 8.335839927667599582e-06
7.480463999999999476e+21 1.421934432455684609e-26 1.995067127062268639e-11 1.842003823501769971e-09 1.445021447208202914e-02 2.250507428340985072e+01 4.871510121647182617e+12 8.335839927667599582e-06
7.554528000000000000e+21 1.421795000959244603e-26 1.994871495541802913e-11 1.873398966891543690e-09 1.444879751854202636e-02 2.250654559954996614e+01 5.009098121181368164e+12 8.335839927667599582e-06
7.628592000000000524e+21 1.421653222283166122e-26 1.994672570774593868e-11 1.904921172514672194e-09 1.444735671210950825e-02 2.250804193032538691e+01 5.149016100681600586e+12 8.335839927667599582e-06
7.702656000000000000e+21 1.421509087749333424e-26 1.994470340584677628e-11 1.936566440931104199e-09 1.444589196459430958e-02 2.250956337976587562e+01 5.291273322781450195e+12 8.335839927667599582e-06
7.776719999999999476e+21 1.421362588996197477e-26 1.994264793240253024e-11 1.968330787474893836e-09 1.444440319102332886e-02 2.251111004883289013e+01 5.435878754269958984e+12 8.335839927667599582e-06
7.850784000000000000e+21 1.421213717970341446e-26 1.994055917441849035e-11 2.000210243105390182e-09 1.444289030955481917e-02 2.251268203550861813e+01 5.582841067438338867e+12 8.335839927667599582e-06
7.924848000000000524e+21 1.421062466937143083e-26 1.993843702337284153e-11 2.032200855242434495e-09 1.444135324158673725e-02 2.251427943468323534e+01 5.732168641366324219e+12 8.335839927667599582e-06
7.998912000000000000e+21 1.420908828471398317e-26 1.993628137508510018e-11 2.064298688585381516e-09 1.443979191166145856e-02 2.251590233825366738e+01 5.883869562828077148e+12 8.335839927667599582e-06
8.072975999999999476e+21 1.420752795455314367e-26 1.993409212968798670e-11 2.096499825915807116e-09 1.443820624744539260e-02 2.251755083514437672e+01 6.037951627833692383e+12 8.335839927667599582e-06
8.147040000000000000e+21 1.420594361078512609e-26 1.993186919162741911e-11 2.128800368883736022e-09 1.443659617972899156e-02 2.251922501130692922e+01 6.194422343137152344e+12 8.335839927667599582e-06
8.221104000000000524e+21 1.420433518838025993e-26 1.992961246966250981e-11 2.161196438777283750e-09 1.443496164242674164e-02 2.252092494971937953e+01 6.353288927271742188e+12 8.335839927667599582e-06
8.295168000000000000e+21 1.420270262538300194e-26 1.992732187686558493e-11 2.193684177275571699e-09 1.443330257257716999e-02 2.252265073038557830e+01 6.514558312287362305e+12 8.335839927667599582e-06
8.369231999999999476e+21 1.420104586291193319e-26 1.992499733062214234e-11 2.226259747184827731e-09 1.443161891034283606e-02 2.252440243033430534e+01 6.678237145433846680e+12 8.335839927667599582e-06
8.443296000000000000e+21 1.419936484508757358e-26 1.992263875252962868e-11 2.258919333157553131e-09 1.442991059893698400e-02 2.252618012369465816e+01 6.844331790333046875e+12 8.335839927667599582e-06
8.517360000000000524e+21 1.419765951901352679e-26 1.992024606837092431e-11 2.291659142394700508e-09 1.442817758460437048e-02 2.252798388171495603e+01 7.012848328915502930e+12 8.335839927667599582e-06
8.591424000000000000e+21 1.419592983483135204e-26 1.991781920819137451e-11 2.324475405330767528e-09 1.442641981667703785e-02 2.252981377270358720e+01 7.183792563237800781e+12 8.335839927667599582e-06
8.665487999999999476e+21 1.419417574561063983e-26 1.991535810614454617e-11 2.357364376301760976e-09 1.442463724746260133e-02 2.253166986214397127e+01 7.357170016795876953e+12 8.335839927667599582e-06
8.739552000000000000e+21 1.419239720734814530e-26 1.991286270049099670e-11 2.390322334195964969e-09 1.442282983224335915e-02 2.253355221269421449e+01 7.532985936661861328e+12 8.335839927667599582e-06
8.813616000000000524e+21 1.419059417896776807e-26 1.991033293359827076e-11 2.423345583087503406e-09 1.442099752927628736e-02 2.253546088418562121e+01 7.711245295396147461e+12 8.335839927667599582e-06
8.887680000000000000e+21 1.418876662232056664e-26 1.990776875194090679e-11 2.456430452852625921e-09 1.441914029979304498e-02 2.253739593362115556e+01 7.891952792509052734e+12 8.335839927667599582e-06
8.961743999999999476e+21 1.418691450218475838e-26 1.990517010610043697e-11 2.489573299768758696e-09 1.441725810799997579e-02 2.253935741517370417e+01 8.075112856792231445e+12 8.335839927667599582e-06
9.035808000000000000e+21 1.418503778622048766e-26 1.990253695070192696e-11 2.522770507096246114e-09 1.441535092103214503e-02 2.254134538023218326e+01 8.260729648290613281e+12 8.335839927667599582e-06
9.109872000000000524e+21 1.418313644486827877e-26 1.989986924427149080e-11 2.556018485642846104e-09 1.441341870885013733e-02 2.254335987750723191e+01 8.448807059921137695e+12 8.335839927667599582e-06
9.183936000000000000e+21 1.418121045147074953e-26 1.989716694940708758e-11 2.589313674310959334e-09 1.441146144436375627e-02 2.254540095290031232e+01 8.639348719985485352e+12 8.335839927667599582e-06
9.257999999999999476e+21 1.417925978213088611e-26 1.989443003257962649e-11 2.622652540627632367e-09 1.440947910328797994e-02 2.254746864965175490e+01 8.832357994175294922e+12 8.335839927667599582e-06
9.332064000000000000e+21 1.417728441570151932e-26 1.989165846411825851e-11 2.656031581257350085e-09 1.440747166413229412e-02 2.254956300834981420e+01 9.027837987354265625e+12 8.335839927667599582e-06
9.406128000000000524e+21 1.417528433378534466e-26 1.988885221821035056e-11 2.689447322497677760e-09 1.440543910820068704e-02 2.255168406692837024e+01 9.225791546233033203e+12 8.335839927667599582e-06
9.480192000000000000e+21 1.417325952073491946e-26 1.988601127290151784e-11 2.722896320757809029e-09 1.440338141959165638e-02 2.255383186066459444e+01 9.426221261391316406e+12 8.335839927667599582e-06
9.554255999999999476e+21 1.417120996365264565e-26 1.988313561009559147e-11 2.756375163020054507e-09 1.440129858519819707e-02 2.255600642217645557e+01 9.629129469223234375e+12 8.335839927667599582e-06
9.628319999999998951e+21 1.416913565234339703e-26 1.988022521548813388e-11 2.789880467284366164e-09 1.439919059465965059e-02 2.255820778147040429e+01 9.834518254752617188e+12 8.335839927667599582e-06
9.702384000000000524e+21 1.416703657919738878e-26 1.987728007840212069e-11 2.823408882995968199e-09 1.439705744024267521e-02 2.256043596606304291e+01 1.004238945366563477e+13 8.335839927667599582e-06
9.776448000000000000e+21 1.416491273931981192e-26 1.987430019196982023e-11 2.856957091456171738e-09 1.439489911697299125e-02 2.256269100084081813e+01 1.025274465441025195e+13 8.335839927667599582e-06
9.850511999999999476e+21 1.416276413037809364e-26 1.987128555291847949e-11 2.890521806216492071e-09 1.439271562248015286e-02 2.256497290821931756e+01 1.046558520113129297e+13 8.335839927667599582e-06
9.924576000000001049e+21 1.416059075258974917e-26 1.986823616155327318e-11 2.924099773456137071e-09 1.439050695698520371e-02 2.256728170815335233e+01 1.068091219571492969e+13 8.335839927667599582e-06
9.998640000000000524e+21 1.415839260872235886e-26 1.986515202175731345e-11 2.957687772343011979e-09 1.438827312330066312e-02 2.256961741813399769e+01 1.089872650002396875e+13 8.335839927667599582e-06
1.007270400000000000e+22 1.415616970409359110e-26 1.986203314099162724e-11 2.991282615378328217e-09 1.438601412683053644e-02 2.257198005318552703e+01 1.111902873893519727e+13 8.335839927667599582e-06
1.014676799999999948e+22 1.415392204657118227e-26 1.985887953029517248e-11 3.024881148724967215e-09 1.438372997557030644e-02 2.257436962586223927e+01 1.134181930240282227e+13 8.335839927667599582e-06
1.022083199999999895e+22 1.415164964650112421e-26 1.985569120418404480e-11 3.058480252519712135e-09 1.438142068003394128e-02 2.257678614632153113e+01 1.156709834780297852e+13 8.335839927667599582e-06
1.029489600000000052e+22 1.414935251661885932e-26 1.985246818052690933e-11 3.092076841169489791e-09 1.437908625316366464e-02 2.257922962241506326e+01 1.179486580305959961e+13 8.335839927667599582e-06
1.036896000000000000e+22 1.414703067215402755e-26 1.984921048069195123e-11 3.125667863631768328e-09 1.437672671043639140e-02 2.258170005957399695e+01 1.202512136873860352e+13 8.335839927667599582e-06
1.044302399999999948e+22 1.414468413067564323e-26 1.984591812932963745e-11 3.159250303679281080e-09 1.437434206970638652e-02 2.258419746097022696e+01 1.225786452046783984e+13 8.335839927667599582e-06
1.051708800000000105e+22 1.414231291208699534e-26 1.984259115436559515e-11 3.192821180149189082e-09 1.437193235120009897e-02 2.258672182751835678e+01 1.249309451214042188e+13 8.335839927667599582e-06
1.059115200000000052e+22 1.413991703862566184e-26 1.983922958700059883e-11 3.226377547176886567e-09 1.436949757751616527e-02 2.258927315787213175e+01 1.273081037805692578e+13 8.335839927667599582e-06
1.066521600000000000e+22 1.413749653486351542e-26 1.983583346171059614e-11 3.259916494414603296e-09 1.436703777362541117e-02 2.259185144842080106e+01 1.297101093538053906e+13 8.335839927667599582e-06
1.073927999999999948e+22 1.413505142770670630e-26 1.983240281624667884e-11 3.293435147234968330e-09 1.436455296687084993e-02 2.259445669328533057e+01 1.321369478740701172e+13 8.335839927667599582e-06
1.081334399999999895e+22 1.413258174627289247e-26 1.982893769146281915e-11 3.326930666919718049e-09 1.436204318684289674e-02 2.259708888444543717e+01 1.345886032578019922e+13 8.335839927667599582e-06
1.088740800000000052e+22 1.413008752189346675e-26 1.982543813131902992e-11 3.360400250833752743e-09 1.435950846538166029e-02 2.259974801173338577e+01 1.370650573293593555e+13 8.335839927667599582e-06
1.096147200000000000e+22 1.412756878813121216e-26 1.982190418290607978e-11 3.393841132584679479e-09 1.435694883659485201e-02 2.260243406281130163e+01 1.395662898542464453e+13 8.335839927667599582e-06
1.103553599999999948e+22 1.412502558065692090e-26 1.981833589627242831e-11 3.427250582168095215e-09 1.435436433673243327e-02 2.260514702329873771e+01 1.420922785623674414e+13 8.335839927667599582e-06
1.110960000000000105e+22 1.412245793724940586e-26 1.981473332442422921e-11 3.460625906098751585e-09 1.435175500418660322e-02 2.260788687676878794e+01 1.446429991718378711e+13 8.335839927667599582e-06
1.118366400000000052e+22 1.411986589779549771e-26 1.981109652332531417e-11 3.493964447527833811e-09 1.434912087949181091e-02 2.261065360474399810e+01 1.472184254225218164e+13 8.335839927667599582e-06
1.125772800000000000e+22 1.411724950429004210e-26 1.980742555189720255e-11 3.527263586346548111e-09 1.434646200532474491e-02 2.261344718669229437e+01 1.498185291008791797e+13 8.335839927667599582e-06
1.133179199999999948e+22 1.411460880082890286e-26 1.980372047200927541e-11 3.560520739276212014e-09 1.434377842649722096e-02 2.261626760003021985e+01 1.524432800626282422e+13 8.335839927667599582e-06
1.140585599999999895e+22 1.411194383343807057e-26 1.979998134823902233e-11 3.593733359945084960e-09 1.434107018978252913e-02 2.261911482030121689e+01 1.550926462662563086e+13 8.335839927667599582e-06
1.147992000000000052e+22 1.410925465018509338e-26 1.979620824802834950e-11 3.626898938952120352e-09 1.433833734402865413e-02 2.262198882105242959e+01 1.577665938000520117e+13 8.335839927667599582e-06
1.155398400000000000e+22 1.410654130108200695e-26 1.979240124154742126e-11 3.660015003917868180e-09 1.433557994005964405e-02 2.262488957393408739e+01 1.604650869031787891e+13 8.335839927667599582e-06
1.162804799999999948e+22 1.410380383801691699e-26 1.978856040159864899e-11 3.693079119522762321e-09 1.433279803060608266e-02 2.262781704876834965e+01 1.631880879986972461e+13 8.335839927667599582e-06
1.170211200000000105e+22 1.410104231475401931e-26 1.978468580361672342e-11 3.726088887532982751e-09 1.432999167030509294e-02 2.263077121354502808e+01 1.659355577233223438e+13 8.335839927667599582e-06
1.177617600000000052e+22 1.409825678693357405e-26 1.978077752566856937e-11 3.759041946814130496e-09 1.432716091570033698e-02 2.263375203441719208e+01 1.687074549466685547e+13 8.335839927667599582e-06
1.185024000000000000e+22 1.409544731207193148e-26 1.977683564845339105e-11 3.791935973332945685e-09 1.432430582524201086e-02 2.263675947569672431e+01 1.715037368033700195e+13 8.335839927667599582e-06
1.192430399999999948e+22 1.409261394953062935e-26 1.977286025525931931e-11 3.824768680147280883e-09 1.432142645925547561e-02 2.263979349988282053e+01 1.743243587256695898e+13 8.335839927667599582e-06
1.199836799999999895e+22 1.408975676034912602e-26 1.976885143172871214e-11 3.857537817384568337e-09 1.431852287977124216e-02 2.264285406783665522e+01 1.771692744608572266e+13 8.335839927667599582e-06
1.207243200000000052e+22 1.408687580739659594e-26 1.976480926607112455e-11 3.890241172208998275e-09 1.431559515067925073e-02 2.264594113861431524e+01 1.800384361027625000e+13 8.335839927667599582e-06
1.214649600000000000e+22 1.408397115521356216e-26 1.976073384884115889e-11 3.922876568777650213e-09 1.431264333756793010e-02 2.264905466963188019e+01 1.829317941256648438e+13 8.335839927667599582e-06
1.222055999999999948e+22 1.408104286998322937e-26 1.975662527289816567e-11 3.955441868185801423e-09 1.430966750769505080e-02 2.265219461669168055e+01 1.858492974018508594e+13 8.335839927667599582e-06
1.229462400000000105e+22 1.407809101953145804e-26 1.975248363340627905e-11 3.987934968401652460e-09 1.430666772998772512e-02 2.265536093397776085e+01 1.887908932313814453e+13 8.335839927667599582e-06
1.236868800000000052e+22 1.407511567332678736e-26 1.974830902783440720e-11 4.020353804190668261e-09 1.430364407504240362e-02 2.265855357405129311e+01 1.917565273759390234e+13 8.335839927667599582e-06
1.244275200000000000e+22 1.407211690248042953e-26 1.974410155595623228e-11 4.052696347029841695e-09 1.430059661512488207e-02 2.266177248784590148e+01 1.947461440796151562e+13 8.335839927667599582e-06
1.251681599999999948e+22 1.406909477967630545e-26 1.973986131975206349e-11 4.084960605012011936e-09 1.429752542409920904e-02 2.266501762473805570e+01 1.977596860943573828e+13 8.335839927667599582e-06
1.259087999999999895e+22 1.406604937906081629e-26 1.973558842325415436e-11 4.117144622740570982e-09 1.429443057731564527e-02 2.266828893266081124e+01 2.007970947133668750e+13 8.335839927667599582e-06
1.266494400000000052e+22 1.406298077636357275e-26 1.973128297271610668e-11 4.149246481214709717e-09 1.429131215173337806e-02 2.267158635796952382e+01 2.038583097971964453e+13 8.335839927667599582e-06
1.273900800000000000e+22 1.405988904873277130e-26 1.972694507638189009e-11 4.181264297705484753e-09 1.428817022575320540e-02 2.267490984561400680e+01 2.069432697938997266e+13 8.335839927667599582e-06
1.281307199999999948e+22 1.405677427472807980e-26 1.972257484447586736e-11 4.213196225622936821e-09 1.428500487921031611e-02 2.267825933914157233e+01 2.100519117708219922e+13 8.335839927667599582e-06
1.288713600000000105e+22 1.405363653432062029e-26 1.971817238920276214e-11 4.245040454374455947e-09 1.428181619337427592e-02 2.268163478069246608e+01 2.131841714467184375e+13 8.335839927667599582e-06
1.296120000000000052e+22 1.405047590889298911e-26 1.971373782474768156e-11 4.276795209214665544e-09 1.427860425094903268e-02 2.268503611099511019e+01 2.163399832070528516e+13 8.335839927667599582e-06
1.303526400000000000e+22 1.404729248123924534e-26 1.970927126727611300e-11 4.308458751087038826e-09 1.427536913607291985e-02 2.268846326936138880e+01 2.195192801350843750e+13 8.335839927667599582e-06
1.310932799999999948e+22 1.404408633544930146e-26 1.970477283477170942e-11 4.340029376457482480e-09 1.427211093420116018e-02 2.269191619380633895e+01 2.227219940449596484e+13 8.335839927667599582e-06
1.318339199999999895e+22 1.404085755688995645e-26 1.970024264700968715e-11 4.371505417140093550e-09 1.426882973208659991e-02 2.269539482106398154e+01 2.259480554993816406e+13 8.335839927667599582e-06
1.325745600000000052e+22 1.403760623224651729e-26 1.969568082561520348e-11 4.402885240115364166e-09 1.426552561782199954e-02 2.269889908653776800e+01 2.291973938356333594e+13 8.335839927667599582e-06
1.333152000000000000e+22 1.403433244939015129e-26 1.969108749387725397e-11 4.434167247341008642e-09 1.426219868070522680e-02 2.270242892443884841e+01 2.324699371973855078e+13 8.335839927667599582e-06
1.340558399999999948e+22 1.403103629737765068e-26 1.968646277674836547e-11 4.465349875555670212e-09 1.425884901123903800e-02 2.270598426778175849e+01 2.357656125604082422e+13 8.335839927667599582e-06
1.347964800000000105e+22 1.402771786645146997e-26 1.968180680084459613e-11 4.496431596075736520e-09 1.425547670113108852e-02 2.270956504837975132e+01 2.390843457504578906e+13 8.335839927667599582e-06
1.355371200000000052e+22 1.402437724803969436e-26 1.967711969444554186e-11 4.527410914585441711e-09 1.425208184329392405e-02 2.271317119684016461e+01 2.424260614731749609e+13 8.335839927667599582e-06
1.362777600000000000e+22 1.402101453475492910e-26 1.967240158749276275e-11 4.558286370920533884e-09 1.424866453184384096e-02 2.271680264256087867e+01 2.457906833469484766e+13 8.335839927667599582e-06
1.370183999999999948e+22 1.401762982024661081e-26 1.966765261138253877e-11 4.589056538845684929e-09 1.424522486195080144e-02 2.272045931388516493e+01 2.491781339162226953e+13 8.335839927667599582e-06
1.377590399999999895e+22 1.401422319925881505e-26 1.966287289904701752e-11 4.619720025825870208e-09 1.424176292989717298e-02 2.272414113803469604e+01 2.525883346797589453e+13 8.335839927667599582e-06
1.384996800000000052e+22 1.401079476759955455e-26 1.965806258491111353e-11 4.650275472791941442e-09 1.423827883304654499e-02 2.272784804113806700e+01 2.560212061211672266e+13 8.335839927667599582e-06
1.392403200000000000e+22 1.400734462204478243e-26 1.965322180475782976e-11 4.680721553900594602e-09 1.423477266974615754e-02 2.273157994833003315e+01 2.594766677313586719e+13 8.335839927667599582e-06
1.399809599999999948e+22 1.400387286033839509e-26 1.964835069572824785e-11 4.711056976288947915e-09 1.423124453932690658e-02 2.273533678374704436e+01 2.629546380267675391e+13 8.335839927667599582e-06
1.407216000000000105e+22 1.400037958119221495e-26 1.964344939632152169e-11 4.741280479823945006e-09 1.422769454210333698e-02 2.273911847052272250e+01 2.664550345777637109e+13 8.335839927667599582e-06
1.414622400000000052e+22 1.399686488428600769e-26 1.963851804639489354e-11 4.771390836846765192e-09 1.422412277937364772e-02 2.274292493078334587e+01 2.699777740405589062e+13 8.335839927667599582e-06
1.422028800000000000e+22 1.399332887026475302e-26 1.963355678715985869e-11 4.801386851912476659e-09 1.422052935341692852e-02 2.274675608564618301e+01 2.735227721689535938e+13 8.335839927667599582e-06
1.429435199999999948e+22 1.398977164058528514e-26 1.962856576096699826e-11 4.831267361525114494e-09 1.421691436733729490e-02 2.275061185538118380e+01 2.770899438412785547e+13 8.335839927667599582e-06
1.436841599999999895e+22 1.398619329759876673e-26 1.962354511142169407e-11 4.861031233868381286e-09 1.421327792514772391e-02 2.275449215931719849e+01 2.806792030887845312e+13 8.335839927667599582e-06
1.444248000000000052e+22 1.398259394449848052e-26 1.961849498331088757e-11 4.890677368532172118e-09 1.420962013171697853e-02 2.275839691589412084e+01 2.842904631194444141e+13 8.335839927667599582e-06
1.451654400000000000e+22 1.397897368523836829e-26 1.961341552248875770e-11 4.920204696235124951e-09 1.420594109268682841e-02 2.276232604274689919e+01 2.879236363321071875e+13 8.335839927667599582e-06
1.459060799999999948e+22 1.397533262453301652e-26 1.960830687587673380e-11 4.949612178543368467e-09 1.420224091447204635e-02 2.276627945670126252e+01 2.915786343440767969e+13 8.335839927667599582e-06
1.466467200000000105e+22 1.397167086785767365e-26 1.960316919146349558e-11 4.978898807585667533e-09 1.419851970426041186e-02 2.277025707376941099e+01 2.952553680214016016e+13 8.335839927667599582e-06
1.473873600000000052e+22 1.396798852144824143e-26 1.959800261830496027e-11 5.008063605765161509e-09 1.419477757001270934e-02 2.277425880914572431e+01 2.989537474924698438e+13 8.335839927667599582e-06
1.481280000000000000e+22 1.396428569230005239e-26 1.959280730652260555e-11 5.037105625467850916e-09 1.419101462046148433e-02 2.277828457720368505e+01 3.026736821694950781e+13 8.335839927667599582e-06
1.488686399999999948e+22 1.396056248802733567e-26 1.958758340710622258e-11 5.066023948768041723e-09 1.418723096496822718e-02 2.278233429164446022e+01 3.064150807738540234e+13 8.335839927667599582e-06
1.496092799999999895e+22 1.395681901692585174e-26 1.958233107200187179e-11 5.094817687130900304e-09 1.418342671358702699e-02 2.278640786542462138e+01 3.101778513649925781e+13 8.335839927667599582e-06
1.503499200000000052e+22 1.395305538794571478e-26 1.957705045407368713e-11 5.123485981112317562e-09 1.417960197703694442e-02 2.279050521078151448e+01 3.139619013491373438e+13 8.335839927667599582e-06
1.510905600000000000e+22 1.394927171060273991e-26 1.957174170697952760e-11 5.152028000056220391e-09 1.417575686661193442e-02 2.279462623932565535e+01 3.177671375053064844e+13 8.335839927667599582e-06
1.518311999999999948e+22 1.394546809497846037e-26 1.956640498517099984e-11 5.180442941789547163e-09 1.417189149418085319e-02 2.279877086203671155e+01 3.215934660100827344e+13 8.335839927667599582e-06
1.525718400000000105e+22 1.394164465172013041e-26 1.956104044389345169e-11 5.208730032314989841e-09 1.416800597218746162e-02 2.280293898925948781e+01 3.254407924610479297e+13 8.335839927667599582e-06
1.533124800000000052e+22 1.393780149204072243e-26 1.955564823918595279e-11 5.236888525501730167e-09 1.416410041365041839e-02 2.280713053069990082e+01 3.293090218862830078e+13 8.335839927667599582e-06
1.540531200000000000e+22 1.393393872771891260e-26 1.955022852788131397e-11 5.264917702774278310e-09 1.416017493216328166e-02 2.281134539542094330e+01 3.331980587709510938e+13 8.335839927667599582e-06
1.547937599999999948e+22 1.393005647100270813e-26 1.954478146747084646e-11 5.292816872799597585e-09 1.415622964179655795e-02 2.281558349194386537e+01 3.371078070822694531e+13 8.335839927667599582e-06
1.555343999999999895e+22 1.392615483458617848e-26 1.953930721607170114e-11 5.320585371172669118e-09 1.415226465707405089e-02 2.281984472826973231e+01 3.410381702873618359e+13 8.335839927667599582e-06
1.562750400000000052e+22 1.392223393167063782e-26 1.953380593251273384e-11 5.348222560100624654e-09 1.414828009303505107e-02 2.282412901180880382e+01 3.449890513655349219e+13 8.335839927667599582e-06
1.570156800000000000e+22 1.391829387584258426e-26 1.952827777616324010e-11 5.375727828085623707e-09 1.414427606511028772e-02 2.282843624951000194e+01 3.489603528325800781e+13 8.335839927667599582e-06
1.577563199999999948e+22 1.391433478107317461e-26 1.952272290693222176e-11 5.403100589606591688e-09 1.414025268912139262e-02 2.283276634785784864e+01 3.529519767667432812e+13 8.335839927667599582e-06
1.584969600000000105e+22 1.391035676171822726e-26 1.951714148526837720e-11 5.430340284799996014e-09 1.413621008128090190e-02 2.283711921286882429e+01 3.569638248221053906e+13 8.335839927667599582e-06
1.592376000000000052e+22 1.390635993251822219e-26 1.951153367216011757e-11 5.457446379139748719e-09 1.413214835819226120e-02 2.284149475008763019e+01 3.609957982428942188e+13 8.335839927667599582e-06
1.599782400000000000e+22 1.390234440859829523e-26 1.950589962913554733e-11 5.484418363116422504e-09 1.412806763684982397e-02 2.284589286458356838e+01 3.650477978853626562e+13 8.335839927667599582e-06
1.607188799999999948e+22 1.389831030543160717e-26 1.950023951821106279e-11 5.511255751915878658e-09 1.412396803460160347e-02 2.285031346098699245e+01 3.691197242440527344e+13 8.335839927667599582e-06
1.614595199999999895e+22 1.389425773871623827e-26 1.949455350171865874e-11 5.537958085097444174e-09 1.411984966902420091e-02 2.285475644362067627e+01 3.732114774627025781e+13 8.335839927667599582e-06
1.622001600000000052e+22 1.389018682451790351e-26 1.948884174250613522e-11 5.564524926271764601e-09 1.411571265806781106e-02 2.285922171633997024e+01 3.773229573486459375e+13 8.335839927667599582e-06
1.629408000000000000e+22 1.388609767913676242e-26 1.948310440375022260e-11 5.590955862778475750e-09 1.411155711992088078e-02 2.286370918267535757e+01 3.814540633933739844e+13 8.335839927667599582e-06
1.636814399999999948e+22 1.388199041909165490e-26 1.947734164893448679e-11 5.617250505363769518e-09 1.410738317299409413e-02 2.286821874584640923e+01 3.856046947978006250e+13 8.335839927667599582e-06
1.644220800000000105e+22 1.387786516112012140e-26 1.947155364184934539e-11 5.643408487858014304e-09 1.410319093592037748e-02 2.287275030875853687e+01 3.897747504828827344e+13 8.335839927667599582e-06
1.651627200000000052e+22 1.387372202217838559e-26 1.946574054659204186e-11 5.669429466853526805e-09 1.409898052755490135e-02 2.287730377399969228e+01 3.939641291019226562e+13 8.335839927667599582e-06
1.659033600000000000e+22 1.386956111944137168e-26 1.945990252756665839e-11 5.695313121382606848e-09 1.409475206697507685e-02 2.288187904383711668e+01 3.981727290612355469e+13 8.335839927667599582e-06
1.666439999999999948e+22 1.386538257030189217e-26 1.945403974948301417e-11 5.721059152595931227e-09 1.409050567347975257e-02 2.288647602021492133e+01 4.024004485428535938e+13 8.335839927667599582e-06
1.673846399999999895e+22 1.386118649225189025e-26 1.944815237718998192e-11 5.746667283441449628e-09 1.408624146646850379e-02 2.289109460488158021e+01 4.066471855171528906e+13 8.335839927667599582e-06
1.681252800000000052e+22 1.385697300293977671e-26 1.944224057575599592e-11 5.772137258343832295e-09 1.408195956549992620e-02 2.289573469932382466e+01 4.109128377510983594e+13 8.335839927667599582e-06
1.688659200000000000e+22 1.385274222016132962e-26 1.943630451045624034e-11 5.797468842884631542e-09 1.407766009028236717e-02 2.290039620477356763e+01 4.151973028303165625e+13 8.335839927667599582e-06
1.696065599999999948e+22 1.384849426178100851e-26 1.943034434666228207e-11 5.822661823483176157e-09 1.407334316059397766e-02 2.290507902229159143e+01 4.195004781773343750e+13 8.335839927667599582e-06
1.703472000000000105e+22 1.384422924573195725e-26 1.942436024984203515e-11 5.847716007078386450e-09 1.406900889628270174e-02 2.290978305276468419e+01 4.238222610683705469e+13 8.335839927667599582e-06
1.710878400000000052e+22 1.383994729001601266e-26 1.941835238555980922e-11 5.872631220811503340e-09 1.406465741726629567e-02 2.291450819690280483e+01 4.281625486374556250e+13 8.335839927667599582e-06
1.718284800000000000e+22 1.383564851270368731e-26 1.941232091947626756e-11 5.897407311709910971e-09 1.406028884353230542e-02 2.291925435523624799e+01 4.325212378983670312e+13 8.335839927667599582e-06
1.725691199999999948e+22 1.383133303193418383e-26 1.940626601734844321e-11 5.922044146372059487e-09 1.405590329513808391e-02 2.292402142811277699e+01 4.368982257586600781e+13 8.335839927667599582e-06
1.733097599999999895e+22 1.382700096590260110e-26 1.940018784501179629e-11 5.946541610653639318e-09 1.405150089219778242e-02 2.292880931570897474e+01 4.412934090409698438e+13 8.335839927667599582e-06
1.740504000000000052e+22 1.382265243273201604e-26 1.939408656820074808e-11 5.970899609355023545e-09 1.404708175475236596e-02 2.293361791816890971e+01 4.457066844852889844e+13 8.335839927667599582e-06
1.747910400000000000e+22 1.381828755060190975e-26 1.938796235272884487e-11 5.995118065910120603e-09 1.404264600290011655e-02 2.293844713545961866e+01 4.501379487669684375e+13 8.335839927667599582e-06
1.755316799999999948e+22 1.381390643766052492e-26 1.938181536436580851e-11 6.019196922076653045e-09 1.403819375670757770e-02 2.294329686746534946e+01 4.545870985091896094e+13 8.335839927667599582e-06
1.762723200000000105e+22 1.380950921199133728e-26 1.937564576879049381e-11 6.043136137627982303e-09 1.403372513617546363e-02 2.294816701402223202e+01 4.590540303057273438e+13 8.335839927667599582e-06
1.770129600000000052e+22 1.380509599161304119e-26 1.936945373159084644e-11 6.066935690046518333e-09 1.402924026123866276e-02 2.295305747491585180e+01 4.635386407266417969e+13 8.335839927667599582e-06
1.777536000000000000e+22 1.380066689447955831e-26 1.936323941826395471e-11 6.090595574218791061e-09 1.402473925176623767e-02 2.295796814987886236e+01 4.680408263262269531e+13 8.335839927667599582e-06
1.784942399999999948e+22 1.379622203848003758e-26 1.935700299421601078e-11 6.114115802132263047e-09 1.402022222756142515e-02 2.296289893858860509e+01 4.725604836618682031e+13 8.335839927667599582e-06
1.792348799999999895e+22 1.379176154143885520e-26 1.935074462476232355e-11 6.137496402573919758e-09 1.401568930836163789e-02 2.296784974066471818e+01 4.770975093076860156e+13 8.335839927667599582e-06
1.799755200000000052e+22 1.378728552110036710e-26 1.934446447510594769e-11 6.160737420830718517e-09 1.401114061382296994e-02 2.297282045568372766e+01 4.816517998704585156e+13 8.335839927667599582e-06
1.807161600000000000e+22 1.378279409501353770e-26 1.933816271017576628e-11 6.183838918391947413e-09 1.400657626340294851e-02 2.297781098330496263e+01 4.862232519907809375e+13 8.335839927667599582e-06
1.814567999999999948e+22 1.377828738065943055e-26 1.933183949480541386e-11 6.206800972653552071e-09 1.400199637649010564e-02 2.298282122312681608e+01 4.908117623606964062e+13 8.335839927667599582e-06
1.821974400000000105e+22 1.377376549536381252e-26 1.932549499361062101e-11 6.229623676624469992e-09 1.399740107231514478e-02 2.298785107478169110e+01 4.954172277327164844e+13 8.335839927667599582e-06
1.829380800000000052e+22 1.376922855627107536e-26 1.931912937095263751e-11 6.252307138635045252e-09 1.399279046992445673e-02 2.299290043796296956e+01 5.000395449406381250e+13 8.335839927667599582e-06
1.836787200000000000e+22 1.376467668034423573e-26 1.931274279093824200e-11 6.274851482047560779e-09 1.398816468818010923e-02 2.299796921242307590e+01 5.046786109044996875e+13 8.335839927667599582e-06
1.844193599999999948e+22 1.376010998436493805e-26 1.930633541741972261e-11 6.297256844968933716e-09 1.398352384575985048e-02 2.300305729797153376e+01 5.093343226350391406e+13 8.335839927667599582e-06
1.851599999999999895e+22 1.375552858493344874e-26 1.929990741399489957e-11 6.319523379965623483e-09 1.397886806115711429e-02 2.300816459447303330e+01 5.140065772522212500e+13 8.335839927667599582e-06
1.859006400000000052e+22 1.375093259846867064e-26 1.929345894400709935e-11 6.341651253780779020e-09 1.397419745268101490e-02 2.301329100184555188e+01 5.186952719930295312e+13 8.335839927667599582e-06
1.866412800000000000e+22 1.374632214120498895e-26 1.928699017054079583e-11 6.363640647053702971e-09 1.396951213845316550e-02 2.301843642006192781e+01 5.234003042296888281e+13 8.335839927667599582e-06
1.873819199999999948e+22 1.374169732908873252e-26 1.928050125627626885e-11 6.385491754041627821e-09 1.396481223630243081e-02 2.302360074926370714e+01 5.281215714707291406e+13 8.335839927667599582e-06
1.881225600000000105e+22 1.373705827786374150e-26 1.927399236360971015e-11 6.407204782343865230e-09 1.396009786385191478e-02 2.302878388966390943e+01 5.328589713693895312e+13 8.335839927667599582e-06
1.888632000000000052e+22 1.373240510303942876e-26 1.926746365460839087e-11 6.428779952628360800e-09 1.395536913848647968e-02 2.303398574158102718e+01 5.376124017380853125e+13 8.335839927667599582e-06
1.896038400000000000e+22 1.372773791984417330e-26 1.926091529094527227e-11 6.450217498360674967e-09 1.395062617730538808e-02 2.303920620548946729e+01 5.423817605583610156e+13 8.335839927667599582e-06
1.903444799999999948e+22 1.372305684322530595e-26 1.925434743389898631e-11 6.471517665535444601e-09 1.394586909712229768e-02 2.304444518201809444e+01 5.471669459946361719e+13 8.335839927667599582e-06
1.910851199999999895e+22 1.371836198784912657e-26 1.924776024435385831e-11 6.492680712410317057e-09 1.394109801446526999e-02 2.304970257194870342e+01 5.519678563943055469e+13 8.335839927667599582e-06
1.918257599999999843e+22 1.371365346810089257e-26 1.924115388279990047e-11 6.513706909242426146e-09 1.393631304557675990e-02 2.305497827621458384e+01 5.567843902980749219e+13 8.335839927667599582e-06
1.925663999999999790e+22 1.370893139808482752e-26 1.923452850933280862e-11 6.534596538027403419e-09 1.393151430641362785e-02 2.306027219589905641e+01 5.616164464506218750e+13 8.335839927667599582e-06
1.933070400000000157e+22 1.370419589162411543e-26 1.922788428365396226e-11 6.555349892240966115e-09 1.392670191264712767e-02 2.306558423223405541e+01 5.664639238117172656e+13 8.335839927667599582e-06
1.940476800000000105e+22 1.369944706223108573e-26 1.922122136502859373e-11 6.575967276583080124e-09 1.392187597963261310e-02 2.307091428663218480e+01 5.713267215673067969e+13 8.335839927667599582e-06
1.947883200000000052e+22 1.369468502303947319e-26 1.921453991219074329e-11 6.596449006724765791e-09 1.391703662234070223e-02 2.307626226076149578e+01 5.762047391295131250e+13 8.335839927667599582e-06
1.955289600000000000e+22 1.368990988691218968e-26 1.920784008349446182e-11 6.616795409057506860e-09 1.391218395546678019e-02 2.308162805642334447e+01 5.810978761455531250e+13 8.335839927667599582e-06
1.962695999999999948e+22 1.368512176635574210e-26 1.920112203679375663e-11 6.637006820445318800e-09 1.390731809334405482e-02 2.308701157564718898e+01 5.860060325084712500e+13 8.335839927667599582e-06
1.970102399999999895e+22 1.368032077351273637e-26 1.919438592943204486e-11 6.657083587979484793e-09 1.390243914993591692e-02 2.309241272069795770e+01 5.909291083653502344e+13 8.335839927667599582e-06
1.977508799999999843e+22 1.367550702016188596e-26 1.918763191824217290e-11 6.677026068735962680e-09 1.389754723883595243e-02 2.309783139407500840e+01 5.958670041290853125e+13 8.335839927667599582e-06
1.984915200000000210e+22 1.367068061771799185e-26 1.918086015954640987e-11 6.696834629535486874e-09 1.389264247326793891e-02 2.310326749851108019e+01 6.008196204784114062e+13 8.335839927667599582e-06
1.992321600000000157e+22 1.366584167723196261e-26 1.917407080915645415e-11 6.716509646706366041e-09 1.388772496608583866e-02 2.310872093697130225e+01 6.057868583628699219e+13 8.335839927667599582e-06
1.999728000000000105e+22 1.366099030939080578e-26 1.916726402237341717e-11 6.736051505849998909e-09 1.388279482977381254e-02 2.311419161265217070e+01 6.107686190164217969e+13 8.335839927667599582e-06
2.007134400000000052e+22 1.365612662451761928e-26 1.916043995398783962e-11 6.755460601609113971e-09 1.387785217644620442e-02 2.311967942898062489e+01 6.157648039598214844e+13 8.335839927667599582e-06
2.014540800000000000e+22 1.365125073253904717e-26 1.915359875823400258e-11 6.774737337438723179e-09 1.387289711781446513e-02 2.312518428964980899e+01 6.207753150151387500e+13 8.335839927667599582e-06
2.021947199999999948e+22 1.364636274293987277e-26 1.914674058872621528e-11 6.793882125379816904e-09 1.386792976514100890e-02 2.313070609866958804e+01 6.258000543063485938e+13 8.335839927667599582e-06
2.029353599999999895e+22 1.364146276485244061e-26 1.913986559858432036e-11 6.812895385835807624e-09 1.386295022933009373e-02 2.313624476026478760e+01 6.308389242603720312e+13 8.335839927667599582e-06
2.036759999999999843e+22 1.363655090698276326e-26 1.913297394032995377e-11 6.831777547351686766e-09 1.385795862085271307e-02 2.314180017895784403e+01 6.358918276210774219e+13 8.335839927667599582e-06
2.044166399999999790e+22 1.363162727760656382e-26 1.912606576588106146e-11 6.850529046395961691e-09 1.385295504974259906e-02 2.314737225957263078e+01 6.409586674489527344e+13 8.335839927667599582e-06
2.051572800000000157e+22 1.362669198456930461e-26 1.911914122655188005e-11 6.869150327145310810e-09 1.384793962559622595e-02 2.315296090723380473e+01 6.460393471351853906e+13 8.335839927667599582e-06
2.058979200000000105e+22 1.362174513528617569e-26 1.911220047305296260e-11 6.887641841271982445e-09 1.384291245757281706e-02 2.315856602736619863e+01 6.511337704052816406e+13 8.335839927667599582e-06
2.066385600000000052e+22 1.361678683674209485e-26 1.910524365549114638e-11 6.906004047733967233e-09 1.383787365439432919e-02 2.316418752569425976e+01 6.562418413190688281e+13 8.335839927667599582e-06
2.073792000000000000e+22 1.361181719549170766e-26 1.909827092336958187e-11 6.924237412567885337e-09 1.383282332434546819e-02 2.316982530824145314e+01 6.613634642757741406e+13 8.335839927667599582e-06
2.081198399999999948e+22 1.360683631765938164e-26 1.909128242558770698e-11 6.942342408684618237e-09 1.382776157527367510e-02 2.317547928132973922e+01 6.664985440246275000e+13 8.335839927667599582e-06
2.088604799999999895e+22 1.360184430893297589e-26 1.908427831043251313e-11 6.960319515667680980e-09 1.382268851458278922e-02 2.318114935158613221e+01 6.716469856651071094e+13 8.335839927667599582e-06
2.096011199999999843e+22 1.359684127449486396e-26 1.907725872548174901e-11 6.978169219574320806e-09 1.381760424916296526e-02 2.318683542602062531e+01 6.768086946593401562e+13 8.335839927667599582e-06
2.103417600000000210e+22 1.359182731910338335e-26 1.907022381771822656e-11 6.995892012739352096e-09 1.381250888547342834e-02 2.319253741193333340e+01 6.819835768324879688e+13 8.335839927667599582e-06
2.110824000000000157e+22 1.358680254705560482e-26 1.906317373347757293e-11 7.013488393581682134e-09 1.380740252950465874e-02 2.319825521695635473e+01 6.871715383727449219e+13 8.335839927667599582e-06
2.118230400000000105e+22 1.358176706216802971e-26 1.905610861842112410e-11 7.030958866413573184e-09 1.380228528675874963e-02 2.320398874907546372e+01 6.923724858392342188e+13 8.335839927667599582e-06
2.125636800000000052e+22 1.357672096777655267e-26 1.904902861753591846e-11 7.048303941252603660e-09 1.379715726224940014e-02 2.320973791662986585e+01 6.975863261667275000e+13 8.335839927667599582e-06
2.133043200000000000e+22 1.357166436673649316e-26 1.904193387513470325e-11 7.065524133636298600e-09 1.379201856050192056e-02 2.321550262831198097e+01 7.028129666692356250e+13 8.335839927667599582e-06
2.140449599999999948e+22 1.356659736142257830e-26 1.903482453485592491e-11 7.082619964439475783e-09 1.378686928555323057e-02 2.322128279316723720e+01 7.080523150487653125e+13 8.335839927667599582e-06
2.147855999999999895e+22 1.356152005372895143e-26 1.902770073966373870e-11 7.099591959694228892e-09 1.378170954095186106e-02 2.322707832059387911e+01 7.133042793953228125e+13 8.335839927667599582e-06
2.155262399999999843e+22 1.355643254506916927e-26 1.902056263184799907e-11 7.116440650412607290e-09 1.377653942975795055e-02 2.323288912034282916e+01 7.185687681869139062e+13 8.335839927667599582e-06
2.162668799999999790e+22 1.355133493637619042e-26 1.901341035302426932e-11 7.133166572411917126e-09 1.377135905454324703e-02 2.323871510251753136e+01 7.238456902959509375e+13 8.335839927667599582e-06
2.170075200000000157e+22 1.354622732809565130e-26 1.900624404412434458e-11 7.149770266142661977e-09 1.376616851738425053e-02 2.324455617758157189e+01 7.291349549943196875e+13 8.335839927667599582e-06
2.177481600000000105e+22 1.354110982013327023e-26 1.899906384532249703e-11 7.166252276519113103e-09 1.376096791980878538e-02 2.325041225641876252e+01 7.344364719542098438e+13 8.335839927667599582e-06
2.184888000000000052e+22 1.353598251192363794e-26 1.899186989613196520e-11 7.182613152752496889e-09 1.375575736286589572e-02 2.325628325025451915e+01 7.397501512569376562e+13 8.335839927667599582e-06
2.192294400000000000e+22 1.353084550239805795e-26 1.898466233535984681e-11 7.198853448186739112e-09 1.375053694709316848e-02 2.326216907069262163e+01 7.450759033929850000e+13 8.335839927667599582e-06
2.199700799999999948e+22 1.352569888997249029e-26 1.897744130109018033e-11 7.214973720136831371e-09 1.374530677250447759e-02 2.326806962972908721e+01 7.504136392619992188e+13 8.335839927667599582e-06
2.207107199999999895e+22 1.352054277254753427e-26 1.897020693068391912e-11 7.230974529729733643e-09 1.374006693858997180e-02 2.327398483975229482e+01 7.557632701748482812e+13 8.335839927667599582e-06
2.214513599999999843e+22 1.351537724750843997e-26 1.896295936077894435e-11 7.246856441747826221e-09 1.373481754431608165e-02 2.327991461354312719e+01 7.611247078629221875e+13 8.335839927667599582e-06
2.221920000000000210e+22 1.351020241172511396e-26 1.895569872729007797e-11 7.262620024474901920e-09 1.372955868812552292e-02 2.328585886427511298e+01 7.664978644732810938e+13 8.335839927667599582e-06
2.229326400000000157e+22 1.350501836155209923e-26 1.894842516540905356e-11 7.278265849544650570e-09 1.372429046793728624e-02 2.329181750551459373e+01 7.718826525782856250e+13 8.335839927667599582e-06
2.236732800000000105e+22 1.349982519282858955e-26 1.894113880960453901e-11 7.293794491791668080e-09 1.371901298114664748e-02 2.329779045122094772e+01 7.772789851767662500e+13 8.335839927667599582e-06
2.244139200000000052e+22 1.349462300087843229e-26 1.893383979362213649e-11 7.309206529104904015e-09 1.371372632462515735e-02 2.330377761574678885e+01 7.826867756940217188e+13 8.335839927667599582e-06
2.251545600000000000e+22 1.348941188051011702e-26 1.892652825048435659e-11 7.324502542283612232e-09 1.370843059472065355e-02 2.330977891383820833e+01 7.881059379818198438e+13 8.335839927667599582e-06
2.258951999999999948e+22 1.348419192600164839e-26 1.891920431246942508e-11 7.339683114895691234e-09 1.370312588724187028e-02 2.331579426065246707e+01 7.935363863225498438e+13 8.335839927667599582e-06
2.266358399999999895e+22 1.347896323108225947e-26 1.891186811108558213e-11 7.354748833138487875e-09 1.369781229743985765e-02 2.332182357177945775e+01 7.989780354336812500e+13 8.335839927667599582e-06
2.273764799999999843e+22 1.347372588897534478e-26 1.890451977713136634e-11 7.369700285701972584e-09 1.369248992005162036e-02 2.332786676319253161e+01 8.044308004650834375e+13 8.335839927667599582e-06
2.281171199999999790e+22 1.346847999237061409e-26 1.889715944065650133e-11 7.384538063634315899e-09 1.368715884927180874e-02 2.333392375128096319e+01 8.098945970063156250e+13 8.335839927667599582e-06
2.288577600000000157e+22 1.346322563342277227e-26 1.888978723096008314e-11 7.399262760209806749e-09 1.368181917875138306e-02 2.333999445285189012e+01 8.153693410867532812e+13 8.335839927667599582e-06
2.295984000000000105e+22 1.345796290375151353e-26 1.888240327659053813e-11 7.413874970799124893e-09 1.367647100159760827e-02 2.334607878513074297e+01 8.208549491755878125e+13 8.335839927667599582e-06
2.303390400000000052e+22 1.345269189444153006e-26 1.887500770534564567e-11 7.428375292741919531e-09 1.367111441037405402e-02 2.335217666576170359e+01 8.263513381818273438e+13 8.335839927667599582e-06
2.310796800000000000e+22 1.344741269604249194e-26 1.886760064427253487e-11 7.442764325221705688e-09 1.366574949710059120e-02 2.335828801280817046e+01 8.318584254562521875e+13 8.335839927667599582e-06
2.318203199999999948e+22 1.344212539856907867e-26 1.886018221966768781e-11 7.457042669143008864e-09 1.366037635325340234e-02 2.336441274475326679e+01 8.373761287970164062e+13 8.335839927667599582e-06
2.325609599999999895e+22 1.343683009150094478e-26 1.885275255707692664e-11 7.471210927010796015e-09 1.365499506976497121e-02 2.337055078050033430e+01 8.429043664448370312e+13 8.335839927667599582e-06
2.333015999999999843e+22 1.343152686378274851e-26 1.884531178129542326e-11 7.485269702812123380e-09 1.364960573702408801e-02 2.337670203937349100e+01 8.484430570889812500e+13 8.335839927667599582e-06
2.340422400000000210e+22 1.342621580382413458e-26 1.883786001636770578e-11 7.499219601899987914e-09 1.364420844487584765e-02 2.338286644111816415e+01 8.539921198677646875e+13 8.335839927667599582e-06
2.347828800000000157e+22 1.342089699949967392e-26 1.883039738558755188e-11 7.513061230879390604e-09 1.363880328262158381e-02 2.338904390590174742e+01 8.595514743685496875e+13 8.335839927667599582e-06
2.355235200000000105e+22 1.341557053813790657e-26 1.882292401148261493e-11 7.526795197495543008e-09 1.363339033900773031e-02 2.339523435432693788e+01 8.651210406277476562e+13 8.335839927667599582e-06
2.362641600000000052e+22 1.341023650652222847e-26 1.881544001581569053e-11 7.540422110524250935e-09 1.362796970222672835e-02 2.340143770743135576e+01 8.707007391308181250e+13 8.335839927667599582e-06
2.370048000000000000e+22 1.340489499089987695e-26 1.880794551959729557e-11 7.553942579664380968e-09 1.362254145992615462e-02 2.340765388667774971e+01 8.762904908142839062e+13 8.335839927667599582e-06
2.377454399999999948e+22 1.339954607697844101e-26 1.880044064308078905e-11 7.567357215432461105e-09 1.361710569920517901e-02 2.341388281395871118e+01 8.818902170684075000e+13 8.335839927667599582e-06
2.384860799999999895e+22 1.339418984992586421e-26 1.879292550576238188e-11 7.580666629059342744e-09 1.361166250661455940e-02 2.342012441159737435e+01 8.874998397341562500e+13 8.335839927667599582e-06
2.392267199999999843e+22 1.338882639437044461e-26 1.878540022638111418e-11 7.593871432388917379e-09 1.360621196815664687e-02 2.342637860234811598e+01 8.931192811062412500e+13 8.335839927667599582e-06
2.399673599999999790e+22 1.338345579440083196e-26 1.877786492291886501e-11 7.606972237778864851e-09 1.360075416928538568e-02 2.343264530939728374e+01 8.987484639331981250e+13 8.335839927667599582e-06
2.407080000000000157e+22 1.337807813356603054e-26 1.877031971260035560e-11 7.619969658003429851e-09 1.359528919490630636e-02 2.343892445636392807e+01 9.043873114173881250e+13 8.335839927667599582e-06
2.414486400000000105e+22 1.337269349487539629e-26 1.876276471189316226e-11 7.632864306158138981e-09 1.358981712937653782e-02 2.344521596730058377e+01 9.100357472149957812e+13 8.335839927667599582e-06
2.421892800000000052e+22 1.336730196079864256e-26 1.875520003650767762e-11 7.645656795566544413e-09 1.358433805650479526e-02 2.345151976669404448e+01 9.156936954360318750e+13 8.335839927667599582e-06
2.429299200000000000e+22 1.336190361326582862e-26 1.874762580139714941e-11 7.658347739688843596e-09 1.357885205955138702e-02 2.345783577946615495e+01 9.213610806443315625e+13 8.335839927667599582e-06
2.436705599999999948e+22 1.335649853366737690e-26 1.874004212075767074e-11 7.670937752032461026e-09 1.357335922122821469e-02 2.346416393097463882e+01 9.270378278573660938e+13 8.335839927667599582e-06
2.444111999999999895e+22 1.335108680285405575e-26 1.873244910802815428e-11 7.683427446064499455e-09 1.356785962369876780e-02 2.347050414701392995e+01 9.327238625487740625e+13 8.335839927667599582e-06
2.451518399999999843e+22 1.334566850113709135e-26 1.872484687589052611e-11 7.695817435126070445e-09 1.356235334857823667e-02 2.347685635381590430e+01 9.384191106473623438e+13 8.335839927667599582e-06
2.458924800000000210e+22 1.334024370830305659e-26 1.871723553629055710e-11 7.708108332348476162e-09 1.355684047694863219e-02 2.348322047803328516e+01 9.441234985352178125e+13 8.335839927667599582e-06
2.466331200000000157e+22 1.333481250359100973e-26 1.870961520040584847e-11 7.720300750571202683e-09 1.355132108933556831e-02 2.348959644676732594e+01 9.498369530477006250e+13 8.335839927667599582e-06
2.473737600000000105e+22 1.332937496569552210e-26 1.870198597865002580e-11 7.732395302261728151e-09 1.354579526571132730e-02 2.349598418756516338e+01 9.555594014734459375e+13 8.335839927667599582e-06
2.481144000000000052e+22 1.332393117278112788e-26 1.869434798069305345e-11 7.744392599437097776e-09 1.354026308550954592e-02 2.350238362840380901e+01 9.612907715543628125e+13 8.335839927667599582e-06
2.488550400000000000e+22 1.331848120248232979e-26 1.868670131546122166e-11 7.756293253587262395e-09 1.353472462762523275e-02 2.350879469769101249e+01 9.670309914856346875e+13 8.335839927667599582e-06
2.495956799999999948e+22 1.331302513190360199e-26 1.867904609113716589e-11 7.768097875600145830e-09 1.352917997041475431e-02 2.351521732426620304e+01 9.727799899157190625e+13 8.335839927667599582e-06
2.503363199999999895e+22 1.330756303761938149e-26 1.867138241515982807e-11 7.779807075688426171e-09 1.352362919169583684e-02 2.352165143740143449e+01 9.785376959463478125e+13 8.335839927667599582e-06
2.510769599999999843e+22 1.330209499567407956e-26 1.866371039422449539e-11 7.791421463317984655e-09 1.351807236874757318e-02 2.352809696680233031e+01 9.843040391309718750e+13 8.335839927667599582e-06
2.518175999999999790e+22 1.329662108158207320e-26 1.865603013428278734e-11 7.802941647138056876e-09 1.351250957831041932e-02 2.353455384260904282e+01 9.900789494711487500e+13 8.335839927667599582e-06
2.525582400000000157e+22 1.329114137032770795e-26 1.864834174054264926e-11 7.814368234912977155e-09 1.350694089658619271e-02 2.354102199539727636e+01 9.958623574235323438e+13 8.335839927667599582e-06
2.532988800000000105e+22 1.328565593636529507e-26 1.864064531746836206e-11 7.825701833455585533e-09 1.350136639923806871e-02 2.354750135617927498e+01 1.001654193892917969e+14 8.335839927667599582e-06
2.540395200000000052e+22 1.328016485361912296e-26 1.863294096878053250e-11 7.836943048562196488e-09 1.349578616139059453e-02 2.355399185640485271e+01 1.007454390231520312e+14 8.335839927667599582e-06
2.547801600000000000e+22 1.327466819548343426e-26 1.862522879745609317e-11 7.848092484949167417e-09 1.349020025762967014e-02 2.356049342796241675e+01 1.013262878238972344e+14 8.335839927667599582e-06
2.555207999999999948e+22 1.326916603482265541e-26 1.861750890572861921e-11 7.859150746190994092e-09 1.348460876200277547e-02 2.356700600317980232e+01 1.019079590162325625e+14 8.335839927667599582e-06
2.562614399999999895e+22 1.326365844401652806e-26 1.860978139515160433e-11 7.870118434659969490e-09 1.347901174806482617e-02 2.357352951477185599e+01 1.024904458696050000e+14 8.335839927667599582e-06
2.570020799999999843e+22 1.325814549490323131e-26 1.860204636651873483e-11 7.880996151467308384e-09 1.347340928882039858e-02 2.358006389590874718e+01 1.030737416982034219e+14 8.335839927667599582e-06
2.577427200000000210e+22 1.325262725877308817e-26 1.859430391985500716e-11 7.891784496405790642e-09 1.346780145671730954e-02 2.358660908022462621e+01 1.036578398607779375e+14 8.335839927667599582e-06
2.584833600000000157e+22 1.324710380640860287e-26 1.858655415447289533e-11 7.902484067893848778e-09 1.346218832368730779e-02 2.359316500177126841e+01 1.042427337599697031e+14 8.335839927667599582e-06
2.592240000000000105e+22 1.324157520808443227e-26 1.857879716897235098e-11 7.913095462921111346e-09 1.345656996114605493e-02 2.359973159501913997e+01 1.048284168433520000e+14 8.335839927667599582e-06
2.599646400000000052e+22 1.323604153356741160e-26 1.857103306124080657e-11 7.923619276995350881e-09 1.345094643999314443e-02 2.360630879485845668e+01 1.054148826024488281e+14 8.335839927667599582e-06
2.607052800000000000e+22 1.323050285211653442e-26 1.856326192845318190e-11 7.934056104090849634e-09 1.344531783061208609e-02 2.361289653660023902e+01 1.060021245725876250e+14 8.335839927667599582e-06
2.614459199999999948e+22 1.322495923248297555e-26 1.855548386707186140e-11 7.944406536598126842e-09 1.343968420287031812e-02 2.361949475597742776e+01 1.065901363328993438e+14 8.335839927667599582e-06
2.621865599999999895e+22 1.321941074291006815e-26 1.854769897284672006e-11 7.954671165275029192e-09 1.343404562611919852e-02 2.362610338914597108e+01 1.071789115063184375e+14 8.335839927667599582e-06
2.629271999999999843e+22 1.321385745113332376e-26 1.853990734081511047e-11 7.964850579199156356e-09 1.342840216919401197e-02 2.363272237268596854e+01 1.077684437595827812e+14 8.335839927667599582e-06
2.636678399999999790e+22 1.320829942438040938e-26 1.853210906530185314e-11 7.974945365721613322e-09 1.342275390041396121e-02 2.363935164360277241e+01 1.083587268032337812e+14 8.335839927667599582e-06
2.644084800000000157e+22 1.320273672937116755e-26 1.852430423991926879e-11 7.984956110422025006e-09 1.341710088758217567e-02 2.364599113932818497e+01 1.089497543914489375e+14 8.335839927667599582e-06
2.651491200000000105e+22 1.319716943231761634e-26 1.851649295756713314e-11 7.994883397064859458e-09 1.341144319798570975e-02 2.365264079772156336e+01 1.095415203210486719e+14 8.335839927667599582e-06
2.658897600000000052e+22 1.319159759892392924e-26 1.850867531043271891e-11 8.004727807556995152e-09 1.340578089839553587e-02 2.365930055707106305e+01 1.101340184327191250e+14 8.335839927667599582e-06
2.666304000000000000e+22 1.318602129438645820e-26 1.850085138999077640e-11 8.014489921906499272e-09 1.340011405506655491e-02 2.366597035609478894e+01 1.107272426099824375e+14 8.335839927667599582e-06
2.673710399999999948e+22 1.318044058339373925e-26 1.849302128700354323e-11 8.024170318182656681e-09 1.339444273373760659e-02 2.367265013394199613e+01 1.113211867789667656e+14 8.335839927667599582e-06
2.681116799999999895e+22 1.317485553020468194e-26 1.848518509163050408e-11 8.033769572477158615e-09 1.338876699971093542e-02 2.367933983010062704e+01 1.119158449084062656e+14 8.335839927667599582e-06
2.688523199999999843e+22 1.316926619857423128e-26 1.847734289332399790e-11 8.043288258866497396e-09 1.338308691777662617e-02 2.368603938448737267e+01 1.125112110096411562e+14 8.335839927667599582e-06
2.695929600000000210e+22 1.316367265170536077e-26 1.846949478076195135e-11 8.052726949375467909e-09 1.337740255216384594e-02 2.369274873750646293e+01 1.131072791366176875e+14 8.335839927667599582e-06
2.703336000000000157e+22 1.315807495232695178e-26 1.846164084195708599e-11 8.062086213941873471e-09 1.337171396661995630e-02 2.369946782995766554e+01 1.137040433858880000e+14 8.335839927667599582e-06
2.710742400000000105e+22 1.315247316269376486e-26 1.845378116425690539e-11 8.071366620382278886e-09 1.336602122441051151e-02 2.370619660303740162e+01 1.143014978959983906e+14 8.335839927667599582e-06
2.718148800000000052e+22 1.314686734458645977e-26 1.844591583434372096e-11 8.080568734358909997e-09 1.336032438831926197e-02 2.371293499833991802e+01 1.148996368472134688e+14 8.335839927667599582e-06
2.725555200000000000e+22 1.314125755931158407e-26 1.843804493823464229e-11 8.089693119347602083e-09 1.335462352064814909e-02 2.371968295785842429e+01 1.154984544621662969e+14 8.335839927667599582e-06
2.732961599999999948e+22 1.313564386770157309e-26 1.843016856128155447e-11 8.098740336606821953e-09 1.334891868321730519e-02 2.372644042398628628e+01 1.160979450047600312e+14 8.335839927667599582e-06
2.740367999999999895e+22 1.313002633011476140e-26 1.842228678817115045e-11 8.107710945147738890e-09 1.334320993736506401e-02 2.373320733951820216e+01 1.166981027801511562e+14 8.335839927667599582e-06
2.747774399999999843e+22 1.312440500643536849e-26 1.841439970292491812e-11 8.116605501705299801e-09 1.333749734394794502e-02 2.373998364765141389e+01 1.172989221347495938e+14 8.335839927667599582e-06
2.755180799999999790e+22 1.311877995607350734e-26 1.840650738889912734e-11 8.125424560710315186e-09 1.333178096334066212e-02 2.374676929198691155e+01 1.179003974562186250e+14 8.335839927667599582e-06
2.762587200000000157e+22 1.311315123796518158e-26 1.839860992878486552e-11 8.134168674262560870e-09 1.332606085543612713e-02 2.375356421653066263e+01 1.185025231734749375e+14 8.335839927667599582e-06
2.769993600000000105e+22 1.310751891057228549e-26 1.839070740460798269e-11 8.142838392104799574e-09 1.332033707964544109e-02 2.376036836569485899e+01 1.191052937564720781e+14 8.335839927667599582e-06
2.777400000000000052e+22 1.310188303188260685e-26 1.838279989772915610e-11 8.151434261597801715e-09 1.331460969489790119e-02 2.376718168429915323e+01 1.197087037151327188e+14 8.335839927667599582e-06
2.784806400000000000e+22 1.309624365940982409e-26 1.837488748884382885e-11 8.159956827696276102e-09 1.330887875964099562e-02 2.377400411757194121e+01 1.203127476005642812e+14 8.335839927667599582e-06
2.792212799999999948e+22 1.309060085019350053e-26 1.836697025798225836e-11 8.168406632925723768e-09 1.330314433184040697e-02 2.378083561115162681e+01 1.209174200038709219e+14 8.335839927667599582e-06
2.799619199999999895e+22 1.308495466079910162e-26 1.835904828450949049e-11 8.176784217360203360e-09 1.329740646898001054e-02 2.378767611108791158e+01 1.215227155559434062e+14 8.335839927667599582e-06
2.807025599999999843e+22 1.307930514739731210e-26 1.835112164723666706e-11 8.185090118600970020e-09 1.329166522814249907e-02 2.379452556374687688e+01 1.221286289274589844e+14 8.335839927667599582e-06
2.814432000000000210e+22 1.307365236572979284e-26 1.834319042437300089e-11 8.193324871755992744e-09 1.328592066597457724e-02 2.380138391585352053e+01 1.227351548288815000e+14 8.335839927667599582e-06
2.821838400000000157e+22 1.306799637100501931e-26 1.833525469337959427e-11 8.201489009420305531e-09 1.328017283858110367e-02 2.380825111461941646e+01 1.233422880104612500e+14 8.335839927667599582e-06
2.829244800000000105e+22 1.306233721799592563e-26 1.832731453110645688e-11 8.209583061657228729e-09 1.327442180162432053e-02 2.381512710762559593e+01 1.239500232621627969e+14 8.335839927667599582e-06
2.836651200000000052e+22 1.305667496104024327e-26 1.831937001379299046e-11 8.217607555980381167e-09 1.326866761032420919e-02 2.382201184282332562e+01 1.245583554124505312e+14 8.335839927667599582e-06
2.844057600000000000e+22 1.305100965404052110e-26 1.831142121706799208e-11 8.225563017336502920e-09 1.326291031945849713e-02 2.382890526853529423e+01 1.251672793293650312e+14 8.335839927667599582e-06
2.851463999999999948e+22 1.304534135046410820e-26 1.830346821594966379e-11 8.233449968089075481e-09 1.325714998336265105e-02 2.383580733345679192e+01 1.257767899196430625e+14 8.335839927667599582e-06
2.858870399999999895e+22 1.303967010334317391e-26 1.829551108484560617e-11 8.241268928002722788e-09 1.325138665592988374e-02 2.384271798665694675e+01 1.263868821282562500e+14 8.335839927667599582e-06
2.866276799999999843e+22 1.303399596527468777e-26 1.828754989755281837e-11 8.249020414228348440e-09 1.324562039061115068e-02 2.384963717757993251e+01 1.269975509384110469e+14 8.335839927667599582e-06
2.873683199999999790e+22 1.302831898842043101e-26 1.827958472725768189e-11 8.256704941289030618e-09 1.323985124041514652e-02 2.385656485604620869e+01 1.276087913715487812e+14 8.335839927667599582e-06
2.881089600000000157e+22 1.302263922450699077e-26 1.827161564653599939e-11 8.264323021066656499e-09 1.323407925790831031e-02 2.386350097225376388e+01 1.282205984873456250e+14 8.335839927667599582e-06
2.888496000000000105e+22 1.301695672482576587e-26 1.826364272735295915e-11 8.271875162789259773e-09 1.322830449521482897e-02 2.387044547677936279e+01 1.288329673836959688e+14 8.335839927667599582e-06
2.895902400000000052e+22 1.301127154023296393e-26 1.825566604106314474e-11 8.279361873019043069e-09 1.322252700401662338e-02 2.387739832057982525e+01 1.294458931955609062e+14 8.335839927667599582e-06
2.903308800000000000e+22 1.300558372114959852e-26 1.824768565841054798e-11 8.286783655641133264e-09 1.321674683555336405e-02 2.388435945499329094e+01 1.300593710956954375e+14 8.335839927667599582e-06
2.910715199999999948e+22 1.299989331756149200e-26 1.823970164952855276e-11 8.294141011852958825e-09 1.321096404062246064e-02 2.389132883174053035e+01 1.306733962941909375e+14 8.335839927667599582e-06
2.918121599999999895e+22 1.299420037902113519e-26 1.823171408394253611e-11 8.301434440154318684e-09 1.320517866958094942e-02 2.389830640292392516e+01 1.312879640377613594e+14 8.335839927667599582e-06
2.925527999999999843e+22 1.298850495474680087e-26 1.822372303070896709e-11 8.308664436338081414e-09 1.319939077244623553e-02 2.390529212090718403e+01 1.319030696097431406e+14 8.335839927667599582e-06
2.932934400000000210e+22 1.298280709350661575e-26 1.821572855825272033e-11 8.315831493481522998e-09 1.319360039877825498e-02 2.391228593845854888e+01 1.325187083300952812e+14 8.335839927667599582e-06
2.940340800000000157e+22 1.297710684361633639e-26 1.820773073436396769e-11 8.322936101938284976e-09 1.318780759767724207e-02 2.391928780875491256e+01 1.331348755553992031e+14 8.335839927667599582e-06
2.947747200000000105e+22 1.297140425299542337e-26 1.819972962627684761e-11 8.329978749330929821e-09 1.318201241784068903e-02 2.392629768531430301e+01 1.337515666788589375e+14 8.335839927667599582e-06
2.955153600000000052e+22 1.296569936916701827e-26 1.819172530066943608e-11 8.336959920544090228e-09 1.317621490756334078e-02 2.393331552199706280e+01 1.343687771293288281e+14 8.335839927667599582e-06
2.962560000000000000e+22 1.295999223925794949e-26 1.818371782366376923e-11 8.343880097718225556e-09 1.317041511473719326e-02 2.394034127300703574e+01 1.349865023715465781e+14 8.335839927667599582e-06
2.969966399999999948e+22 1.295428290999873509e-26 1.817570726082582071e-11 8.350739760243892775e-09 1.316461308685149857e-02 2.394737489289274635e+01 1.356047379062084062e+14 8.335839927667599582e-06
2.977372799999999895e+22 1.294857142772358276e-26 1.816769367716551139e-11 8.357539384756621254e-09 1.315880887099276156e-02 2.395441633654862557e+01 1.362234792689803750e+14 8.335839927667599582e-06
2.984779199999999843e+22 1.294285783837038987e-26 1.815967713713672230e-11 8.364279445132320255e-09 1.315300251384473977e-02 2.396146555921619381e+01 1.368427220304984062e+14 8.335839927667599582e-06
2.992185599999999790e+22 1.293714218748073196e-26 1.815165770463727843e-11 8.370960412483186043e-09 1.314719406168844522e-02 2.396852251648530441e+01 1.374624617963682344e+14 8.335839927667599582e-06
2.999592000000000157e+22 1.293142452019988856e-26 1.814363544300894555e-11 8.377582755154183058e-09 1.314138356040214263e-02 2.397558716429536219e+01 1.380826942071655156e+14 8.335839927667599582e-06
3.006998400000000105e+22 1.292570488127681167e-26 1.813561041503744634e-11 8.384146938719989970e-09 1.313557105546134945e-02 2.398265945893655982e+01 1.387034149384356094e+14 8.335839927667599582e-06
3.014404800000000052e+22 1.291998331506415151e-26 1.812758268295244748e-11 8.390653425982450301e-09 1.312975659193883933e-02 2.398973935705113192e+01 1.393246196999732500e+14 8.335839927667599582e-06
3.021811200000000000e+22 1.291425986551824656e-26 1.811955230842756931e-11 8.397102676968532601e-09 1.312394021450463862e-02 2.399682681563461983e+01 1.399463042354718594e+14 8.335839927667599582e-06
3.029217599999999948e+22 1.290853457619911347e-26 1.811151935258037940e-11 8.403495148928737299e-09 1.311812196742602292e-02 2.400392179203711152e+01 1.405684643231928594e+14 8.335839927667599582e-06
3.036623999999999895e+22 1.290280749033191943e-26 1.810348387605860028e-11 8.409831296335971737e-09 1.311230189462997582e-02 2.401102424388830769e+01 1.411910957747089688e+14 8.335839927667599582e-06
3.044030399999999843e+22 1.289707865079114203e-26 1.809544593901794355e-11 8.416111570884900003e-09 1.310648003968709931e-02 2.401813412911815604e+01 1.418141944348869062e+14 8.335839927667599582e-06
3.051436800000000210e+22 1.289134810000762739e-26 1.808740560099166743e-11 8.422336421491704708e-09 1.310065644571716328e-02 2.402525140607341925e+01 1.424377561818874062e+14 8.335839927667599582e-06
3.058843200000000157e+22 1.288561588005332565e-26 1.807936292100946453e-11 8.428506294294298741e-09 1.309483115547521032e-02 2.403237603341383277e+01 1.430617769271650625e+14 8.335839927667599582e-06
3.066249600000000105e+22 1.287988203264191515e-26 1.807131795759836015e-11 8.434621632652963852e-09 1.308900421135219747e-02 2.403950797011246721e+01 1.436862526154685625e+14 8.335839927667599582e-06
3.073656000000000052e+22 1.287414659912881248e-26 1.806327076878270905e-11 8.440682877151386283e-09 1.308317565537500150e-02 2.404664717545685448e+01 1.443111792243822500e+14 8.335839927667599582e-06
3.081062400000000000e+22 1.286840962051116100e-26 1.805522141208419542e-11 8.446690465598089447e-09 1.307734552920641023e-02 2.405379360905016028e+01 1.449365527634381250e+14 8.335839927667599582e-06
3.088468799999999948e+22 1.286267113742784808e-26 1.804716994452183292e-11 8.452644833028285156e-09 1.307151387414513637e-02 2.406094723081231379e+01 1.455623692752776562e+14 8.335839927667599582e-06
3.095875199999999895e+22 1.285693119015948782e-26 1.803911642261196788e-11 8.458546411706083845e-09 1.306568073112580539e-02 2.406810800098120140e+01 1.461886248342443750e+14 8.335839927667599582e-06
3.103281599999999843e+22 1.285118981862842686e-26 1.803106090236826316e-11 8.464395631127081999e-09 1.305984614071895727e-02 2.407527588011382491e+01 1.468153155462914062e+14 8.335839927667599582e-06
3.110687999999999790e+22 1.284544706239875153e-26 1.802300343930171752e-11 8.470192918021326764e-09 1.305401014313105346e-02 2.408245082908748813e+01 1.474424375489814062e+14 8.335839927667599582e-06
3.118094400000000157e+22 1.283970296067627921e-26 1.801494408842066890e-11 8.475938696356606471e-09 1.304817277820446986e-02 2.408963280910098348e+01 1.480699870114866250e+14 8.335839927667599582e-06
3.125500800000000105e+22 1.283395755230856269e-26 1.800688290423077495e-11 8.481633387342123323e-09 1.304233408541750211e-02 2.409682178167578570e+01 1.486979601345887812e+14 8.335839927667599582e-06
3.132907200000000052e+22 1.282821087578488293e-26 1.799881994073501311e-11 8.487277409432478744e-09 1.303649410388435688e-02 2.410401770865727755e+01 1.493263531504737188e+14 8.335839927667599582e-06
3.140313600000000000e+22 1.282246296923626061e-26 1.799075525143370964e-11 8.492871178331979687e-09 1.303065287235516227e-02 2.411122055221594707e+01 1.499551623214495938e+14 8.335839927667599582e-06
3.147719999999999948e+22 1.281671387049096488e-26 1.798268888940239480e-11 8.498415106999294004e-09 1.302481042927237931e-02 2.411843027477894807e+01 1.505843839413282500e+14 8.335839927667599582e-06
3.155126399999999895e+22 1.281096361706625254e-26 1.797462090728024812e-11 8.503909605652390370e-09 1.301896681276241106e-02 2.412564683904146889e+01 1.512140143341356562e+14 8.335839927667599582e-06
3.162532799999999843e+22 1.280521224607522669e-26 1.796655135713937485e-11 8.509355081773790877e-09 1.301312206054093881e-02 2.413287020808475347e+01 1.518440498538270312e+14 8.335839927667599582e-06
3.169939200000000210e+22 1.279945979430843836e-26 1.795848029059933165e-11 8.514751940116123074e-09 1.300727620999585742e-02 2.414010034527496273e+01 1.524744868842866875e+14 8.335839927667599582e-06
3.177345600000000157e+22 1.279370629823475316e-26 1.795040775882831890e-11 8.520100582707943315e-09 1.300142929818815483e-02 2.414733721426315682e+01 1.531053218393280312e+14 8.335839927667599582e-06
3.184752000000000105e+22 1.278795179400136137e-26 1.794233381254321951e-11 8.525401408859861209e-09 1.299558136185192080e-02 2.415458077898637512e+01 1.537365511626936875e+14 8.335839927667599582e-06
3.192158400000000052e+22 1.278219631743377219e-26 1.793425850200956654e-11 8.530654815170915521e-09 1.298973243739433639e-02 2.416183100366874825e+01 1.543681713280284688e+14 8.335839927667599582e-06
3.199564800000000000e+22 1.277643990403581084e-26 1.792618187704154974e-11 8.535861195535216440e-09 1.298388256089568100e-02 2.416908785282256744e+01 1.550001788375979688e+14 8.335839927667599582e-06
3.206971199999999948e+22 1.277068258898962576e-26 1.791810398700203165e-11 8.541020941148872384e-09 1.297803176810933407e-02 2.417635129124940008e+01 1.556325702232085312e+14 8.335839927667599582e-06
3.214377599999999895e+22 1.276492440715568144e-26 1.791002488080251856e-11 8.546134440517103756e-09 1.297218009446176289e-02 2.418362128404122657e+01 1.562653420456425625e+14 8.335839927667599582e-06
3.221783999999999843e+22 1.275916539307276558e-26 1.790194460690320246e-11 8.551202079461677643e-09 1.296632757505254176e-02 2.419089779658150619e+01 1.568984908939459688e+14 8.335839927667599582e-06
3.229190399999999790e+22 1.275340558095798050e-26 1.789386321331290941e-11 8.556224241128509603e-09 1.296047424465433112e-02 2.419818079454636361e+01 1.575320133854279375e+14 8.335839927667599582e-06
3.236596800000000157e+22 1.274764500470675171e-26 1.788578074758914472e-11 8.561201305995525195e-09 1.295462013771289667e-02 2.420547024390566548e+01 1.581659061656613438e+14 8.335839927667599582e-06
3.244003200000000105e+22 1.274188369789282078e-26 1.787769725683807036e-11 8.566133651880749801e-09 1.294876528834709370e-02 2.421276611092419273e+01 1.588001659084822188e+14 8.335839927667599582e-06
3.251409600000000052e+22 1.273612169376825392e-26 1.786961278771450496e-11 8.571021653950585395e-09 1.294290973034887930e-02 2.422006836216277392e+01 1.594347893159902500e+14 8.335839927667599582e-06
3.258816000000000000e+22 1.273035902532120366e-26 1.786152738650299395e-11 8.575865684728318927e-09 1.293705349724201537e-02 2.422737696440612964e+01 1.600697731179240938e+14 8.335839927667599582e-06
3.266222399999999948e+22 1.272459572525462739e-26 1.785344109908792123e-11 8.580666114102825914e-09 1.293119662226043312e-02 2.423469188469080748e+01 1.607051140710631250e+14 8.335839927667599582e-06
3.273628799999999895e+22 1.271883182591045564e-26 1.784535397084714212e-11 8.585423309337452703e-09 1.292533913827118019e-02 2.424201309040250152e+01 1.613408089602330938e+14 8.335839927667599582e-06
3.281035199999999843e+22 1.271306735934330441e-26 1.783726604675537125e-11 8.590137635079117121e-09 1.291948107784932076e-02 2.424934054918368531e+01 1.619768545969246250e+14 8.335839927667599582e-06
3.288441600000000210e+22 1.270730235732080236e-26 1.782917737138468341e-11 8.594809453367574540e-09 1.291362247327827381e-02 2.425667422893420522e+01 1.626132478192500312e+14 8.335839927667599582e-06
3.295848000000000157e+22 1.270153685132358789e-26 1.782108798890446503e-11 8.599439123644854365e-09 1.290776335654980796e-02 2.426401409781230001e+01 1.632499854919431875e+14 8.335839927667599582e-06
3.303254400000000105e+22 1.269577087254530633e-26 1.781299794308144980e-11 8.604027002764876828e-09 1.290190375936403969e-02 2.427136012423563471e+01 1.638870645063597812e+14 8.335839927667599582e-06
3.310660800000000052e+22 1.269000445189261993e-26 1.780490727727970891e-11 8.608573445003246811e-09 1.289604371312944205e-02 2.427871227688228117e+01 1.645244817804771562e+14 8.335839927667599582e-06
3.318067200000000000e+22 1.268423761998519786e-26 1.779681603446064139e-11 8.613078802067183317e-09 1.289018324896283596e-02 2.428607052469181937e+01 1.651622342587953438e+14 8.335839927667599582e-06
3.325473599999999948e+22 1.267847040715572047e-26 1.778872425718298379e-11 8.617543423105617697e-09 1.288432239768939370e-02 2.429343483686631089e+01 1.658003189109704375e+14 8.335839927667599582e-06
3.332879999999999895e+22 1.267270284344987648e-26 1.778063198760281018e-11 8.621967654719439106e-09 1.287846118984263717e-02 2.430080518287138602e+01 1.664387327331480000e+14 8.335839927667599582e-06
3.340286399999999843e+22 1.266693495862637295e-26 1.777253926747352572e-11 8.626351840971877272e-09 1.287259965566444307e-02 2.430818153243726343e+01 1.670774727469577500e+14 8.335839927667599582e-06
3.347692799999999790e+22 1.266116678215691812e-26 1.776444613814587629e-11 8.630696323399039128e-09 1.286673782510503426e-02 2.431556385555983013e+01 1.677165359990410938e+14 8.335839927667599582e-06
3.355099200000000157e+22 1.265539834322623575e-26 1.775635264056793562e-11 8.635001441020556275e-09 1.286087572782298842e-02 2.432295212250168959e+01 1.683559195610511562e+14 8.335839927667599582e-06
3.362505600000000105e+22 1.264962967073206222e-26 1.774825881528512143e-11 8.639267530350379693e-09 1.285501339318523284e-02 2.433034630379321683e+01 1.689956205296526250e+14 8.335839927667599582e-06
3.369912000000000052e+22 1.264386079333916879e-26 1.774016470251598585e-11 8.643494925407681981e-09 1.284915085032195363e-02 2.433774637016432152e+01 1.696356360265219688e+14 8.335839927667599582e-06
3.377318400000000000e+22 1.263809173946101458e-26 1.773207034212646942e-11 8.647683957727903523e-09 1.284328812810793703e-02 2.434515229256882307e+01 1.702759631983472500e+14 8.335839927667599582e-06
3.384724799999999948e+22 1.263232253718579890e-26 1.772397577352615777e-11 8.651834956373876420e-09 1.283742525508743335e-02 2.435256404228037397e+01 1.709165992162785938e+14 8.335839927667599582e-06
3.392131199999999895e+22 1.262655321434687613e-26 1.771588103576707159e-11 8.655948247947084065e-09 1.283156225954570906e-02 2.435998159080319070e+01 1.715575412751939688e+14 8.335839927667599582e-06
3.399537599999999843e+22 1.262078379852312593e-26 1.770778616754418355e-11 8.660024156599026610e-09 1.282569916950942503e-02 2.436740490987250496e+01 1.721987865948898438e+14 8.335839927667599582e-06
3.406944000000000210e+22 1.261501431703895895e-26 1.769969120719542803e-11 8.664063004042664181e-09 1.281983601274663820e-02 2.437483397145549446e+01 1.728403324186690000e+14 8.335839927667599582e-06
3.414350400000000157e+22 1.260924479696431259e-26 1.769159619270170759e-11 8.668065109563984170e-09 1.281397281676680336e-02 2.438226874775223507e+01 1.734821760132740312e+14 8.335839927667599582e-06
3.421756800000000105e+22 1.260347526511464374e-26 1.768350116168685742e-11 8.672030790033628087e-09 1.280810960882076271e-02 2.438970921119664936e+01 1.741243146688877812e+14 8.335839927667599582e-06
3.429163200000000052e+22 1.259770574805094178e-26 1.767540615141768731e-11 8.675960359918644143e-09 1.280224641590075978e-02 2.439715533445745166e+01 1.747667456991331250e+14 8.335839927667599582e-06
3.436569600000000000e+22 1.259193627207971991e-26 1.766731119880395586e-11 8.679854131294292771e-09 1.279638326474042895e-02 2.440460709043911081e+01 1.754094664410729375e+14 8.335839927667599582e-06
3.443975999999999948e+22 1.258616686325302234e-26 1.765921634039838983e-11 8.683712413855943138e-09 1.279052018181480246e-02 2.441206445228280586e+01 1.760524742552080312e+14 8.335839927667599582e-06
3.451382399999999895e+22 1.258039754736840996e-26 1.765112161239665507e-11 8.687535514931045754e-09 1.278465719334030172e-02 2.441952739336742084e+01 1.766957665243580938e+14 8.335839927667599582e-06
3.458788799999999843e+22 1.257462834996898040e-26 1.764302705063739205e-11 8.691323739491177881e-09 1.277879432527474941e-02 2.442699588731045779e+01 1.773393406542048750e+14 8.335839927667599582e-06
3.466195199999999790e+22 1.256885929634335228e-26 1.763493269060219003e-11 8.695077390164148492e-09 1.277293160331735913e-02 2.443446990796909191e+01 1.779831940732946875e+14 8.335839927667599582e-06
3.473601600000000157e+22 1.256309041152567091e-26 1.762683856741558705e-11 8.698796767246184294e-09 1.276706905290874057e-02 2.444194942944108107e+01 1.786273242320861875e+14 8.335839927667599582e-06
3.481008000000000105e+22 1.255732172033286053e-26 1.761874471589736003e-11 8.702482168714155460e-09 1.276120669926875117e-02 2.444943442601744366e+01 1.792717286029504375e+14 8.335839927667599582e-06
3.488414400000000052e+22 1.255155324738250782e-26 1.761065117058759542e-11 8.706133890237879114e-09 1.275534456741467954e-02 2.445692487216000899e+01 1.799164046801709375e+14 8.335839927667599582e-06
3.495820800000000000e+22 1.254578501699142817e-26 1.760255796560437542e-11 8.709752225192462514e-09 1.274948268205815596e-02 2.446442074263401878e+01 1.805613499799435000e+14 8.335839927667599582e-06
3.503227199999999948e+22 1.254001705324955737e-26 1.759446513474745339e-11 8.713337464670702500e-09 1.274362106768024867e-02 2.447192201241320575e+01 1.812065620403764062e+14 8.335839927667599582e-06
3.510633599999999895e+22 1.253424938002253880e-26 1.758637271150189862e-11 8.716889897495534551e-09 1.273775974853409362e-02 2.447942865667731382e+01 1.818520384214406875e+14 8.335839927667599582e-06
3.518039999999999843e+22 1.252848202095171338e-26 1.757828072903805110e-11 8.720409810232516603e-09 1.273189874864487890e-02 2.448694065081293658e+01 1.824977767036412188e+14 8.335839927667599582e-06
3.525446400000000210e+22 1.252271499945412818e-26 1.757018922021157324e-11 8.723897487202374067e-09 1.272603809180985861e-02 2.449445797041440898e+01 1.831437744892201562e+14 8.335839927667599582e-06
3.532852800000000157e+22 1.251694833872252638e-26 1.756209821756338845e-11 8.727353210493553119e-09 1.272017780159834244e-02 2.450198059128464578e+01 1.837900294014652812e+14 8.335839927667599582e-06
3.540259200000000105e+22 1.251118206172535442e-26 1.755400775331974576e-11 8.730777259974833558e-09 1.271431790135170090e-02 2.450950848943602978e+01 1.844365390840978438e+14 8.335839927667599582e-06
3.547665600000000052e+22 1.250541619120676349e-26 1.754591785939216490e-11 8.734169913307974734e-09 1.270845841418336356e-02 2.451704164109128214e+01 1.850833012012722812e+14 8.335839927667599582e-06
3.555072000000000000e+22 1.249965074968659942e-26 1.753782856737747511e-11 8.737531445960358183e-09 1.270259936297882079e-02 2.452458002268432580e+01 1.857303134375763438e+14 8.335839927667599582e-06
3.562478399999999948e+22 1.249388575946041851e-26 1.752973990855779244e-11 8.740862131217703046e-09 1.269674077039562379e-02 2.453212361086118420e+01 1.863775734980310625e+14 8.335839927667599582e-06
3.569884799999999895e+22 1.248812124259947171e-26 1.752165191390053599e-11 8.744162240196774868e-09 1.269088265886338107e-02 2.453967238248086602e+01 1.870250791080907500e+14 8.335839927667599582e-06
3.577291199999999843e+22 1.248235722095071329e-26 1.751356461405840846e-11 8.747432041858117569e-09 1.268502505058376195e-02 2.454722631461624260e+01 1.876728280135735938e+14 8.335839927667599582e-06
3.584697599999999790e+22 1.247659371613679789e-26 1.750547803936941235e-11 8.750671803018816832e-09 1.267916796753049309e-02 2.455478538455495752e+01 1.883208179793241875e+14 8.335839927667599582e-06
3.592104000000000157e+22 1.247083074956828609e-26 1.749739221987396871e-11 8.753881788365270128e-09 1.267331143146176523e-02 2.456234956978429196e+01 1.889690467905379688e+14 8.335839927667599582e-06
3.599510400000000105e+22 1.246506834250918767e-26 1.748930718540686986e-11 8.757062260465968301e-09 1.266745546398683614e-02 2.456991884790587477e+01 1.896175122519594062e+14 8.335839927667599582e-06
3.606916800000000052e+22 1.245930651595611902e-26 1.748122296542774943e-11 8.760213479784301983e-09 1.266160008644323307e-02 2.457749319679511402e+01 1.902662121873396250e+14 8.335839927667599582e-06
3.614323200000000000e+22 1.245354529069354648e-26 1.747313958909856265e-11 8.763335704691358079e-09 1.265574531995288313e-02 2.458507259452961335e+01 1.909151444394360938e+14 8.335839927667599582e-06
3.621729599999999948e+22 1.244778468730938833e-26 1.746505708530552279e-11 8.766429191478737754e-09 1.264989118543797912e-02 2.459265701936949000e+01 1.915643068700128438e+14 8.335839927667599582e-06
3.629135999999999895e+22 1.244202472619502487e-26 1.745697548265906564e-11 8.769494194371364502e-09 1.264403770362098299e-02 2.460024644975811725e+01 1.922136973598403125e+14 8.335839927667599582e-06
3.636542399999999843e+22 1.243626542754529551e-26 1.744889480949387210e-11 8.772530965540312058e-09 1.263818489502462408e-02 2.460784086432291673e+01 1.928633138086955312e+14 8.335839927667599582e-06
3.643948800000000210e+22 1.243050681135850021e-26 1.744081509386887146e-11 8.775539755115625703e-09 1.263233277997190089e-02 2.461544024187614355e+01 1.935131541353365938e+14 8.335839927667599582e-06
3.651355200000000157e+22 1.242474889743639950e-26 1.743273636356722194e-11 8.778520811199125361e-09 1.262648137858608278e-02 2.462304456141567499e+01 1.941632162762430000e+14 8.335839927667599582e-06
3.658761600000000105e+22 1.241899170538421160e-26 1.742465864609633014e-11 8.781474379877221937e-09 1.262063071079070307e-02 2.463065380212578148e+01 1.948134981866662812e+14 8.335839927667599582e-06
3.666168000000000052e+22 1.241323525461061098e-26 1.741658196868784777e-11 8.784400705233733654e-09 1.261478079630956595e-02 2.463826794337794368e+01 1.954639978402049375e+14 8.335839927667599582e-06
3.673574400000000000e+22 1.240747956432773696e-26 1.740850635829765231e-11 8.787300029362677575e-09 1.260893165466674300e-02 2.464588696473163054e+01 1.961147132280923438e+14 8.335839927667599582e-06
3.680980799999999948e+22 1.240172465355118659e-26 1.740043184160587925e-11 8.790172592381051193e-09 1.260308330518657496e-02 2.465351084593511644e+01 1.967656423591969688e+14 8.335839927667599582e-06
3.688387199999999895e+22 1.239597054110001312e-26 1.739235844501688661e-11 8.793018632441617342e-09 1.259723576699366826e-02 2.466113956692626275e+01 1.974167832600221250e+14 8.335839927667599582e-06
3.695793599999999843e+22 1.239021724559673613e-26 1.738428619465929692e-11 8.795838385745667586e-09 1.259138905901290365e-02 2.466877310783334565e+01 1.980681339747061250e+14 8.335839927667599582e-06
3.703199999999999790e+22 1.238446478546732860e-26 1.737621511638594877e-11 8.798632086555759152e-09 1.258554319996942582e-02 2.467641144897584127e+01 1.987196925650222500e+14 8.335839927667599582e-06
3.710606400000000157e+22 1.237871317898501807e-26 1.736814523583537953e-11 8.801399967208463435e-09 1.257969820843315122e-02 2.468405457080705645e+01 1.993714571103788125e+14 8.335839927667599582e-06
3.718012800000000105e+22 1.237296244425885610e-26 1.736007657841577622e-11 8.804142258127064875e-09 1.257385410280715751e-02 2.469170245392988150e+01 2.000234257070174062e+14 8.335839927667599582e-06
3.725419200000000052e+22 1.236721259916539829e-26 1.735200916920911939e-11 8.806859187834254871e-09 1.256801090125824957e-02 2.469935507918845730e+01 2.006755964679379375e+14 8.335839927667599582e-06
3.732825600000000000e+22 1.236146366140951382e-26 1.734394303305649586e-11 8.809550982964805841e-09 1.256216862177875725e-02 2.470701242758809357e+01 2.013279675236762812e+14 8.335839927667599582e-06
3.740231999999999948e+22 1.235571564852485892e-26 1.733587819455877403e-11 8.812217868278220472e-09 1.255632728218702282e-02 2.471467448029539682e+01 2.019805370210988750e+14 8.335839927667599582e-06
3.747638399999999895e+22 1.234996857787388692e-26 1.732781467807661360e-11 8.814860066671349528e-09 1.255048690012739929e-02 2.472234121863891332e+01 2.026333031233931875e+14 8.335839927667599582e-06
3.755044799999999843e+22 1.234422246664783681e-26 1.731975250773044935e-11 8.817477799190984850e-09 1.254464749307024861e-02 2.473001262410987167e+01 2.032862640100676250e+14 8.335839927667599582e-06
3.762451200000000210e+22 1.233847733186674036e-26 1.731169170740049443e-11 8.820071285046439119e-09 1.253880907831194692e-02 2.473768867836285068e+01 2.039394178769517188e+14 8.335839927667599582e-06
3.769857600000000157e+22 1.233273319037942072e-26 1.730363230072676295e-11 8.822640741622085914e-09 1.253297167297488107e-02 2.474536936321650415e+01 2.045927629361957812e+14 8.335839927667599582e-06
3.777264000000000105e+22 1.232699005886349241e-26 1.729557431110903123e-11 8.825186384489856756e-09 1.252713529400744687e-02 2.475305466065428561e+01 2.052462974162713125e+14 8.335839927667599582e-06
3.784670400000000052e+22 1.232124795382535847e-26 1.728751776170686360e-11 8.827708427421729881e-09 1.252129995818405429e-02 2.476074455282513043e+01 2.059000195617597500e+14 8.335839927667599582e-06
3.792076800000000000e+22 1.231550689160021903e-26 1.727946267543962215e-11 8.830207082402180963e-09 1.251546568210512404e-02 2.476843902204418058e+01 2.065539276321514375e+14 8.335839927667599582e-06
3.799483199999999948e+22 1.230976688835205698e-26 1.727140907498642471e-11 8.832682559640585861e-09 1.250963248219708404e-02 2.477613805079352005e+01 2.072080199034599688e+14 8.335839927667599582e-06
3.806889599999999895e+22 1.230402796007364946e-26 1.726335698278619328e-11 8.835135067583606819e-09 1.250380037471237639e-02 2.478384162172287830e+01 2.078622946670364375e+14 8.335839927667599582e-06
3.814295999999999843e+22 1.229829012258656930e-26 1.725530642103762500e-11 8.837564812927524077e-09 1.249796937572945736e-02 2.479154971765034787e+01 2.085167502292982500e+14 8.335839927667599582e-06
3.821702399999999790e+22 1.229255339154130408e-26 1.724725741169938275e-11 8.839972000630559206e-09 1.249213950115292231e-02 2.479926232156296706e+01 2.091713849117290938e+14 8.335839927667599582e-06
3.829108799999999738e+22 1.228681778247285681e-26 1.723920997656808927e-11 8.842356833925110765e-09 1.248631076677000559e-02 2.480697941654258543e+01 2.098261970508788125e+14 8.335839927667599582e-06
3.836515199999999685e+22 1.228108331075008864e-26 1.723116413720726391e-11 8.844719514330018081e-09 1.248048318819910095e-02 2.481470098583455908e+01 2.104811849983636250e+14 8.335839927667599582e-06
3.843921599999999633e+22 1.227534999154927017e-26 1.722311991491021263e-11 8.847060241662717491e-09 1.247465678086288887e-02 2.482242701288411624e+01 2.111363471208658750e+14 8.335839927667599582e-06
3.851327999999999581e+22 1.226961783989841938e-26 1.721507733076222159e-11 8.849379214051411832e-09 1.246883156003338565e-02 2.483015748127737155e+01 2.117916818001343125e+14 8.335839927667599582e-06
3.858734400000000367e+22 1.226388687067728300e-26 1.720703640564055399e-11 8.851676627947153885e-09 1.246300754083192949e-02 2.483789237474199751e+01 2.124471874322645625e+14 8.335839927667599582e-06
3.866140800000000315e+22 1.225815709861734792e-26 1.719899716021445322e-11 8.853952678135924875e-09 1.245718473822919614e-02 2.484563167714778942e+01 2.131028624275124375e+14 8.335839927667599582e-06
3.873547200000000262e+22 1.225242853830184271e-26 1.719095961494513970e-11 8.856207557750638509e-09 1.245136316704518846e-02 2.485337537250733675e+01 2.137587052112437188e+14 8.335839927667599582e-06
3.880953600000000210e+22 1.224670120416572606e-26 1.718292379008580761e-11 8.858441458283118559e-09 1.244554284194923990e-02 2.486112344497663074e+01 2.144147142227133438e+14 8.335839927667599582e-06
3.888360000000000157e+22 1.224097511049569830e-26 1.717488970568163137e-11 8.860654569596033414e-09 1.243972377746001105e-02 2.486887587885570028e+01 2.150708879150482188e+14 8.335839927667599582e-06
3.895766400000000105e+22 1.223525027143019425e-26 1.716685738156976561e-11 8.862847079934762824e-09 1.243390598794549655e-02 2.487663265858922657e+01 2.157272247552469062e+14 8.335839927667599582e-06
3.903172800000000052e+22 1.222952670095939034e-26 1.715882683737933876e-11 8.865019175939246426e-09 1.242808948762301989e-02 2.488439376876719678e+01 2.163837232241799062e+14 8.335839927667599582e-06
3.910579200000000000e+22 1.222380441292519460e-26 1.715079809253145622e-11 8.867171042655752875e-09 1.242227429055923170e-02 2.489215919412554001e+01 2.170403818165895000e+14 8.335839927667599582e-06
3.917985599999999948e+22 1.221808342102125668e-26 1.714277116623920365e-11 8.869302863548635734e-09 1.241646041067011666e-02 2.489992891954674548e+01 2.176971990410897500e+14 8.335839927667599582e-06
3.925391999999999895e+22 1.221236373879296359e-26 1.713474607750765015e-11 8.871414820512009952e-09 1.241064786172098831e-02 2.490770293006052682e+01 2.183541734201622188e+14 8.335839927667599582e-06
3.932798399999999843e+22 1.220664537963743679e-26 1.712672284513382891e-11 8.873507093881400227e-09 1.240483665732648906e-02 2.491548121084446521e+01 2.190113034890721875e+14 8.335839927667599582e-06
3.940204799999999790e+22 1.220092835680353649e-26 1.711870148770676304e-11 8.875579862445319876e-09 1.239902681095059363e-02 2.492326374722462745e+01 2.196685877966204375e+14 8.335839927667599582e-06
3.947611199999999738e+22 1.219521268342754122e-26 1.711068202365751001e-11 8.877633303456811662e-09 1.239321833594286305e-02 2.493105052462762927e+01 2.203260249051908750e+14 8.335839927667599582e-06
3.955017599999999685e+22 1.218949837253024060e-26 1.710266447125509034e-11 8.879667592644948909e-09 1.238741124553549740e-02 2.493884152858501224e+01 2.209836133899056562e+14 8.335839927667599582e-06
3.962423999999999633e+22 1.218378543694844477e-26 1.709464884851038929e-11 8.881682904226245636e-09 1.238160555277373169e-02 2.494663674482725213e+01 2.216413518386252500e+14 8.335839927667599582e-06
3.969830400000000419e+22 1.217807388939055202e-26 1.708663517325412185e-11 8.883679410916053448e-09 1.237580127057230119e-02 2.495443615920867941e+01 2.222992388519485312e+14 8.335839927667599582e-06
3.977236800000000367e+22 1.217236374243733513e-26 1.707862346313793777e-11 8.885657283939890605e-09 1.236999841171624280e-02 2.496223975770696057e+01 2.229572730432123750e+14 8.335839927667599582e-06
3.984643200000000315e+22 1.216665500854194421e-26 1.707061373563441836e-11 8.887616693044714836e-09 1.236419698886090206e-02 2.497004752642362391e+01 2.236154530384922188e+14 8.335839927667599582e-06
3.992049600000000262e+22 1.216094770002990389e-26 1.706260600803708297e-11 8.889557806510141564e-09 1.235839701453192441e-02 2.497785945158464571e+01 2.242737774766016875e+14 8.335839927667599582e-06
3.999456000000000210e+22 1.215524182909912047e-26 1.705460029746039863e-11 8.891480791159617462e-09 1.235259850112526564e-02 2.498567551954097254e+01 2.249322450090875000e+14 8.335839927667599582e-06
4.006862400000000157e+22 1.214953740781987470e-26 1.704659662083975100e-11 8.893385812371527833e-09 1.234680146090718494e-02 2.499349571676908610e+01 2.255908542991535312e+14 8.335839927667599582e-06
4.014268800000000105e+22 1.214383444813482472e-26 1.703859499493147671e-11 8.895273034090256018e-09 1.234100590601424317e-02 2.500132002987158231e+01 2.262496040224498750e+14 8.335839927667599582e-06
4.021675200000000052e+22 1.213813296185901033e-26 1.703059543631285036e-11 8.897142618837178276e-09 1.233521184845331325e-02 2.500914844557767935e+01 2.269084928671110625e+14 8.335839927667599582e-06
4.029081600000000000e+22 1.213243296067984151e-26 1.702259796138206845e-11 8.898994727721630548e-09 1.232941930010156804e-02 2.501698095074383588e+01 2.275675195329373750e+14 8.335839927667599582e-06
4.036487999999999948e+22 1.212673445615710846e-26 1.701460258635828164e-11 8.900829520451766030e-09 1.232362827270648553e-02 2.502481753235428741e+01 2.282266827313949375e+14 8.335839927667599582e-06
4.043894399999999895e+22 1.212103745972298163e-26 1.700660932728156889e-11 8.902647155345409433e-09 1.231783877788585231e-02 2.503265817752160771e+01 2.288859811856156875e+14 8.335839927667599582e-06
4.051300799999999843e+22 1.211534198268200164e-26 1.699861820001294398e-11 8.904447789340830187e-09 1.231205082712775491e-02 2.504050287348728787e+01 2.295454136303973125e+14 8.335839927667599582e-06
4.058707199999999790e+22 1.210964803621109507e-26 1.699062922023436190e-11 8.906231578007457739e-09 1.230626443179059018e-02 2.504835160762229762e+01 2.302049788122034062e+14 8.335839927667599582e-06
4.066113599999999738e+22 1.210395563136381184e-26 1.698264240345467721e-11 8.907998675556535637e-09 1.230047960310737785e-02 2.505620436742179180e+01 2.308646754891633125e+14 8.335839927667599582e-06
4.073519999999999685e+22 1.209826477912709959e-26 1.697465776508930212e-11 8.909749234851739221e-09 1.229469635224345395e-02 2.506406114042726330e+01 2.315245024310722188e+14 8.335839927667599582e-06
4.080926399999999633e+22 1.209257549033384187e-26 1.696667532033748004e-11 8.911483407419710595e-09 1.228891469020758874e-02 2.507192191434766571e+01 2.321844584186903750e+14 8.335839927667599582e-06
4.088332799999999581e+22 1.208688777568736103e-26 1.695869508421666854e-11 8.913201343460552243e-09 1.228313462787688701e-02 2.507978667702624165e+01 2.328445422436449688e+14 8.335839927667599582e-06
4.095739200000000367e+22 1.208120164578179702e-26 1.695071707159115136e-11 8.914903191858247846e-09 1.227735617601749887e-02 2.508765541641292174e+01 2.335047527093797188e+14 8.335839927667599582e-06
4.103145600000000315e+22 1.207551711110211032e-26 1.694274129717199965e-11 8.916589100191040092e-09 1.227157934528462155e-02 2.509552812056476512e+01 2.341650886300069688e+14 8.335839927667599582e-06
4.110552000000000262e+22 1.206983418202407043e-26 1.693476777551710751e-11 8.918259214741727424e-09 1.226580414622249066e-02 2.510340477764648170e+01 2.348255488302933750e+14 8.335839927667599582e-06
4.117958400000000210e+22 1.206415286881427169e-26 1.692679652103117585e-11 8.919913680507949195e-09 1.226003058926439064e-02 2.511128537593089050e+01 2.354861321456595938e+14 8.335839927667599582e-06
4.125364800000000157e+22 1.205847318163011886e-26 1.691882754796570591e-11 8.921552641212340145e-09 1.225425868473264610e-02 2.511916990379942050e+01 2.361468374221804688e+14 8.335839927667599582e-06
4.132771200000000105e+22 1.205279513051983869e-26 1.691086087041902510e-11 8.923176239312688178e-09 1.224848844283863043e-02 2.512705834974259034e+01 2.368076635165849375e+14 8.335839927667599582e-06
4.140177600000000052e+22 1.204711872542247267e-26 1.690289650233625148e-11 8.924784616011999490e-09 1.224271987368275895e-02 2.513495070236049145e+01 2.374686092962560000e+14 8.335839927667599582e-06
4.147584000000000000e+22 1.204144397616787851e-26 1.689493445750932607e-11 8.926377911268522350e-09 1.223695298725448882e-02 2.514284695036331030e+01 2.381296736392308750e+14 8.335839927667599582e-06
4.154990399999999948e+22 1.203577089247673011e-26 1.688697474957698699e-11 8.927956263805699736e-09 1.223118779343232432e-02 2.515074708257177249e+01 2.387908554340237500e+14 8.335839927667599582e-06
4.162396799999999895e+22 1.203009948396052190e-26 1.687901739202479206e-11 8.929519811122055793e-09 1.222542430198381505e-02 2.515865108791767923e+01 2.394521535785179062e+14 8.335839927667599582e-06
4.169803199999999843e+22 1.202442976012156449e-26 1.687106239818510271e-11 8.931068689501047559e-09 1.221966252256555252e-02 2.516655895544437627e+01 2.401135669815881250e+14 8.335839927667599582e-06
4.177209599999999790e+22 1.201876173035298042e-26 1.686310978123709035e-11 8.932603034020833969e-09 1.221390246472317184e-02 2.517447067430727614e+01 2.407750945620859062e+14 8.335839927667599582e-06
4.184615999999999738e+22 1.201309540393871557e-26 1.685515955420673322e-11 8.934122978563991913e-09 1.220814413789135348e-02 2.518238623377432717e+01 2.414367352485653750e+14 8.335839927667599582e-06
4.192022399999999685e+22 1.200743079005835343e-26 1.684721172997358888e-11 8.935628655827182672e-09 1.220238755139872559e-02 2.519030562321979616e+01 2.420984879792831875e+14 8.335839927667599582e-06
4.199428799999999633e+22 1.200176789783945982e-26 1.683926632134423560e-11 8.937120197330732324e-09 1.219663271452105235e-02 2.519822883205146269e+01 2.427603517021987188e+14 8.335839927667599582e-06
4.206835200000000419e+22 1.199610673627277718e-26 1.683132334093326819e-11 8.938597733428185681e-09 1.219087963639505293e-02 2.520615584982962076e+01 2.434223253749738750e+14 8.335839927667599582e-06
4.214241600000000367e+22 1.199044731423893717e-26 1.682338280120079256e-11 8.940061393315782467e-09 1.218512832604554640e-02 2.521408666623028338e+01 2.440844079649730938e+14 8.335839927667599582e-06
4.221648000000000315e+22 1.198478964052575017e-26 1.681544471447668861e-11 8.941511305041860708e-09 1.217937879240302626e-02 2.522202127102141489e+01 2.447465984492635625e+14 8.335839927667599582e-06
4.229054400000000262e+22 1.197913372382820238e-26 1.680750909296058437e-11 8.942947595516232001e-09 1.217363104430365349e-02 2.522995965406338925e+01 2.454088958146149375e+14 8.335839927667599582e-06
4.236460800000000210e+22 1.197347957274846877e-26 1.679957594872190768e-11 8.944370390519469093e-09 1.216788509048927214e-02 2.523790180530937022e+01 2.460712990569521562e+14 8.335839927667599582e-06
4.243867200000000157e+22 1.196782719579590732e-26 1.679164529369982487e-11 8.945779814712155416e-09 1.216214093960739720e-02 2.524584771480574830e+01 2.467338071809943125e+14 8.335839927667599582e-06
4.251273600000000105e+22 1.196217660138704896e-26 1.678371713970329882e-11 8.947175991644048595e-09 1.215639860021121808e-02 2.525379737269257774e+01 2.473964192014780312e+14 8.335839927667599582e-06
4.258680000000000052e+22 1.195652779784561339e-26 1.677579149841104381e-11 8.948559043763210868e-09 1.215065808075959861e-02 2.526175076920396734e+01 2.480591341419891250e+14 8.335839927667599582e-06
4.266086400000000000e+22 1.195088079340249758e-26 1.676786838137154809e-11 8.949929092425065055e-09 1.214491938961707526e-02 2.526970789466854583e+01 2.487219510349238125e+14 8.335839927667599582e-06
4.273492799999999948e+22 1.194523559619578438e-26 1.675994780000307712e-11 8.951286257901399254e-09 1.213918253505386416e-02 2.527766873950984916e+01 2.493848689214885625e+14 8.335839927667599582e-06
4.280899199999999895e+22 1.193959221427073533e-26 1.675202976559365743e-11 8.952630659389297075e-09 1.213344752524585235e-02 2.528563329424678230e+01 2.500478868517002188e+14 8.335839927667599582e-06
4.288305599999999843e+22 1.193395065557979358e-26 1.674411428930108630e-11 8.953962415020029836e-09 1.212771436827460129e-02 2.529360154949403494e+01 2.507110038843860312e+14 8.335839927667599582e-06
4.295711999999999790e+22 1.192831092798258240e-26 1.673620138215293499e-11 8.955281641867872652e-09 1.212198307212734687e-02 2.530157349596250782e+01 2.513742190871834688e+14 8.335839927667599582e-06
4.303118399999999738e+22 1.192267303924591093e-26 1.672829105504653905e-11 8.956588455958865934e-09 1.211625364469700109e-02 2.530954912445974969e+01 2.520375315365404062e+14 8.335839927667599582e-06
4.310524799999999685e+22 1.191703699704376419e-26 1.672038331874901125e-11 8.957882972279522290e-09 1.211052609378214864e-02 2.531752842589040498e+01 2.527009403177150938e+14 8.335839927667599582e-06
4.317931199999999633e+22 1.191140280895731303e-26 1.671247818389722217e-11 8.959165304785475529e-09 1.210480042708704865e-02 2.532551139125662232e+01 2.533644445241010938e+14 8.335839927667599582e-06
4.325337599999999581e+22 1.190577048250782147e-26 1.670457566104399957e-11 8.960435566410060172e-09 1.209907665225508355e-02 2.533349801161183734e+01 2.540280432572164062e+14 8.335839927667599582e-06
4.332744000000000367e+22 1.190014002514289999e-26 1.669667576063882855e-11 8.961693869072828110e-09 1.209335477685478770e-02 2.534148827808049731e+01 2.546917356276296562e+14 8.335839927667599582e-06
4.340150400000000315e+22 1.189451144418903526e-26 1.668877849296125384e-11 8.962940323688050363e-09 1.208763480833160119e-02 2.534948218192588243e+01 2.553555207538970625e+14 8.335839927667599582e-06
4.347556800000000262e+22 1.188888474689409698e-26 1.668088386818050787e-11 8.964175040173091458e-09 1.208191675405107142e-02 2.535747971449026039e+01 2.560193977625513125e+14 8.335839927667599582e-06
4.354963200000000210e+22 1.188325994042756469e-26 1.667299189635584037e-11 8.965398127456777187e-09 1.207620062129908731e-02 2.536548086719487927e+01 2.566833657881010625e+14 8.335839927667599582e-06
4.362369600000000157e+22 1.187763703188053200e-26 1.666510258743651835e-11 8.966609693487697845e-09 1.207048641728187405e-02 2.537348563154039383e+01 2.573474239730311250e+14 8.335839927667599582e-06
4.369776000000000105e+22 1.187201602826569659e-26 1.665721595126181966e-11 8.967809845242422137e-09 1.206477414912598967e-02 2.538149399910718884e+01 2.580115714678024375e+14 8.335839927667599582e-06
4.377182400000000052e+22 1.186639693651736737e-26 1.664933199756103297e-11 8.968998688733694534e-09 1.205906382387833195e-02 2.538950596155575212e+01 2.586758074308520312e+14 8.335839927667599582e-06
4.384588800000000000e+22 1.186077976349146159e-26 1.664145073595345454e-11 8.970176329018548264e-09 1.205335544850613151e-02 2.539752151062705465e+01 2.593401310285930938e+14 8.335839927667599582e-06
4.391995199999999948e+22 1.185516451596550488e-26 1.663357217594839793e-11 8.971342870206362046e-09 1.204764902989695699e-02 2.540554063814290231e+01 2.600045414354149688e+14 8.335839927667599582e-06
4.399401599999999895e+22 1.184955120063862836e-26 1.662569632694518754e-11 8.972498415466885404e-09 1.204194457485870985e-02 2.541356333600631245e+01 2.606690378332529688e+14 8.335839927667599582e-06
4.406807999999999843e+22 1.184393982413157580e-26 1.661782319823315857e-11 8.973643067038161394e-09 1.203624209011962959e-02 2.542158959620187630e+01 2.613336194110564062e+14 8.335839927667599582e-06
4.414214399999999790e+22 1.183833039298670220e-26 1.660995279899166352e-11 8.974776926234442731e-09 1.203054158232829546e-02 2.542961941079613553e+01 2.619982853661715000e+14 8.335839927667599582e-06
4.421620799999999738e+22 1.183272291366796089e-26 1.660208513829004959e-11 8.975900093454010294e-09 1.202484305805361260e-02 2.543765277193796237e+01 2.626630349032101250e+14 8.335839927667599582e-06
4.429027199999999685e+22 1.182711739256092934e-26 1.659422022508770384e-11 8.977012668186953589e-09 1.201914652378483460e-02 2.544568967185890074e+01 2.633278672339828125e+14 8.335839927667599582e-06
4.436433599999999633e+22 1.182151383597277901e-26 1.658635806823399512e-11 8.978114749022906542e-09 1.201345198593153918e-02 2.545373010287359250e+01 2.639927815774984375e+14 8.335839927667599582e-06
4.443840000000000419e+22 1.181591225013229836e-26 1.657849867646832892e-11 8.979206433658702230e-09 1.200775945082364904e-02 2.546177405738009014e+01 2.646577771599646250e+14 8.335839927667599582e-06
4.451246400000000367e+22 1.181031264118988849e-26 1.657064205842011514e-11 8.980287818905981285e-09 1.200206892471142317e-02 2.546982152786029019e+01 2.653228532147872500e+14 8.335839927667599582e-06
4.458652800000000315e+22 1.180471501525423998e-26 1.656278822266025353e-11 8.981359000698755636e-09 1.199638041380273780e-02 2.547787250682747384e+01 2.659880089825709688e+14 8.335839927667599582e-06
4.466059200000000262e+22 1.179911937836221800e-26 1.655493717765885386e-11 8.982420074100901110e-09 1.199069392423247199e-02 2.548592698686990943e+01 2.666532437111188438e+14 8.335839927667599582e-06
4.473465600000000210e+22 1.179352573645092568e-26 1.654708893174606110e-11 8.983471133313607021e-09 1.198500946203412583e-02 2.549398496069140307e+01 2.673185566554324688e+14 8.335839927667599582e-06
4.480872000000000157e+22 1.178793409539171048e-26 1.653924349315976696e-11 8.984512271682759583e-09 1.197932703317437786e-02 2.550204642106277220e+01 2.679839470776512188e+14 8.335839927667599582e-06
4.488278400000000105e+22 1.178234446099016280e-26 1.653140087004558407e-11 8.985543581706279005e-09 1.197364664355307813e-02 2.551011136082217945e+01 2.686494142459780000e+14 8.335839927667599582e-06
4.495684800000000052e+22 1.177675683898611738e-26 1.652356107045688794e-11 8.986565155041403641e-09 1.196796829900325689e-02 2.551817977287540273e+01 2.693149574360525312e+14 8.335839927667599582e-06
4.503091200000000000e+22 1.177117123505365187e-26 1.651572410235477497e-11 8.987577082511906312e-09 1.196229200529111761e-02 2.552625165019616915e+01 2.699805759304264062e+14 8.335839927667599582e-06
4.510497599999999948e+22 1.176558765480108827e-26 1.650788997360808832e-11 8.988579454115274238e-09 1.195661776811604050e-02 2.553432698582647475e+01 2.706462690181272812e+14 8.335839927667599582e-06
4.517903999999999895e+22 1.176000610377099151e-26 1.650005869199341141e-11 8.989572359029827752e-09 1.195094559311058076e-02 2.554240577287689007e+01 2.713120359946586250e+14 8.335839927667599582e-06
4.525310399999999843e+22 1.175442658744017085e-26 1.649223026519506475e-11 8.990555885621772841e-09 1.194527548584047201e-02 2.555048800452686564e+01 2.719778761619998125e+14 8.335839927667599582e-06
4.532716799999999790e+22 1.174884911121967274e-26 1.648440470080510261e-11 8.991530121452225566e-09 1.193960745180461767e-02 2.555857367402506952e+01 2.726437888286061875e+14 8.335839927667599582e-06
4.540123199999999738e+22 1.174327368045479945e-26 1.647658200632333251e-11 8.992495153284165342e-09 1.193394149643510482e-02 2.556666277468968218e+01 2.733097733094089688e+14 8.335839927667599582e-06
4.547529599999999685e+22 1.173770030042508468e-26 1.646876218915728609e-11 8.993451067089333620e-09 1.192827762509719031e-02 2.557475529990872687e+01 2.739758289258152812e+14 8.335839927667599582e-06
4.554935999999999633e+22 1.173212897634430937e-26 1.646094525662224172e-11 8.994397948055097839e-09 1.192261584308930769e-02 2.558285124314038583e+01 2.746419550057081250e+14 8.335839927667599582e-06
4.562342399999999581e+22 1.172655971336050454e-26 1.645313121594121805e-11 8.995335880591237610e-09 1.191695615564307073e-02 2.559095059791332005e+01 2.753081508834464688e+14 8.335839927667599582e-06
4.569748800000000367e+22 1.172099251655593263e-26 1.644532007424496756e-11 8.996264948336712709e-09 1.191129856792326122e-02 2.559905335782699609e+01 2.759744158996320312e+14 8.335839927667599582e-06
4.577155200000000315e+22 1.171542739094710906e-26 1.643751183857199270e-11 8.997185234166335118e-09 1.190564308502784462e-02 2.560715951655198808e+01 2.766407494002651875e+14 8.335839927667599582e-06
4.584561600000000262e+22 1.170986434148479073e-26 1.642970651586852006e-11 8.998096820197434444e-09 1.189998971198795788e-02 2.561526906783031876e+01 2.773071507383033125e+14 8.335839927667599582e-06
4.591968000000000210e+22 1.170430337306448829e-26 1.642190411300327971e-11 8.998999787796440624e-09 1.189433845377860059e-02 2.562338200546043510e+01 2.779736192726768750e+14 8.335839927667599582e-06
4.599374400000000157e+22 1.169874449055739323e-26 1.641410463681087086e-11 8.999894217585431885e-09 1.188868931535005079e-02 2.563149832325230904e+01 2.786401543681227188e+14 8.335839927667599582e-06
4.606780800000000105e+22 1.169318769873725526e-26 1.640630809398917203e-11 9.000780189448616533e-09 1.188304230155356848e-02 2.563961801513440264e+01 2.793067553951841562e+14 8.335839927667599582e-06
4.614187200000000052e+22 1.168763300231708927e-26 1.639851449115085890e-11 9.001657782538788268e-09 1.187739741717869051e-02 2.564774107510047685e+01 2.799734217302110000e+14 8.335839927667599582e-06
4.621593600000000000e+22 1.168208040595515179e-26 1.639072383483176662e-11 9.002527075283710368e-09 1.187175466695930548e-02 2.565586749720114312e+01 2.806401527553594375e+14 8.335839927667599582e-06
4.628999999999999948e+22 1.167652991425492521e-26 1.638293613149088005e-11 9.003388145392450233e-09 1.186611405557363996e-02 2.566399727554416188e+01 2.813069478585921562e+14 8.335839927667599582e-06
4.636406399999999895e+22 1.167098153176512640e-26 1.637515138751035323e-11 9.004241069861689125e-09 1.186047558764426711e-02 2.567213040429467341e+01 2.819738064336782500e+14 8.335839927667599582e-06
4.643812799999999843e+22 1.166543526297971247e-26 1.636736960919549639e-11 9.005085924981944215e-09 1.185483926773810669e-02 2.568026687767546434e+01 2.826407278801933125e+14 8.335839927667599582e-06
4.651219199999999790e+22 1.165989111233786637e-26 1.635959080277477921e-11 9.005922786343774093e-09 1.184920510036641984e-02 2.568840668996727317e+01 2.833077116035192500e+14 8.335839927667599582e-06
4.658625599999999738e+22 1.165434908422401126e-26 1.635181497439982757e-11 9.006751728843918105e-09 1.184357308998481434e-02 2.569654983550900695e+01 2.839747570146491875e+14 8.335839927667599582e-06
4.666031999999999685e+22 1.164880918296779906e-26 1.634404213014543329e-11 9.007572826691394327e-09 1.183794324099324280e-02 2.570469630869804689e+01 2.846418635293180625e+14 8.335839927667599582e-06
4.673438399999999633e+22 1.164327141284411615e-26 1.633627227600953468e-11 9.008386153413542947e-09 1.183231555773599751e-02 2.571284610399050052e+01 2.853090305695481250e+14 8.335839927667599582e-06
4.680844800000000419e+22 1.163773577807308339e-26 1.632850541791324889e-11 9.009191781862033249e-09 1.182669004450172083e-02 2.572099921590147886e+01 2.859762575627406875e+14 8.335839927667599582e-06
4.688251200000000367e+22 1.163220228282005755e-26 1.632074156170083314e-11 9.009989784218809388e-09 1.182106670552339825e-02 2.572915563900535219e+01 2.866435439414850625e+14 8.335839927667599582e-06
4.695657600000000315e+22 1.162667093119562844e-26 1.631298071313972023e-11 9.010780232001989845e-09 1.181544554497836012e-02 2.573731536793604135e+01 2.873108891435591250e+14 8.335839927667599582e-06
4.703064000000000262e+22 1.162114172725561174e-26 1.630522287792048304e-11 9.011563196071740403e-09 1.180982656698827647e-02 2.574547839738729138e+01 2.879782926119286250e+14 8.335839927667599582e-06
4.710470400000000210e+22 1.161561467500107052e-26 1.629746806165687649e-11 9.012338746636066074e-09 1.180420977561916912e-02 2.575364472211292366e+01 2.886457537947477500e+14 8.335839927667599582e-06
4.717876800000000157e+22 1.161008977837828797e-26 1.628971626988579234e-11 9.013106953256589776e-09 1.179859517488139782e-02 2.576181433692712375e+01 2.893132721453586250e+14 8.335839927667599582e-06
4.725283200000000105e+22 1.160456704127879181e-26 1.628196750806730118e-11 9.013867884854253263e-09 1.179298276872967240e-02 2.576998723670471136e+01 2.899808471222918125e+14 8.335839927667599582e-06
4.732689600000000052e+22 1.159904646754845459e-26 1.627422178159740911e-11 9.014621609715004821e-09 1.178737256107230923e-02 2.577816341636792430e+01 2.906484781892659375e+14 8.335839927667599582e-06
4.740096000000000000e+22 1.159352806101688682e-26 1.626647909584931660e-11 9.015368195495417479e-09 1.178176455580109624e-02 2.578634287084304333e+01 2.913161648151877500e+14 8.335839927667599582e-06
4.747502399999999948e+22 1.158801182542953894e-26 1.625873945607813438e-11 9.016107709228262549e-09 1.177615875672229952e-02 2.579452559516120758e+01 2.919839064741376875e+14 8.335839927667599582e-06
4.754908799999999895e+22 1.158249776448070328e-26 1.625100286746719591e-11 9.016840217328056701e-09 1.177055516759019024e-02 2.580271158440987023e+01 2.926517026444411875e+14 8.335839927667599582e-06
4.762315199999999843e+22 1.157698588181938867e-26 1.624326933513629680e-11 9.017565785596542862e-09 1.176495379211302435e-02 2.581090083372429689e+01 2.933195528096691875e+14 8.335839927667599582e-06
4.769721599999999790e+22 1.157147618104933907e-26 1.623553886414172719e-11 9.018284479228141337e-09 1.175935463395305809e-02 2.581909333828778230e+01 2.939874564585770000e+14 8.335839927667599582e-06
4.777127999999999738e+22 1.156596866572902069e-26 1.622781145947625554e-11 9.018996362815336405e-09 1.175375769672653420e-02 2.582728909333187772e+01 2.946554130845390625e+14 8.335839927667599582e-06
4.784534399999999685e+22 1.156046333937162913e-26 1.622008712606911253e-11 9.019701500354054652e-09 1.174816298400368879e-02 2.583548809413662539e+01 2.953234221855488125e+14 8.335839927667599582e-06
4.791940799999999633e+22 1.155496020544508509e-26 1.621236586878602654e-11 9.020399955248967199e-09 1.174257049930874965e-02 2.584369033603075749e+01 2.959914832642188125e+14 8.335839927667599582e-06
4.799347199999999581e+22 1.154945926737203868e-26 1.620464769242919785e-11 9.021091790318748911e-09 1.173698024611993795e-02 2.585189581439196260e+01 2.966595958277806250e+14 8.335839927667599582e-06
4.806753600000000367e+22 1.154396052852986655e-26 1.619693260173730831e-11 9.021777067801321072e-09 1.173139222786946656e-02 2.586010452464707043e+01 2.973277593880851250e+14 8.335839927667599582e-06
4.814160000000000315e+22 1.153846399225067474e-26 1.618922060138551490e-11 9.022455849359029537e-09 1.172580644794354345e-02 2.586831646227230053e+01 2.979959734616017500e+14 8.335839927667599582e-06
4.821566400000000262e+22 1.153296966182129011e-26 1.618151169598546262e-11 9.023128196083781517e-09 1.172022290968236131e-02 2.587653162279349672e+01 2.986642375694195625e+14 8.335839927667599582e-06
4.828972800000000210e+22 1.152747754048327608e-26 1.617380589008526513e-11 9.023794168502137713e-09 1.171464161638011321e-02 2.588475000178633323e+01 2.993325512372463750e+14 8.335839927667599582e-06
4.836379200000000157e+22 1.152198763143291543e-26 1.616610318816952412e-11 9.024453826580387884e-09 1.170906257128498038e-02 2.589297159487657751e+01 3.000009139954091250e+14 8.335839927667599582e-06
4.843785600000000105e+22 1.151649993782122323e-26 1.615840359465931317e-11 9.025107229729548684e-09 1.170348577759913571e-02 2.590119639774027860e+01 3.006693253787168125e+14 8.335839927667599582e-06
4.851192000000000052e+22 1.151101446275393534e-26 1.615070711391219390e-11 9.025754436810338319e-09 1.169791123847874377e-02 2.590942440610403708e+01 3.013377849255798125e+14 8.335839927667599582e-06
4.858598400000000000e+22 1.150553120929152418e-26 1.614301375022219658e-11 9.026395506138111506e-09 1.169233895703396600e-02 2.591765561574520760e+01 3.020062921794876250e+14 8.335839927667599582e-06
4.866004799999999948e+22 1.150005018044918013e-26 1.613532350781984275e-11 9.027030495487751425e-09 1.168676893632895029e-02 2.592589002249214758e+01 3.026748466882600625e+14 8.335839927667599582e-06
4.873411199999999895e+22 1.149457137919682869e-26 1.612763639087212583e-11 9.027659462098510376e-09 1.168120117938184141e-02 2.593412762222443746e+01 3.033434480038138125e+14 8.335839927667599582e-06
4.880817599999999843e+22 1.148909480848270066e-26 1.611995240351560158e-11 9.028282462678830587e-09 1.167563568918873751e-02 2.594236841083763778e+01 3.040120956821625625e+14 8.335839927667599582e-06
4.888223999999999790e+22 1.148362047122262041e-26 1.611227154984137605e-11 9.028899553411107120e-09 1.167007246871280823e-02 2.595061238425948957e+01 3.046807892834167500e+14 8.335839927667599582e-06
4.895630399999999738e+22 1.147814837026458172e-26 1.610459383384536170e-11 9.029510789956416040e-09 1.166451152084828705e-02 2.595885953850352124e+01 3.053495283717837500e+14 8.335839927667599582e-06
4.903036799999999685e+22 1.147267850841928746e-26 1.609691925947116148e-11 9.030116227459197904e-09 1.165895284845151064e-02 2.596710986962330736e+01 3.060183125155680625e+14 8.335839927667599582e-06
4.910443199999999633e+22 1.146721088846030878e-26 1.608924783061027565e-11 9.030715920551929685e-09 1.165339645434108548e-02 2.597536337371242965e+01 3.066871412871708750e+14 8.335839927667599582e-06
4.917849600000000419e+22 1.146174551312408805e-26 1.608157955110211150e-11 9.031309923359709001e-09 1.164784234129788258e-02 2.598362004690465454e+01 3.073560142630903750e+14 8.335839927667599582e-06
4.925256000000000367e+22 1.145628238510993741e-26 1.607391442473398333e-11 9.031898289504844969e-09 1.164229051206504099e-02 2.599187988537412863e+01 3.080249310239215625e+14 8.335839927667599582e-06
4.932662400000000315e+22 1.145082150708003588e-26 1.606625245524110595e-11 9.032481072111386193e-09 1.163674096934796433e-02 2.600014288533556694e+01 3.086938911543565000e+14 8.335839927667599582e-06
4.940068800000000262e+22 1.144536288165943510e-26 1.605859364630658830e-11 9.033058323809612356e-09 1.163119371581432422e-02 2.600840904304443768e+01 3.093628942430901875e+14 8.335839927667599582e-06
4.947475200000000210e+22 1.143990651143604932e-26 1.605093800156144954e-11 9.033630096740496026e-09 1.162564875409405341e-02 2.601667835479716118e+01 3.100319398819265625e+14 8.335839927667599582e-06
4.954881600000000157e+22 1.143445239896066970e-26 1.604328552458461905e-11 9.034196442560123117e-09 1.162010608677935958e-02 2.602495081693129109e+01 3.107010276671742500e+14 8.335839927667599582e-06
4.962288000000000105e+22 1.142900054674695000e-26 1.603563621890291710e-11 9.034757412444068669e-09 1.161456571642470979e-02 2.603322642582569557e+01 3.113701571990464375e+14 8.335839927667599582e-06
4.969694400000000052e+22 1.142355095727141950e-26 1.602799008799107093e-11 9.035313057091757747e-09 1.160902764554684087e-02 2.604150517790078112e+01 3.120393280813756875e+14 8.335839927667599582e-06
4.977100800000000000e+22 1.141810363297347002e-26 1.602034713527171160e-11 9.035863426730753543e-09 1.160349187662475245e-02 2.604978706961865242e+01 3.127085399216141250e+14 8.335839927667599582e-06
4.984507199999999948e+22 1.141265857625536605e-26 1.601270736411537713e-11 9.036408571121038865e-09 1.159795841209971395e-02 2.605807209748331132e+01 3.133777923308332500e+14 8.335839927667599582e-06
4.991913599999999895e+22 1.140721578948224470e-26 1.600507077784049967e-11 9.036948539559262881e-09 1.159242725437526107e-02 2.606636025804086998e+01 3.140470849237241250e+14 8.335839927667599582e-06
4.999319999999999843e+22 1.140177527498210422e-26 1.599743737971341835e-11 9.037483380882913419e-09 1.158689840581719234e-02 2.607465154787972494e+01 3.147164173185972500e+14 8.335839927667599582e-06
5.006726399999999790e+22 1.139633703504581694e-26 1.598980717294838255e-11 9.038013143474502500e-09 1.158137186875357605e-02 2.608294596363074547e+01 3.153857891373826250e+14 8.335839927667599582e-06
5.014132799999999738e+22 1.139090107192712495e-26 1.598218016070753249e-11 9.038537875265687352e-09 1.157584764547474505e-02 2.609124350196748310e+01 3.160552000056297500e+14 8.335839927667599582e-06
5.021539199999999685e+22 1.138546738784263578e-26 1.597455634610091864e-11 9.039057623741364955e-09 1.157032573823329850e-02 2.609954415960637064e+01 3.167246495525075625e+14 8.335839927667599582e-06
5.028945599999999633e+22 1.138003598498209224e-26 1.596693573220088691e-11 9.039572435943725224e-09 1.156480614925452927e-02 2.610784793329120390e+01 3.173941374108045625e+14 8.335839927667599582e-06
5.036351999999999581e+22 1.137460686552685711e-26 1.595931832206804109e-11 9.040082358476274416e-09 1.155928888075522139e-02 2.611615481976498288e+01 3.180636632169285625e+14 8.335839927667599582e-06
5.043758400000000367e+22 1.136918003159516060e-26 1.595170411867438944e-11 9.040587437507822144e-09 1.155377393488799496e-02 2.612446481585381619e+01 3.187332266103350000e+14 8.335839927667599582e-06
5.051164800000000315e+22 1.136375548527187940e-26 1.594409312494514956e-11 9.041087718776443567e-09 1.154826131377157707e-02 2.613277791842160624e+01 3.194028272336997500e+14 8.335839927667599582e-06
5.058571200000000262e+22 1.135833322861168352e-26 1.593648534376316867e-11 9.041583247593390303e-09 1.154275101949400056e-02 2.614109412436541646e+01 3.200724647336918750e+14 8.335839927667599582e-06
5.065977600000000210e+22 1.135291326363905490e-26 1.592888077796891714e-11 9.042074068846978176e-09 1.153724305411261454e-02 2.614941343061558499e+01 3.207421387601697500e+14 8.335839927667599582e-06
5.073384000000000157e+22 1.134749559234826159e-26 1.592127943036048525e-11 9.042560227006440228e-09 1.153173741965406868e-02 2.615773583413591297e+01 3.214118489661764375e+14 8.335839927667599582e-06
5.080790400000000105e+22 1.134208021670338076e-26 1.591368130369360907e-11 9.043041766125749939e-09 1.152623411811433060e-02 2.616606133192381023e+01 3.220815950079393750e+14 8.335839927667599582e-06
5.088196800000000052e+22 1.133666713863828713e-26 1.590608640068163163e-11 9.043518729847399799e-09 1.152073315145867027e-02 2.617438992101044448e+01 3.227513765448705000e+14 8.335839927667599582e-06
5.095603200000000000e+22 1.133125636005665308e-26 1.589849472399553530e-11 9.043991161406160006e-09 1.151523452162167213e-02 2.618272159846092251e+01 3.234211932395663750e+14 8.335839927667599582e-06
5.103009599999999948e+22 1.132584788283195141e-26 1.589090627626392557e-11 9.044459103632797477e-09 1.150973823050722641e-02 2.619105636137442517e+01 3.240910447578078750e+14 8.335839927667599582e-06
5.110415999999999895e+22 1.132044170880745398e-26 1.588332106007303111e-11 9.044922598957773345e-09 1.150424427998853263e-02 2.619939420688437082e+01 3.247609307685605000e+14 8.335839927667599582e-06
5.117822399999999843e+22 1.131503783979623743e-26 1.587573907796671985e-11 9.045381689414875932e-09 1.149875267190810478e-02 2.620773513215857520e+01 3.254308509439740625e+14 8.335839927667599582e-06
5.125228799999999790e+22 1.130963627758117024e-26 1.586816033244647000e-11 9.045836416644873583e-09 1.149326340807775917e-02 2.621607913439943260e+01 3.261008049593831250e+14 8.335839927667599582e-06
5.132635199999999738e+22 1.130423702391492569e-26 1.586058482597139581e-11 9.046286821899089738e-09 1.148777649027862661e-02 2.622442621084402603e+01 3.267707924933065000e+14 8.335839927667599582e-06
5.140041599999999685e+22 1.129884008051997321e-26 1.585301256095824114e-11 9.046732946042976352e-09 1.148229192026114197e-02 2.623277635876435099e+01 3.274408132274459375e+14 8.335839927667599582e-06
5.147447999999999633e+22 1.129344544908858559e-26 1.584544353978137302e-11 9.047174829559629416e-09 1.147680969974505631e-02 2.624112957546741143e+01 3.281108668459591875e+14 8.335839927667599582e-06
5.154854400000000419e+22 1.128805313128283319e-26 1.583787776477277838e-11 9.047612512553312742e-09 1.147132983041942306e-02 2.624948585829543291e+01 3.287809530361176875e+14 8.335839927667599582e-06
5.162260800000000367e+22 1.128266312873458830e-26 1.583031523822208992e-11 9.048046034752897384e-09 1.146585231394261183e-02 2.625784520462599758e+01 3.294510714885856875e+14 8.335839927667599582e-06
5.169667200000000315e+22 1.127727544304551650e-26 1.582275596237654735e-11 9.048475435515332484e-09 1.146037715194229457e-02 2.626620761187221120e+01 3.301212218968172500e+14 8.335839927667599582e-06
5.177073600000000262e+22 1.127189007578709246e-26 1.581519993944102643e-11 9.048900753829033407e-09 1.145490434601545773e-02 2.627457307748287363e+01 3.307914039570561250e+14 8.335839927667599582e-06
5.184480000000000210e+22 1.126650702851062146e-26 1.580764717159211724e-11 9.049322028317263253e-09 1.144943389773859718e-02 2.628294159892700321e+01 3.314616173683355000e+14 8.335839927667599582e-06
5.191886400000000157e+22 1.126112630276210099e-26 1.580009766099895230e-11 9.049739297241492867e-09 1.144396580868281034e-02 2.629131317367087206e+01 3.321318618324784375e+14 8.335839927667599582e-06
5.199292800000000105e+22 1.125574790003344603e-26 1.579255140975478323e-11 9.050152598504711212e-09 1.143850008036423511e-02 2.629968779925393818e+01 3.328021370540973125e+14 8.335839927667599582e-06
5.206699200000000052e+22 1.125037182178977140e-26 1.578500841991527019e-11 9.050561969654724171e-09 1.143303671427177599e-02 2.630806547324664280e+01 3.334724427405945000e+14 8.335839927667599582e-06
5.214105600000000000e+22 1.124499806947184975e-26 1.577746869350190365e-11 9.050967447887403708e-09 1.142757571186959684e-02 2.631644619324673329e+01 3.341427786021616250e+14 8.335839927667599582e-06
5.221511999999999948e+22 1.123962664449610300e-26 1.576993223250202056e-11 9.051369070049941996e-09 1.142211707459711741e-02 2.632482995687939109e+01 3.348131443517802500e+14 8.335839927667599582e-06
5.228918399999999895e+22 1.123425754825460658e-26 1.576239903886879147e-11 9.051766872644041030e-09 1.141666080386901684e-02 2.633321676179734894e+01 3.354835397052213750e+14 8.335839927667599582e-06
5.236324799999999843e+22 1.122889078211509238e-26 1.575486911452123985e-11 9.052160891829087341e-09 1.141120690107523192e-02 2.634160660568102585e+01 3.361539643810456875e+14 8.335839927667599582e-06
5.243731199999999790e+22 1.122352634742094008e-26 1.574734246134420657e-11 9.052551163425315139e-09 1.140575536758095532e-02 2.634999948623867994e+01 3.368244181006035000e+14 8.335839927667599582e-06
5.251137599999999738e+22 1.121816424549118291e-26 1.573981908118838226e-11 9.052937722916918163e-09 1.140030620472663563e-02 2.635839540120650071e+01 3.374949005876738750e+14 8.335839927667599582e-06
5.258543999999999685e+22 1.121280447762050909e-26 1.573229897587030723e-11 9.053320605455138375e-09 1.139485941382798254e-02 2.636679434834876545e+01 3.381654115682127500e+14 8.335839927667599582e-06
5.265950399999999633e+22 1.120744704507925750e-26 1.572478214717234245e-11 9.053699845861348037e-09 1.138941499617595991e-02 2.637519632545795645e+01 3.388359507714710625e+14 8.335839927667599582e-06
5.273356799999999581e+22 1.120209194911341916e-26 1.571726859684270182e-11 9.054075478630070569e-09 1.138397295303679099e-02 2.638360133035490307e+01 3.395065179291701250e+14 8.335839927667599582e-06
5.280763200000000367e+22 1.119673919094464294e-26 1.570975832659543283e-11 9.054447537931999765e-09 1.137853328565195665e-02 2.639200936088890614e+01 3.401771127754638125e+14 8.335839927667599582e-06
5.288169600000000315e+22 1.119138877177022262e-26 1.570225133811041974e-11 9.054816057616997490e-09 1.137309599523819367e-02 2.640042041493787295e+01 3.408477350469385000e+14 8.335839927667599582e-06
5.295576000000000262e+22 1.118604069276310988e-26 1.569474763303338685e-11 9.055181071217028521e-09 1.136766108298749647e-02 2.640883449040843800e+01 3.415183844826132500e+14 8.335839927667599582e-06
5.302982400000000210e+22 1.118069495507190990e-26 1.568724721297590818e-11 9.055542611949113577e-09 1.136222855006711885e-02 2.641725158523613004e+01 3.421890608239395000e+14 8.335839927667599582e-06
5.310388800000000157e+22 1.117535155982087715e-26 1.567975007951538484e-11 9.055900712718227766e-09 1.135679839761957050e-02 2.642567169738544663e+01 3.428597638148015625e+14 8.335839927667599582e-06
5.317795200000000105e+22 1.117001050810991962e-26 1.567225623419505475e-11 9.056255406120180823e-09 1.135137062676261702e-02 2.643409482485005313e+01 3.435304932015159375e+14 8.335839927667599582e-06
5.325201600000000052e+22 1.116467180101459885e-26 1.566476567852400876e-11 9.056606724444474193e-09 1.134594523858928339e-02 2.644252096565286436e+01 3.442012487328319375e+14 8.335839927667599582e-06
5.332608000000000000e+22 1.115933543958612851e-26 1.565727841397716160e-11 9.056954699677126680e-09 1.134052223416785049e-02 2.645095011784621164e+01 3.448720301599313125e+14 8.335839927667599582e-06
5.340014399999999948e+22 1.115400142485137580e-26 1.564979444199528097e-11 9.057299363503491828e-09 1.133510161454186031e-02 2.645938227951195643e+01 3.455428372364285000e+14 8.335839927667599582e-06
5.347420799999999895e+22 1.114866975783183413e-26 1.564231376401158651e-11 9.057640747311017387e-09 1.132968338074938873e-02 2.646781744873160847e+01 3.462136697183703750e+14 8.335839927667599582e-06
5.354827199999999843e+22 1.114334043953077759e-26 1.563483638143373606e-11 9.057978882192016378e-09 1.132426753381000038e-02 2.647625562360667928e+01 3.468845273642364375e+14 8.335839927667599582e-06
5.362233599999999790e+22 1.113801347091082585e-26 1.562736229561235078e-11 9.058313798946391818e-09 1.131885407470194400e-02 2.648469680229434431e+01 3.475554099343282500e+14 8.335839927667599582e-06
5.369639999999999738e+22 1.113268885291512516e-26 1.561989150787072254e-11 9.058645528084339950e-09 1.131344300438368033e-02 2.649314098297409004e+01 3.482263171912248125e+14 8.335839927667599582e-06
5.377046399999999685e+22 1.112736658646738132e-26 1.561242401950487534e-11 9.058974099829036926e-09 1.130803432379391162e-02 2.650158816384775307e+01 3.488972489002370625e+14 8.335839927667599582e-06
5.384452799999999633e+22 1.112204667247185399e-26 1.560495983178354269e-11 9.059299544119290745e-09 1.130262803385157985e-02 2.651003834313963736e+01 3.495682048287871250e+14 8.335839927667599582e-06
5.391859200000000419e+22 1.111672911181335521e-26 1.559749894594817727e-11 9.059621890612181618e-09 1.129722413545586335e-02 2.651849151909663149e+01 3.502391847464080000e+14 8.335839927667599582e-06
5.399265600000000367e+22 1.111141390535725517e-26 1.559004136321294452e-11 9.059941168685662620e-09 1.129182262948618364e-02 2.652694768998829389e+01 3.509101884247434375e+14 8.335839927667599582e-06
5.406672000000000315e+22 1.110610105394947788e-26 1.558258708476473230e-11 9.060257407441157038e-09 1.128642351680219681e-02 2.653540685410696653e+01 3.515812156375484375e+14 8.335839927667599582e-06
5.414078400000000262e+22 1.110079055841650407e-26 1.557513611176315089e-11 9.060570635706117670e-09 1.128102679824380394e-02 2.654386900976789576e+01 3.522522661606889375e+14 8.335839927667599582e-06
5.421484800000000210e+22 1.109548241956536686e-26 1.556768844534051685e-11 9.060880882036561303e-09 1.127563247463114239e-02 2.655233415530931040e+01 3.529233397721416875e+14 8.335839927667599582e-06
5.428891200000000157e+22 1.109017663818365464e-26 1.556024408660187237e-11 9.061188174719601543e-09 1.127024054676458754e-02 2.656080228909255680e+01 3.535944362519945625e+14 8.335839927667599582e-06
5.436297600000000105e+22 1.108487321503951106e-26 1.555280303662496920e-11 9.061492541775923736e-09 1.126485101542475456e-02 2.656927340950219474e+01 3.542655553824463125e+14 8.335839927667599582e-06
5.443704000000000052e+22 1.107957215088164080e-26 1.554536529646028791e-11 9.061794010962276442e-09 1.125946388137250356e-02 2.657774751494610044e+01 3.549366969478067500e+14 8.335839927667599582e-06
5.451110400000000000e+22 1.107427344643929088e-26 1.553793086713101863e-11 9.062092609773906647e-09 1.125407914534892403e-02 2.658622460385558028e+01 3.556078607344965000e+14 8.335839927667599582e-06
5.458516799999999948e+22 1.106897710242227649e-26 1.553049974963306742e-11 9.062388365447004915e-09 1.124869680807535390e-02 2.659470467468547383e+01 3.562790465310473125e+14 8.335839927667599582e-06
5.465923199999999895e+22 1.106368311952095950e-26 1.552307194493506600e-11 9.062681304961092628e-09 1.124331687025336562e-02 2.660318772591428171e+01 3.569502541281018750e+14 8.335839927667599582e-06
5.473329599999999843e+22 1.105839149840625992e-26 1.551564745397835239e-11 9.062971455041424121e-09 1.123793933256477147e-02 2.661167375604424024e+01 3.576214833180866250e+14 8.335839927667599582e-06
5.480735999999999790e+22 1.105310223972965444e-26 1.550822627767699347e-11 9.063258842161334216e-09 1.123256419567162517e-02 2.662016276360145994e+01 3.582927338949800625e+14 8.335839927667599582e-06
5.488142399999999738e+22 1.104781534412317075e-26 1.550080841691776885e-11 9.063543492544595694e-09 1.122719146021621678e-02 2.662865474713602865e+01 3.589640056553746250e+14 8.335839927667599582e-06
5.495548799999999685e+22 1.104253081219939463e-26 1.549339387256017090e-11 9.063825432167725466e-09 1.122182112682107956e-02 2.663714970522210024e+01 3.596352983977218125e+14 8.335839927667599582e-06
5.502955199999999633e+22 1.103724864455146287e-26 1.548598264543641440e-11 9.064104686762303996e-09 1.121645319608897962e-02 2.664564763645804391e+01 3.603066119222953750e+14 8.335839927667599582e-06
5.510361599999999581e+22 1.103196884175755883e-26 1.547857473635772442e-11 9.064381281817225225e-09 1.121108766860748687e-02 2.665414853945928897e+01 3.609779460311918750e+14 8.335839927667599582e-06
5.517768000000000367e+22 1.102669140440007884e-26 1.547117014614124231e-11 9.064655242580979594e-09 1.120572454496845428e-02 2.666265241282752996e+01 3.616493005283303125e+14 8.335839927667599582e-06
5.525174400000000315e+22 1.102141633302373080e-26 1.546376887555123127e-11 9.064926594063892392e-09 1.120036382572543558e-02 2.667115925521825304e+01 3.623206752194521250e+14 8.335839927667599582e-06
5.532580800000000262e+22 1.101614362815344639e-26 1.545637092532420192e-11 9.065195361040315789e-09 1.119500551141188252e-02 2.667966906531207982e+01 3.629920699121214375e+14 8.335839927667599582e-06
5.539987200000000210e+22 1.101087329029876914e-26 1.544897629617508066e-11 9.065461568050858907e-09 1.118964960254561526e-02 2.668818184180777209e+01 3.636634844157248125e+14 8.335839927667599582e-06
5.547393600000000157e+22 1.100560531995388162e-26 1.544158498879723546e-11 9.065725239404540154e-09 1.118429609962883625e-02 2.669669758342227439e+01 3.643349185414715000e+14 8.335839927667599582e-06
5.554800000000000105e+22 1.100033971759758255e-26 1.543419700386244686e-11 9.065986399180962700e-09 1.117894500314811981e-02 2.670521628889083843e+01 3.650063721023931250e+14 8.335839927667599582e-06
5.562206400000000052e+22 1.099507648369329824e-26 1.542681234202094343e-11 9.066245071232445300e-09 1.117359631357441735e-02 2.671373795696708342e+01 3.656778449133440000e+14 8.335839927667599582e-06
5.569612800000000000e+22 1.098981561868908402e-26 1.541943100390136952e-11 9.066501279186129948e-09 1.116825003136305908e-02 2.672226258642309560e+01 3.663493367910008125e+14 8.335839927667599582e-06
5.577019199999999948e+22 1.098455712301761423e-26 1.541205299011079815e-11 9.066755046446111040e-09 1.116290615695374362e-02 2.673079017604952412e+01 3.670208475538629375e+14 8.335839927667599582e-06
5.584425599999999895e+22 1.097930099709619366e-26 1.540467830123473102e-11 9.067006396195483473e-09 1.115756469077055016e-02 2.673932072465563081e+01 3.676923770222521875e+14 8.335839927667599582e-06
5.591831999999999843e+22 1.097404724132675185e-26 1.539730693783710498e-11 9.067255351398427141e-09 1.115222563322193494e-02 2.674785423106942517e+01 3.683639250177785000e+14 8.335839927667599582e-06
5.599238399999999790e+22 1.096879585609583875e-26 1.538993890046027585e-11 9.067501934802235181e-09 1.114688898470072610e-02 2.675639069413770699e+01 3.690354913637065000e+14 8.335839927667599582e-06
5.606644799999999738e+22 1.096354684177463478e-26 1.538257418962503139e-11 9.067746168939353801e-09 1.114155474558412712e-02 2.676493011272619427e+01 3.697070758854569375e+14 8.335839927667599582e-06
5.614051199999999685e+22 1.095830019871894508e-26 1.537521280583059124e-11 9.067988076129365860e-09 1.113622291623372375e-02 2.677347248571956939e+01 3.703786784100158125e+14 8.335839927667599582e-06
5.621457599999999633e+22 1.095305592726919811e-26 1.536785474955459728e-11 9.068227678481004223e-09 1.113089349699546843e-02 2.678201781202160703e+01 3.710502987659341875e+14 8.335839927667599582e-06
5.628864000000000419e+22 1.094781402775044704e-26 1.536050002125312330e-11 9.068464997894105563e-09 1.112556648819969414e-02 2.679056609055523097e+01 3.717219367833281250e+14 8.335839927667599582e-06
5.636270400000000367e+22 1.094257450047237407e-26 1.535314862136067176e-11 9.068700056061554236e-09 1.112024189016111095e-02 2.679911732026262072e+01 3.723935922938785000e+14 8.335839927667599582e-06
5.643676800000000315e+22 1.093733734572928471e-26 1.534580055029017057e-11 9.068932874471246008e-09 1.111491970317880253e-02 2.680767150010527899e+01 3.730652651308314375e+14 8.335839927667599582e-06
5.651083200000000262e+22 1.093210256380010774e-26 1.533845580843297634e-11 9.069163474407969062e-09 1.110959992753622616e-02 2.681622862906416316e+01 3.737369551289979375e+14 8.335839927667599582e-06
5.658489600000000210e+22 1.092687015494839958e-26 1.533111439615888081e-11 9.069391876955326368e-09 1.110428256350121795e-02 2.682478870613972077e+01 3.744086621247540625e+14 8.335839927667599582e-06
5.665896000000000157e+22 1.092164011942234420e-26 1.532377631381609469e-11 9.069618102997601799e-09 1.109896761132598934e-02 2.683335173035201393e+01 3.750803859560408125e+14 8.335839927667599582e-06
5.673302400000000105e+22 1.091641245745474316e-26 1.531644156173125740e-11 9.069842173221641146e-09 1.109365507124712540e-02 2.684191770074079386e+01 3.757521264623642500e+14 8.335839927667599582e-06
5.680708800000000052e+22 1.091118716926399849e-26 1.530911014021080381e-11 9.070064108118678523e-09 1.108834494348657183e-02 2.685048661636401945e+01 3.764238834847953750e+14 8.335839927667599582e-06
5.688115200000000000e+22 1.090596425507437247e-26 1.530178204956938567e-11 9.070283927986189263e-09 1.108303722827223316e-02 2.685905847626462872e+01 3.770956568659703125e+14 8.335839927667599582e-06
5.695521599999999948e+22 1.090074371508510938e-26 1.529445729008655449e-11 9.070501652929676618e-09 1.107773192580658803e-02 2.686763327952127156e+01 3.777674464500899375e+14 8.335839927667599582e-06
5.702927999999999895e+22 1.089552554947464128e-26 1.528713586201266487e-11 9.070717302864498182e-09 1.107242903627096535e-02 2.687621102524152050e+01 3.784392520829204375e+14 8.335839927667599582e-06
5.710334399999999843e+22 1.089030975840936836e-26 1.527981776558118531e-11 9.070930897517621161e-09 1.106712855983446771e-02 2.688479171254754263e+01 3.791110736115736250e+14 8.335839927667599582e-06
5.717740799999999790e+22 1.088509634204367039e-26 1.527250300100872082e-11 9.071142456429394200e-09 1.106183049665398002e-02 2.689337534057617418e+01 3.797829108841185000e+14 8.335839927667599582e-06
5.725147199999999738e+22 1.087988530051989239e-26 1.526519156849499351e-11 9.071351998955302656e-09 1.105653484687416088e-02 2.690196190847899871e+01 3.804547637506971250e+14 8.335839927667599582e-06
5.732553599999999685e+22 1.087467663396836040e-26 1.525788346822285875e-11 9.071559544267697408e-09 1.105124161062745122e-02 2.691055141542237195e+01 3.811266320628552500e+14 8.335839927667599582e-06
5.739959999999999633e+22 1.086947034250737434e-26 1.525057870035829551e-11 9.071765111357493885e-09 1.104595078803407085e-02 2.691914386058754971e+01 3.817985156734745625e+14 8.335839927667599582e-06
5.747366399999999581e+22 1.086426642624319934e-26 1.524327726505040309e-11 9.071968719035905836e-09 1.104066237920201150e-02 2.692773924317071277e+01 3.824704144367728125e+14 8.335839927667599582e-06
5.754772800000000367e+22 1.085906488527008589e-26 1.523597916243141731e-11 9.072170385936098039e-09 1.103537638422705247e-02 2.693633756238305210e+01 3.831423282083041875e+14 8.335839927667599582e-06
5.762179200000000315e+22 1.085386571967024685e-26 1.522868439261669754e-11 9.072370130514863819e-09 1.103009280319274324e-02 2.694493881745085773e+01 3.838142568449584375e+14 8.335839927667599582e-06
5.769585600000000262e+22 1.084866892951387755e-26 1.522139295570472351e-11 9.072567971054295959e-09 1.102481163617041737e-02 2.695354300761554356e+01 3.844862002049618750e+14 8.335839927667599582e-06
5.776992000000000210e+22 1.084347451485914141e-26 1.521410485177710822e-11 9.072763925663398042e-09 1.101953288321918384e-02 2.696215013213376466e+01 3.851581581478768750e+14 8.335839927667599582e-06
5.784398400000000157e+22 1.083828247575217574e-26 1.520682008089857857e-11 9.072958012279728889e-09 1.101425654438592874e-02 2.697076019027746341e+01 3.858301305346017500e+14 8.335839927667599582e-06
5.791804800000000105e+22 1.083309281222709598e-26 1.519953864311700761e-11 9.073150248670999019e-09 1.100898261970532054e-02 2.697937318133393347e+01 3.865021172273710000e+14 8.335839927667599582e-06
5.799211200000000052e+22 1.082790552430598569e-26 1.519226053846337586e-11 9.073340652436675375e-09 1.100371110919980133e-02 2.698798910460591571e+01 3.871741180897553750e+14 8.335839927667599582e-06
5.806617600000000000e+22 1.082272061199890519e-26 1.518498576695180031e-11 9.073529241009548007e-09 1.099844201287959733e-02 2.699660795941163727e+01 3.878461329866615000e+14 8.335839927667599582e-06
5.814023999999999948e+22 1.081753807530388859e-26 1.517771432857952154e-11 9.073716031657296753e-09 1.099317533074270666e-02 2.700522974508491814e+01 3.885181617843323125e+14 8.335839927667599582e-06
5.821430399999999895e+22 1.081235791420693962e-26 1.517044622332690371e-11 9.073901041484052953e-09 1.098791106277490978e-02 2.701385446097521381e+01 3.891902043503467500e+14 8.335839927667599582e-06
5.828836799999999843e+22 1.080718012868204155e-26 1.516318145115744100e-11 9.074084287431924773e-09 1.098264920894976432e-02 2.702248210644769344e+01 3.898622605536199375e+14 8.335839927667599582e-06
5.836243199999999790e+22 1.080200471869114579e-26 1.515592001201775442e-11 9.074265786282515907e-09 1.097738976922860675e-02 2.703111268088331798e+01 3.905343302641490625e+14 8.335839927667599582e-06
5.843649599999999738e+22 1.079683168418418047e-26 1.514866190583758209e-11 9.074445554658439318e-09 1.097213274356055070e-02 2.703974618367891836e+01 3.912064133527533750e+14 8.335839927667599582e-06
5.851055999999999685e+22 1.079166102509904902e-26 1.514140713252980185e-11 9.074623609024812779e-09 1.096687813188249039e-02 2.704838261424724521e+01 3.918785096920776250e+14 8.335839927667599582e-06
5.858462399999999633e+22 1.078649274136211945e-26 1.513415569199110660e-11 9.074799965690734566e-09 1.096162593411960026e-02 2.705702197201622639e+01 3.925506191559426875e+14 8.335839927667599582e-06
5.865868800000000419e+22 1.078132683290561286e-26 1.512690758412638995e-11 9.074974640810747567e-09 1.095637615020299965e-02 2.706566425639995543e+01 3.932227416193031875e+14 8.335839927667599582e-06
5.873275200000000367e+22 1.077616329964322972e-26 1.511966280881457658e-11 9.075147650386296770e-09 1.095112878004498788e-02 2.707430946683944484e+01 3.938948769582471875e+14 8.335839927667599582e-06
5.880681600000000315e+22 1.077100214147049854e-26 1.511242136590908426e-11 9.075319010267166911e-09 1.094588382353939814e-02 2.708295760280216768e+01 3.945670250499966875e+14 8.335839927667599582e-06
5.888088000000000262e+22 1.076584335827364662e-26 1.510518325525027683e-11 9.075488736152903562e-09 1.094064128057061110e-02 2.709160866376728904e+01 3.952391857729073750e+14 8.335839927667599582e-06
5.895494400000000210e+22 1.076068694992960721e-26 1.509794847666548680e-11 9.075656843594235888e-09 1.093540115101355840e-02 2.710026264922572636e+01 3.959113590064685000e+14 8.335839927667599582e-06
5.902900800000000157e+22 1.075553291630601094e-26 1.509071702996899596e-11 9.075823347994467960e-09 1.093016343473372613e-02 2.710891955868017789e+01 3.965835446313031250e+14 8.335839927667599582e-06
5.910307200000000105e+22 1.075038125726119150e-26 1.508348891496203217e-11 9.075988264610866768e-09 1.092492813158714438e-02 2.711757939164519726e+01 3.972557425291680000e+14 8.335839927667599582e-06
5.917713600000000052e+22 1.074523197264418568e-26 1.507626413143278549e-11 9.076151608556036991e-09 1.091969524142039939e-02 2.712624214764726460e+01 3.979279525829535000e+14 8.335839927667599582e-06
5.925120000000000000e+22 1.074008506229472621e-26 1.506904267915638882e-11 9.076313394799282543e-09 1.091446476407062320e-02 2.713490782622480424e+01 3.986001746766837500e+14 8.335839927667599582e-06
5.932526399999999948e+22 1.073494052604325317e-26 1.506182455789493724e-11 9.076473638167961486e-09 1.090923669936550051e-02 2.714357642692827000e+01 3.992724086955165625e+14 8.335839927667599582e-06
5.939932799999999895e+22 1.072979836371090117e-26 1.505460976739748162e-11 9.076632353348804562e-09 1.090401104712326527e-02 2.715224794932019137e+01 3.999446545257434375e+14 8.335839927667599582e-06
5.947339199999999843e+22 1.072465857510951361e-26 1.504739830740001240e-11 9.076789554889253570e-09 1.089878780715270237e-02 2.716092239297521616e+01 4.006169120547895625e+14 8.335839927667599582e-06
5.954745599999999790e+22 1.071952116004162840e-26 1.504019017762548222e-11 9.076945257198771621e-09 1.089356697925314595e-02 2.716959975748020284e+01 4.012891811712138750e+14 8.335839927667599582e-06
5.962151999999999738e+22 1.071438611830048939e-26 1.503298537778379951e-11 9.077099474550136844e-09 1.088834856321448281e-02 2.717828004243422768e+01 4.019614617647006875e+14 8.335839927667599582e-06
5.969558399999999685e+22 1.070925344967004211e-26 1.502578390757182518e-11 9.077252221080732795e-09 1.088313255881714903e-02 2.718696324744867709e+01 4.026337537254813125e+14 8.335839927667599582e-06
5.976964799999999633e+22 1.070412315392492798e-26 1.501858576667336944e-11 9.077403510793825615e-09 1.087791896583212813e-02 2.719564937214730449e+01 4.033060569450465000e+14 8.335839927667599582e-06
5.984371199999999581e+22 1.069899523083049583e-26 1.501139095475919502e-11 9.077553357559821354e-09 1.087270778402095808e-02 2.720433841616625159e+01 4.039783713162065625e+14 8.335839927667599582e-06
5.991777600000000367e+22 1.069386968014279041e-26 1.500419947148702364e-11 9.077701775117518315e-09 1.086749901313572436e-02 2.721303037915415146e+01 4.046506967327273750e+14 8.335839927667599582e-06
5.999184000000000315e+22 1.068874650160856386e-26 1.499701131650152305e-11 9.077848777075361063e-09 1.086229265291906512e-02 2.722172526077214627e+01 4.053230330893303125e+14 8.335839927667599582e-06
6.006590400000000262e+22 1.068362569496526279e-26 1.498982648943432324e-11 9.077994376912644802e-09 1.085708870310416602e-02 2.723042306069397611e+01 4.059953802816925000e+14 8.335839927667599582e-06
6.013996800000000210e+22 1.067850725994104123e-26 1.498264498990400346e-11 9.078138587980756139e-09 1.085188716341476713e-02 2.723912377860600387e+01 4.066677382064468125e+14 8.335839927667599582e-06
6.021403200000000157e+22 1.067339119625474910e-26 1.497546681751608905e-11 9.078281423504355962e-09 1.084668803356515256e-02 2.724782741420730048e+01 4.073401067611815000e+14 8.335839927667599582e-06
6.028809600000000105e+22 1.066827750361594087e-26 1.496829197186306753e-11 9.078422896582602003e-09 1.084149131326016084e-02 2.725653396720969823e+01 4.080124858444406250e+14 8.335839927667599582e-06
6.036216000000000052e+22 1.066316618172487266e-26 1.496112045252437572e-11 9.078563020190300281e-09 1.083629700219518321e-02 2.726524343733781919e+01 4.086848753557238750e+14 8.335839927667599582e-06
6.043622400000000000e+22 1.065805723027372622e-26 1.495395225906812841e-11 9.078701807179102857e-09 1.083110510005740046e-02 2.727395582432708565e+01 4.093572751954863750e+14 8.335839927667599582e-06
6.051028799999999948e+22 1.065295064896164704e-26 1.494678739107220823e-11 9.078839270278664230e-09 1.082591560654107624e-02 2.728267112789806959e+01 4.100296852651390625e+14 8.335839927667599582e-06
6.058435199999999895e+22 1.064784643746914373e-26 1.493962584808834466e-11 9.078975422097776232e-09 1.082072852132153103e-02 2.729138934780018033e+01 4.107021054670484375e+14 8.335839927667599582e-06
6.065841599999999843e+22 1.064274459546426541e-26 1.493246762965079303e-11 9.079110275125531043e-09 1.081554384406142356e-02 2.730011048380124095e+01 4.113745357045366875e+14 8.335839927667599582e-06
6.073247999999999790e+22 1.063764512260796691e-26 1.492531273528384370e-11 9.079243841732429615e-09 1.081036157441620481e-02 2.730883453567837904e+01 4.120469758818815625e+14 8.335839927667599582e-06
6.080654399999999738e+22 1.063254801855409729e-26 1.491816116450182856e-11 9.079376134171521520e-09 1.080518171203410233e-02 2.731756150321808008e+01 4.127194259043165000e+14 8.335839927667599582e-06
6.088060799999999685e+22 1.062745328294941274e-26 1.491101291680912425e-11 9.079507164579488566e-09 1.080000425655613765e-02 2.732629138621621578e+01 4.133918856780303750e+14 8.335839927667599582e-06
6.095467199999999633e+22 1.062236091543356512e-26 1.490386799170013602e-11 9.079636944977769755e-09 1.079482920761611064e-02 2.733502418447812232e+01 4.140643551101680000e+14 8.335839927667599582e-06
6.102873600000000419e+22 1.061727091563910914e-26 1.489672638865931384e-11 9.079765487273628352e-09 1.078965656484061342e-02 2.734375989781858252e+01 4.147368341084930625e+14 8.335839927667599582e-06
6.110280000000000367e+22 1.061218328319150234e-26 1.488958810716115246e-11 9.079892803261243757e-09 1.078448632784901814e-02 2.735249852606194665e+01 4.154093225814403750e+14 8.335839927667599582e-06
6.117686400000000315e+22 1.060709801770910079e-26 1.488245314667018168e-11 9.080018904622763685e-09 1.077931849625348749e-02 2.736124006904211470e+01 4.160818204388065625e+14 8.335839927667599582e-06
6.125092800000000262e+22 1.060201511880316052e-26 1.487532150664096636e-11 9.080143802929379498e-09 1.077415306965896422e-02 2.736998452660260384e+01 4.167543275911968750e+14 8.335839927667599582e-06
6.132499200000000210e+22 1.059693458607784185e-26 1.486819318651811612e-11 9.080267509642360177e-09 1.076899004766318155e-02 2.737873189859660528e+01 4.174268439500161875e+14 8.335839927667599582e-06
6.139905600000000157e+22 1.059185641913020363e-26 1.486106818573627884e-11 9.080390036114097888e-09 1.076382942985665801e-02 2.738748218488699493e+01 4.180993694274695625e+14 8.335839927667599582e-06
6.147312000000000105e+22 1.058678061755020467e-26 1.485394650372014073e-11 9.080511393589136983e-09 1.075867121582269222e-02 2.739623538534641511e+01 4.187719039365615625e+14 8.335839927667599582e-06
6.154718400000000052e+22 1.058170718092070662e-26 1.484682813988442949e-11 9.080631593205186478e-09 1.075351540513737499e-02 2.740499149985729233e+01 4.194444473910969375e+14 8.335839927667599582e-06
6.162124800000000000e+22 1.057663610881747254e-26 1.483971309363391113e-11 9.080750645994130865e-09 1.074836199736957897e-02 2.741375052831189763e+01 4.201169997056800000e+14 8.335839927667599582e-06
6.169531199999999948e+22 1.057156740080916401e-26 1.483260136436339317e-11 9.080868562883040923e-09 1.074321099208096555e-02 2.742251247061237152e+01 4.207895607957151250e+14 8.335839927667599582e-06
6.176937599999999895e+22 1.056650105645734404e-26 1.482549295145771818e-11 9.080985354695146490e-09 1.073806238882597623e-02 2.743127732667080210e+01 4.214621305774065000e+14 8.335839927667599582e-06
6.184343999999999843e+22 1.056143707531647845e-26 1.481838785429177027e-11 9.081101032150835689e-09 1.073291618715184470e-02 2.744004509640923928e+01 4.221347089677580625e+14 8.335839927667599582e-06
6.191750399999999790e+22 1.055637545693393160e-26 1.481128607223047506e-11 9.081215605868606192e-09 1.072777238659858648e-02 2.744881577975974096e+01 4.228072958845736875e+14 8.335839927667599582e-06
6.199156799999999738e+22 1.055131620084996926e-26 1.480418760462879323e-11 9.081329086366051215e-09 1.072263098669900064e-02 2.745758937666445476e+01 4.234798912464571875e+14 8.335839927667599582e-06
6.206563199999999685e+22 1.054625930659776003e-26 1.479709245083173022e-11 9.081441484060799197e-09 1.071749198697867847e-02 2.746636588707560378e+01 4.241524949728120000e+14 8.335839927667599582e-06
6.213969599999999633e+22 1.054120477370336962e-26 1.479000061017432328e-11 9.081552809271458443e-09 1.071235538695598961e-02 2.747514531095560031e+01 4.248251069838416875e+14 8.335839927667599582e-06
6.221375999999999581e+22 1.053615260168576944e-26 1.478291208198166090e-11 9.081663072218556795e-09 1.070722118614209593e-02 2.748392764827701740e+01 4.254977272005495000e+14 8.335839927667599582e-06
6.228782400000000367e+22 1.053110279005682513e-26 1.477582686556886013e-11 9.081772283025479661e-09 1.070208938404093764e-02 2.749271289902270610e+01 4.261703555447386250e+14 8.335839927667599582e-06
6.236188800000000315e+22 1.052605533832558843e-26 1.476874496024708310e-11 9.081880451719366673e-09 1.069695998015359438e-02 2.750150106317834187e+01 4.268429919390119375e+14 8.335839927667599582e-06
6.243595200000000262e+22 1.052101024600523793e-26 1.476166636533329511e-11 9.081987588232039789e-09 1.069183297398534210e-02 2.751029214072033113e+01 4.275156363064681875e+14 8.335839927667599582e-06
6.251001600000000210e+22 1.051596751259042300e-26 1.475459108011844727e-11 9.082093702400894991e-09 1.068670836502262286e-02 2.751908613165533168e+01 4.281882885707196250e+14 8.335839927667599582e-06
6.258408000000000157e+22 1.051092713756924540e-26 1.474751910388431741e-11 9.082198803969805566e-09 1.068158615274522778e-02 2.752788303599944086e+01 4.288609486565810000e+14 8.335839927667599582e-06
6.265814400000000105e+22 1.050588912042445606e-26 1.474045043590516762e-11 9.082302902589995609e-09 1.067646633662751136e-02 2.753668285377614211e+01 4.295336164895418125e+14 8.335839927667599582e-06
6.273220800000000052e+22 1.050085346063347368e-26 1.473338507544778953e-11 9.082406007820926762e-09 1.067134891613840536e-02 2.754548558501632272e+01 4.302062919957561250e+14 8.335839927667599582e-06
6.280627200000000000e+22 1.049582015766836326e-26 1.472632302177145261e-11 9.082508129131153517e-09 1.066623389074140490e-02 2.755429122975833067e+01 4.308789751020423750e+14 8.335839927667599582e-06
6.288033599999999948e+22 1.049078921099584900e-26 1.471926427412793320e-11 9.082609275899198375e-09 1.066112125989457371e-02 2.756309978804799954e+01 4.315516657358834375e+14 8.335839927667599582e-06
6.295439999999999895e+22 1.048576062007731284e-26 1.471220883176151135e-11 9.082709457414400529e-09 1.065601102305054927e-02 2.757191125993868042e+01 4.322243638254264375e+14 8.335839927667599582e-06
6.302846399999999843e+22 1.048073438436878731e-26 1.470515669390897723e-11 9.082808682877746360e-09 1.065090317965653420e-02 2.758072564549127392e+01 4.328970692994831250e+14 8.335839927667599582e-06
6.310252799999999790e+22 1.047571050332096986e-26 1.469810785979961178e-11 9.082906961402724736e-09 1.064579772915430315e-02 2.758954294477426927e+01 4.335697820875295000e+14 8.335839927667599582e-06
6.317659199999999738e+22 1.047068897637920279e-26 1.469106232865520282e-11 9.083004302016142615e-09 1.064069467098019590e-02 2.759836315786378336e+01 4.342425021197060000e+14 8.335839927667599582e-06
6.325065599999999685e+22 1.046566980298349335e-26 1.468402009969003863e-11 9.083100713658953879e-09 1.063559400456512774e-02 2.760718628484357851e+01 4.349152293268174375e+14 8.335839927667599582e-06
6.332471999999999633e+22 1.046065298256850078e-26 1.467698117211091116e-11 9.083196205187061699e-09 1.063049572933457733e-02 2.761601232580512999e+01 4.355879636403331250e+14 8.335839927667599582e-06
6.339878400000000419e+22 1.045563851456354065e-26 1.466994554511710636e-11 9.083290785372142408e-09 1.062539984470859365e-02 2.762484128084760826e+01 4.362607049923867500e+14 8.335839927667599582e-06
6.347284800000000367e+22 1.045062639839258630e-26 1.466291321790042999e-11 9.083384462902416434e-09 1.062030635010179948e-02 2.763367315007797842e+01 4.369334533157762500e+14 8.335839927667599582e-06
6.354691200000000315e+22 1.044561663347426450e-26 1.465588418964517210e-11 9.083477246383463894e-09 1.061521524492338095e-02 2.764250793361098957e+01 4.376062085439641875e+14 8.335839927667599582e-06
6.362097600000000262e+22 1.044060921922185693e-26 1.464885845952812965e-11 9.083569144338995537e-09 1.061012652857709453e-02 2.765134563156921033e+01 4.382789706110773750e+14 8.335839927667599582e-06
6.369504000000000210e+22 1.043560415504330731e-26 1.464183602671861299e-11 9.083660165211625321e-09 1.060504020046127045e-02 2.766018624408308213e+01 4.389517394519070625e+14 8.335839927667599582e-06
6.376910400000000157e+22 1.043060144034120853e-26 1.463481689037841673e-11 9.083750317363649621e-09 1.059995625996880235e-02 2.766902977129096541e+01 4.396245150019090000e+14 8.335839927667599582e-06
6.384316800000000105e+22 1.042560107451281121e-26 1.462780104966184240e-11 9.083839609077801620e-09 1.059487470648715415e-02 2.767787621333914672e+01 4.402972971972031875e+14 8.335839927667599582e-06
6.391723200000000052e+22 1.042060305695002663e-26 1.462078850371570489e-11 9.083928048557992457e-09 1.058979553939836359e-02 2.768672557038187065e+01 4.409700859741565625e+14 8.335839927667599582e-06
6.399129600000000000e+22 1.041560738703941662e-26 1.461377925167930663e-11 9.084015643930087129e-09 1.058471875807903174e-02 2.769557784258141453e+01 4.416428812697698750e+14 8.335839927667599582e-06
6.406535999999999948e+22 1.041061406416219792e-26 1.460677329268446016e-11 9.084102403242624134e-09 1.057964436190033178e-02 2.770443303010808478e+01 4.423156830219824375e+14 8.335839927667599582e-06
6.413942399999999895e+22 1.040562308769424933e-26 1.459977062585547525e-11 9.084188334467545044e-09 1.057457235022800542e-02 2.771329113314027737e+01 4.429884911692807500e+14 8.335839927667599582e-06
6.421348799999999843e+22 1.040063445700610021e-26 1.459277125030917182e-11 9.084273445500935661e-09 1.056950272242236470e-02 2.772215215186449555e+01 4.436613056506987500e+14 8.335839927667599582e-06
6.428755199999999790e+22 1.039564817146328782e-26 1.458577516515534843e-11 9.084357744163732429e-09 1.056443547783864241e-02 2.773101608647478145e+01 4.443341264058177500e+14 8.335839927667599582e-06
6.436161599999999738e+22 1.039066423043701309e-26 1.457878236951176525e-11 9.084441238202438771e-09 1.055937061583783233e-02 2.773988293715376585e+01 4.450069533747664375e+14 8.335839927667599582e-06
6.443567999999999685e+22 1.038568263328872229e-26 1.457179286248248551e-11 9.084523935289838120e-09 1.055430813577101258e-02 2.774875270410009165e+01 4.456797864982209375e+14 8.335839927667599582e-06
6.450974399999999633e+22 1.038070337937065804e-26 1.456480664315866714e-11 9.084605843025673859e-09 1.054924803697990937e-02 2.775762538752750430e+01 4.463526257174046875e+14 8.335839927667599582e-06
6.458380799999999581e+22 1.037572646803110689e-26 1.455782371062591043e-11 9.084686968937368973e-09 1.054419031880222610e-02 2.776650098765556862e+01 4.470254709740885000e+14 8.335839927667599582e-06
6.465787200000000367e+22 1.037075189861439495e-26 1.455084406396426291e-11 9.084767320480682826e-09 1.053913498057164333e-02 2.777537950470965100e+01 4.476983222105907500e+14 8.335839927667599582e-06
6.473193600000000315e+22 1.036577967046089082e-26 1.454386770224821934e-11 9.084846905040417575e-09 1.053408202161782055e-02 2.778426093892101179e+01 4.483711793697768125e+14 8.335839927667599582e-06
6.480600000000000262e+22 1.036080978290700125e-26 1.453689462454671039e-11 9.084925729931068332e-09 1.052903144126638921e-02 2.779314529052677685e+01 4.490440423950597500e+14 8.335839927667599582e-06
6.488006400000000210e+22 1.035584223528517831e-26 1.452992482992313011e-11 9.085003802397504764e-09 1.052398323883896487e-02 2.780203255976999799e+01 4.497169112303999375e+14 8.335839927667599582e-06
6.495412800000000157e+22 1.035087702692391370e-26 1.452295831743530364e-11 9.085081129615622911e-09 1.051893741365313335e-02 2.781092274689964938e+01 4.503897858203050625e+14 8.335839927667599582e-06
6.502819200000000105e+22 1.034591415714774011e-26 1.451599508613550493e-11 9.085157718693010236e-09 1.051389396502246283e-02 2.781981585217069863e+01 4.510626661098303750e+14 8.335839927667599582e-06
6.510225600000000052e+22 1.034095362527723127e-26 1.450903513507046004e-11 9.085233576669580902e-09 1.050885289225649520e-02 2.782871187584408901e+01 4.517355520445782500e+14 8.335839927667599582e-06
6.517632000000000000e+22 1.033599543062900340e-26 1.450207846328132930e-11 9.085308710518227591e-09 1.050381419466074953e-02 2.783761081818678562e+01 4.524084435706985625e+14 8.335839927667599582e-06
6.525038399999999948e+22 1.033103957251571515e-26 1.449512506980373483e-11 9.085383127145446851e-09 1.049877787153672554e-02 2.784651267947180031e+01 4.530813406348886875e+14 8.335839927667599582e-06
6.532444799999999895e+22 1.032608605024606334e-26 1.448817495366772659e-11 9.085456833391982643e-09 1.049374392218189490e-02 2.785541745997823426e+01 4.537542431843931250e+14 8.335839927667599582e-06
6.539851199999999843e+22 1.032113486312478584e-26 1.448122811389781306e-11 9.085529836033440109e-09 1.048871234588970996e-02 2.786432515999126380e+01 4.544271511669666875e+14 8.335839927667599582e-06
6.547257599999999790e+22 1.031618601045266868e-26 1.447428454951294511e-11 9.085602141780905958e-09 1.048368314194960023e-02 2.787323577980221501e+01 4.551000645304012500e+14 8.335839927667599582e-06
6.554663999999999738e+22 1.031123949152653180e-26 1.446734425952651921e-11 9.085673757281563888e-09 1.047865630964697065e-02 2.788214931970856014e+01 4.557729832233278750e+14 8.335839927667599582e-06
6.562070399999999685e+22 1.030629530563923612e-26 1.446040724294637101e-11 9.085744689119298427e-09 1.047363184826320161e-02 2.789106578001398162e+01 4.564459071950008125e+14 8.335839927667599582e-06
6.569476799999999633e+22 1.030135345207969222e-26 1.445347349877479628e-11 9.085814943815293815e-09 1.046860975707565589e-02 2.789998516102832227e+01 4.571188363951213125e+14 8.335839927667599582e-06
6.576883200000000419e+22 1.029641393013284311e-26 1.444654302600852187e-11 9.085884527828632876e-09 1.046359003535766823e-02 2.790890746306771675e+01 4.577917707738378125e+14 8.335839927667599582e-06
6.584289600000000367e+22 1.029147673907967998e-26 1.443961582363873317e-11 9.085953447556885979e-09 1.045857268237855402e-02 2.791783268645452765e+01 4.584647102817452500e+14 8.335839927667599582e-06
6.591696000000000315e+22 1.028654187819722789e-26 1.443269189065104665e-11 9.086021709336693367e-09 1.045355769740360236e-02 2.792676083151743427e+01 4.591376548698859375e+14 8.335839927667599582e-06
6.599102400000000262e+22 1.028160934675856011e-26 1.442577122602554052e-11 9.086089319444342532e-09 1.044854507969408298e-02 2.793569189859141488e+01 4.598106044897490625e+14 8.335839927667599582e-06
6.606508800000000210e+22 1.027667914403278804e-26 1.441885382873672570e-11 9.086156284096347240e-09 1.044353482850723935e-02 2.794462588801782843e+01 4.604835590932708125e+14 8.335839927667599582e-06
6.613915200000000157e+22 1.027175126928506701e-26 1.441193969775356841e-11 9.086222609450006706e-09 1.043852694309629556e-02 2.795356280014437544e+01 4.611565186328343125e+14 8.335839927667599582e-06
6.621321600000000105e+22 1.026682572177658907e-26 1.440502883203947402e-11 9.086288301603973039e-09 1.043352142271044940e-02 2.796250263532519398e+01 4.618294830612696250e+14 8.335839927667599582e-06
6.628728000000000052e+22 1.026190250076459445e-26 1.439812123055230319e-11 9.086353366598810418e-09 1.042851826659488106e-02 2.797144539392082763e+01 4.625024523318538750e+14 8.335839927667599582e-06
6.636134400000000000e+22 1.025698160550965962e-26 1.439121689225459212e-11 9.086417810417537720e-09 1.042351747399816037e-02 2.798039107628502364e+01 4.631754263983111250e+14 8.335839927667599582e-06
6.643540799999999948e+22 1.025206303526879237e-26 1.438431581610387512e-11 9.086481638986189350e-09 1.041851904416523332e-02 2.798933968277725981e+01 4.638484052148125000e+14 8.335839927667599582e-06
6.650947199999999895e+22 1.024714678928961317e-26 1.437741800104451949e-11 9.086544858174334709e-09 1.041352297633150320e-02 2.799829121377337415e+01 4.645213887359758750e+14 8.335839927667599582e-06
6.658353599999999843e+22 1.024223286681686404e-26 1.437052344601684385e-11 9.086607473795640680e-09 1.040852926972945028e-02 2.800724566965377349e+01 4.651943769168663750e+14 8.335839927667599582e-06
6.665759999999999790e+22 1.023732126709241138e-26 1.436363214995713432e-11 9.086669491608382821e-09 1.040353792358863008e-02 2.801620305080345474e+01 4.658673697129958750e+14 8.335839927667599582e-06
6.673166399999999738e+22 1.023241198935524026e-26 1.435674411179764452e-11 9.086730917315979729e-09 1.039854893713567340e-02 2.802516335761199073e+01 4.665403670803234375e+14 8.335839927667599582e-06
6.680572799999999685e+22 1.022750503284146304e-26 1.434985933046658425e-11 9.086791756567514158e-09 1.039356230959428973e-02 2.803412659047359057e+01 4.672133689752549375e+14 8.335839927667599582e-06
6.687979199999999633e+22 1.022260039678431645e-26 1.434297780488813889e-11 9.086852014958244221e-09 1.038857804018526558e-02 2.804309274978711031e+01 4.678863753546432500e+14 8.335839927667599582e-06
6.695385599999999581e+22 1.021769808041415877e-26 1.433609953398244838e-11 9.086911698030124512e-09 1.038359612812646271e-02 2.805206183595605651e+01 4.685593861757883125e+14 8.335839927667599582e-06
6.702792000000000367e+22 1.021279808295846836e-26 1.432922451666561208e-11 9.086970811272299107e-09 1.037861657263281639e-02 2.806103384938863243e+01 4.692324013962835000e+14 8.335839927667599582e-06
6.710198400000000315e+22 1.020790040364184945e-26 1.432235275184970331e-11 9.087029360121616067e-09 1.037363937291634411e-02 2.807000879049774156e+01 4.699054209737926875e+14 8.335839927667599582e-06
6.717604800000000262e+22 1.020300504168603350e-26 1.431548423844275641e-11 9.087087349963118789e-09 1.036866452818613685e-02 2.807898665970099827e+01 4.705784448668190000e+14 8.335839927667599582e-06
6.725011200000000210e+22 1.019811199630986492e-26 1.430861897534876193e-11 9.087144786130537344e-09 1.036369203764835913e-02 2.808796745742078116e+01 4.712514730342669375e+14 8.335839927667599582e-06
6.732417600000000157e+22 1.019322126672932254e-26 1.430175696146768597e-11 9.087201673906773212e-09 1.035872190050625939e-02 2.809695118408422587e+01 4.719245054354025625e+14 8.335839927667599582e-06
6.739824000000000105e+22 1.018833285215750102e-26 1.429489819569544759e-11 9.087258018524395585e-09 1.035375411596015441e-02 2.810593784012327134e+01 4.725975420298533125e+14 8.335839927667599582e-06
6.747230400000000052e+22 1.018344675180462082e-26 1.428804267692393820e-11 9.087313825166101282e-09 1.034878868320744313e-02 2.811492742597463490e+01 4.732705827776081250e+14 8.335839927667599582e-06
6.754636800000000000e+22 1.017856296487802537e-26 1.428119040404100215e-11 9.087369098965204440e-09 1.034382560144259805e-02 2.812391994207988333e+01 4.739436276390175625e+14 8.335839927667599582e-06
6.762043199999999948e+22 1.017368149058217966e-26 1.427434137593045614e-11 9.087423845006099735e-09 1.033886486985716863e-02 2.813291538888545062e+01 4.746166765747933750e+14 8.335839927667599582e-06
6.769449599999999895e+22 1.016880232811867447e-26 1.426749559147208113e-11 9.087478068324718983e-09 1.033390648763978306e-02 2.814191376684259538e+01 4.752897295460091250e+14 8.335839927667599582e-06
6.776855999999999843e+22 1.016392547668622217e-26 1.426065304954161589e-11 9.087531773909010910e-09 1.032895045397614134e-02 2.815091507640752866e+01 4.759627865140996875e+14 8.335839927667599582e-06
6.784262399999999790e+22 1.015905093548066090e-26 1.425381374901076506e-11 9.087584966699381206e-09 1.032399676804902564e-02 2.815991931804132165e+01 4.766358474408613750e+14 8.335839927667599582e-06
6.791668799999999738e+22 1.015417870369494465e-26 1.424697768874719916e-11 9.087637651589145827e-09 1.031904542903828818e-02 2.816892649221002642e+01 4.773089122884520625e+14 8.335839927667599582e-06
6.799075199999999685e+22 1.014930878051916182e-26 1.424014486761454813e-11 9.087689833424992553e-09 1.031409643612086514e-02 2.817793659938461204e+01 4.779819810193911875e+14 8.335839927667599582e-06
6.806481599999999633e+22 1.014444116514051230e-26 1.423331528447240939e-11 9.087741517007409477e-09 1.030914978847076099e-02 2.818694964004105685e+01 4.786550535965594375e+14 8.335839927667599582e-06
6.813888000000000419e+22 1.013957585674332614e-26 1.422648893817634303e-11 9.087792707091123404e-09 1.030420548525906241e-02 2.819596561466032369e+01 4.793281299831993125e+14 8.335839927667599582e-06
6.821294400000000367e+22 1.013471285450905921e-26 1.421966582757787339e-11 9.087843408385553147e-09 1.029926352565393305e-02 2.820498452372839893e+01 4.800012101429143750e+14 8.335839927667599582e-06
6.828700800000000315e+22 1.012985215761628173e-26 1.421284595152448261e-11 9.087893625555216503e-09 1.029432390882060837e-02 2.821400636773632087e+01 4.806742940396700625e+14 8.335839927667599582e-06
6.836107200000000262e+22 1.012499376524083615e-26 1.420602930885982714e-11 9.087943363220173620e-09 1.028938663392154999e-02 2.822303114717990624e+01 4.813473816377930625e+14 8.335839927667599582e-06
6.843513600000000210e+22 1.012013767656280509e-26 1.419921589843350552e-11 9.087992625956450511e-09 1.028445170012352514e-02 2.823205886254685382e+01 4.820204729019716250e+14 8.335839927667599582e-06
6.850920000000000157e+22 1.011528389075705381e-26 1.419240571908780095e-11 9.088041418296441068e-09 1.027951910658800490e-02 2.824108951433424508e+01 4.826935677972555000e+14 8.335839927667599582e-06
6.858326400000000105e+22 1.011043240699254855e-26 1.418559876965671673e-11 9.088089744729340503e-09 1.027458885247045997e-02 2.825012310304992269e+01 4.833666662890558750e+14 8.335839927667599582e-06
6.865732800000000052e+22 1.010558322443620934e-26 1.417879504897139333e-11 9.088137609701550663e-09 1.026966093692428632e-02 2.825915962920528557e+01 4.840397683431455000e+14 8.335839927667599582e-06
6.873139200000000000e+22 1.010073634225291863e-26 1.417199455586009873e-11 9.088185017617078739e-09 1.026473535910080691e-02 2.826819909331537062e+01 4.847128739253511875e+14 8.335839927667599582e-06
6.880545599999999948e+22 1.009589175960551981e-26 1.416519728914825099e-11 9.088231972837950848e-09 1.025981211814927171e-02 2.827724149589879232e+01 4.853859830017880000e+14 8.335839927667599582e-06
6.887951999999999895e+22 1.009104947565481007e-26 1.415840324765839243e-11 9.088278479684612393e-09 1.025489121321685251e-02 2.828628683747780670e+01 4.860590955392073125e+14 8.335839927667599582e-06
6.895358399999999843e+22 1.008620948955954902e-26 1.415161243021020581e-11 9.088324542436311874e-09 1.024997264344864982e-02 2.829533511857831840e+01 4.867322115046503750e+14 8.335839927667599582e-06
6.902764799999999790e+22 1.008137180047645432e-26 1.414482483562051748e-11 9.088370165331506205e-09 1.024505640798769115e-02 2.830438633972989138e+01 4.874053308654475625e+14 8.335839927667599582e-06
6.910171199999999738e+22 1.007653640756020177e-26 1.413804046270327809e-11 9.088415352568232950e-09 1.024014250597492758e-02 2.831344050146576663e+01 4.880784535892184375e+14 8.335839927667599582e-06
6.917577599999999685e+22 1.007170330996343099e-26 1.413125931026958030e-11 9.088460108304517288e-09 1.023523093654923714e-02 2.832249760432286934e+01 4.887515796438720625e+14 8.335839927667599582e-06
6.924983999999999633e+22 1.006687250683673107e-26 1.412448137712765394e-11 9.088504436658727709e-09 1.023032169884742146e-02 2.833155764884184435e+01 4.894247089976066250e+14 8.335839927667599582e-06
6.932390399999999581e+22 1.006204399732866069e-26 1.411770666208286603e-11 9.088548341709974707e-09 1.022541479200421259e-02 2.834062063556705979e+01 4.900978416189096250e+14 8.335839927667599582e-06
6.939796800000000367e+22 1.005721778058572801e-26 1.411093516393771269e-11 9.088591827498473094e-09 1.022051021515226268e-02 2.834968656504661766e+01 4.907709774765578750e+14 8.335839927667599582e-06
6.947203200000000315e+22 1.005239385575240790e-26 1.410416688149183854e-11 9.088634898025905950e-09 1.021560796742215609e-02 2.835875543783238584e+01 4.914441165396173750e+14 8.335839927667599582e-06
6.954609600000000262e+22 1.004757222197113333e-26 1.409740181354201566e-11 9.088677557255818369e-09 1.021070804794239895e-02 2.836782725447999098e+01 4.921172587774435000e+14 8.335839927667599582e-06
6.962016000000000210e+22 1.004275287838228817e-26 1.409063995888215172e-11 9.088719809113935091e-09 1.020581045583942269e-02 2.837690201554885761e+01 4.927904041596807500e+14 8.335839927667599582e-06
6.969422400000000157e+22 1.003793582412422588e-26 1.408388131630329640e-11 9.088761657488574097e-09 1.020091519023758747e-02 2.838597972160221872e+01 4.934635526562631250e+14 8.335839927667599582e-06
6.976828800000000105e+22 1.003312105833325372e-26 1.407712588459363333e-11 9.088803106230955969e-09 1.019602225025917699e-02 2.839506037320711940e+01 4.941367042374137500e+14 8.335839927667599582e-06
6.984235200000000052e+22 1.002830858014363558e-26 1.407037366253847849e-11 9.088844159155584397e-09 1.019113163502440196e-02 2.840414397093445587e+01 4.948098588736450625e+14 8.335839927667599582e-06
6.991641600000000000e+22 1.002349838868760065e-26 1.406362464892029309e-11 9.088884820040585322e-09 1.018624334365140008e-02 2.841323051535896482e+01 4.954830165357587500e+14 8.335839927667599582e-06
6.999047999999999948e+22 1.001869048309533190e-26 1.405687884251866584e-11 9.088925092628059316e-09 1.018135737525623086e-02 2.842232000705924833e+01 4.961561771948458125e+14 8.335839927667599582e-06
7.006454399999999895e+22 1.001388486249497325e-26 1.405013624211032588e-11 9.088964980624420724e-09 1.017647372895288428e-02 2.843141244661781641e+01 4.968293408222865000e+14 8.335839927667599582e-06
7.013860799999999843e+22 1.000908152601262817e-26 1.404339684646913787e-11 9.089004487700730191e-09 1.017159240385327387e-02 2.844050783462106224e+01 4.975025073897503125e+14 8.335839927667599582e-06
7.021267199999999790e+22 1.000428047277235822e-26 1.403666065436610369e-11 9.089043617493043734e-09 1.016671339906723842e-02 2.844960617165930472e+01 4.981756768691961875e+14 8.335839927667599582e-06
7.028673599999999738e+22 9.999481701896183048e-27 1.402992766456936400e-11 9.089082373602738649e-09 1.016183671370254546e-02 2.845870745832680626e+01 4.988488492328720625e+14 8.335839927667599582e-06
7.036079999999999685e+22 9.994685212504084714e-27 1.402319787584418694e-11 9.089120759596852657e-09 1.015696234686488432e-02 2.846781169522176214e+01 4.995220244533154375e+14 8.335839927667599582e-06
7.043486399999999633e+22 9.989891003713999058e-27 1.401647128695298591e-11 9.089158779008393269e-09 1.015209029765787307e-02 2.847691888294636087e+01 5.001952025033471875e+14 8.335839927667599582e-06
7.050892800000000419e+22 9.985099074643999677e-27 1.400974789665835850e-11 9.089196435336678583e-09 1.014722056518526511e-02 2.848602902210262044e+01 5.008683833557076250e+14 8.335839927667599582e-06
7.058299200000000367e+22 9.980309424414702864e-27 1.400302770372647112e-11 9.089233732047646649e-09 1.014235314855339853e-02 2.849514211328783375e+01 5.015415669835386875e+14 8.335839927667599582e-06
7.065705600000000315e+22 9.975522052139507215e-27 1.399631070691336368e-11 9.089270672574188001e-09 1.013748804686127533e-02 2.850425815711312083e+01 5.022147533604360625e+14 8.335839927667599582e-06
7.073112000000000262e+22 9.970736956930001879e-27 1.398959690497253800e-11 9.089307260316441782e-09 1.013262525920606213e-02 2.851337715419319707e+01 5.028879424602241250e+14 8.335839927667599582e-06
7.080518400000000210e+22 9.965954137896374081e-27 1.398288629665552975e-11 9.089343498642118344e-09 1.012776478468349790e-02 2.852249910514559517e+01 5.035611342569561250e+14 8.335839927667599582e-06
7.087924800000000157e+22 9.961173594147410552e-27 1.397617888071190517e-11 9.089379390886803656e-09 1.012290662238789912e-02 2.853162401059068287e+01 5.042343287249141875e+14 8.335839927667599582e-06
7.095331200000000105e+22 9.956395324790497534e-27 1.396947465588927242e-11 9.089414940354280246e-09 1.011805077141215981e-02 2.854075187115165235e+01 5.049075258386092500e+14 8.335839927667599582e-06
7.102737600000000052e+22 9.951619328931616471e-27 1.396277362093326382e-11 9.089450150316801825e-09 1.011319723084774629e-02 2.854988268745458058e+01 5.055807255727810000e+14 8.335839927667599582e-06
7.110144000000000000e+22 9.946845605675348317e-27 1.395607577458754548e-11 9.089485024015417542e-09 1.010834599978469896e-02 2.855901646012841510e+01 5.062539279023980625e+14 8.335839927667599582e-06
7.117550399999999948e+22 9.942074154124872100e-27 1.394938111559382222e-11 9.089519564660258192e-09 1.010349707731163921e-02 2.856815318980496343e+01 5.069271328026579375e+14 8.335839927667599582e-06
7.124956799999999895e+22 9.937304973381967790e-27 1.394268964269183105e-11 9.089553775430837303e-09 1.009865046251576075e-02 2.857729287711892496e+01 5.076003402489868125e+14 8.335839927667599582e-06
7.132363199999999843e+22 9.932538062547007693e-27 1.393600135461933314e-11 9.089587659476332384e-09 1.009380615448282961e-02 2.858643552270794075e+01 5.082735502170397500e+14 8.335839927667599582e-06
7.139769599999999790e+22 9.927773420718967926e-27 1.392931625011213641e-11 9.089621219915886015e-09 1.008896415229719283e-02 2.859558112721252598e+01 5.089467626827007500e+14 8.335839927667599582e-06
7.147175999999999738e+22 9.923011046995421247e-27 1.392263432790407290e-11 9.089654459838887088e-09 1.008412445504176976e-02 2.860472969127615173e+01 5.096199776220825625e+14 8.335839927667599582e-06
7.154582399999999685e+22 9.918250940472537053e-27 1.391595558672701495e-11 9.089687382305242127e-09 1.007928706179805727e-02 2.861388121554522712e+01 5.102931950115268125e+14 8.335839927667599582e-06
7.161988799999999633e+22 9.913493100245082812e-27 1.390928002531085744e-11 9.089719990345681337e-09 1.007445197164612456e-02 2.862303570066911007e+01 5.109664148276038750e+14 8.335839927667599582e-06
7.169395199999999581e+22 9.908737525406428374e-27 1.390260764238353713e-11 9.089752286962013385e-09 1.006961918366462011e-02 2.863219314730011789e+01 5.116396370471130000e+14 8.335839927667599582e-06
7.176801600000000367e+22 9.903984215048537356e-27 1.389593843667102302e-11 9.089784275127416559e-09 1.006478869693076469e-02 2.864135355609356992e+01 5.123128616470825000e+14 8.335839927667599582e-06
7.184208000000000315e+22 9.899233168261972884e-27 1.388927240689731631e-11 9.089815957786695198e-09 1.005996051052035489e-02 2.865051692770775560e+01 5.129860886047690000e+14 8.335839927667599582e-06
7.191614400000000262e+22 9.894484384135896157e-27 1.388260955178444719e-11 9.089847337856574170e-09 1.005513462350776481e-02 2.865968326280397704e+01 5.136593178976585000e+14 8.335839927667599582e-06
7.199020800000000210e+22 9.889737861758067885e-27 1.387594987005248775e-11 9.089878418225933786e-09 1.005031103496594261e-02 2.866885256204654553e+01 5.143325495034655000e+14 8.335839927667599582e-06
7.206427200000000157e+22 9.884993600214845414e-27 1.386929336041953422e-11 9.089909201756110901e-09 1.004548974396641224e-02 2.867802482610281345e+01 5.150057834001334375e+14 8.335839927667599582e-06
7.213833600000000105e+22 9.880251598591187036e-27 1.386264002160172475e-11 9.089939691281128863e-09 1.004067074957927345e-02 2.868720005564316367e+01 5.156790195658346875e+14 8.335839927667599582e-06
7.221240000000000052e+22 9.875511855970646245e-27 1.385598985231322485e-11 9.089969889607983721e-09 1.003585405087320179e-02 2.869637825134102016e+01 5.163522579789702500e+14 8.335839927667599582e-06
7.228646400000000000e+22 9.870774371435373175e-27 1.384934285126623385e-11 9.089999799516885763e-09 1.003103964691544510e-02 2.870555941387290488e+01 5.170254986181693750e+14 8.335839927667599582e-06
7.236052799999999948e+22 9.866039144066121773e-27 1.384269901717098169e-11 9.090029423761512630e-09 1.002622753677182878e-02 2.871474354391838446e+01 5.176987414619831875e+14 8.335839927667599582e-06
7.243459199999999895e+22 9.861306172942241190e-27 1.383605834873574185e-11 9.090058765069285598e-09 1.002141771950675747e-02 2.872393064216014480e+01 5.183719864892226875e+14 8.335839927667599582e-06
7.250865599999999843e+22 9.856575457141677215e-27 1.382942084466681191e-11 9.090087826141586295e-09 1.001661019418320642e-02 2.873312070928393780e+01 5.190452336791257500e+14 8.335839927667599582e-06
7.258271999999999790e+22 9.851846995740978018e-27 1.382278650366852169e-11 9.090116609654028020e-09 1.001180495986272664e-02 2.874231374597868438e+01 5.197184830111093750e+14 8.335839927667599582e-06
7.265678399999999738e+22 9.847120787817017496e-27 1.381615532444567276e-11 9.090145118256698932e-09 1.000700201560720745e-02 2.875150975293300704e+01 5.203917344647690625e+14 8.335839927667599582e-06
7.273084799999999685e+22 9.842396832448821941e-27 1.380952730570607330e-11 9.090173354574393661e-09 1.000220136048072042e-02 2.876070873083177304e+01 5.210649880198791250e+14 8.335839927667599582e-06
7.280491199999999633e+22 9.837675128709950561e-27 1.380290244614987035e-11 9.090201321206868082e-09 9.997402993541782551e-03 2.876991068037088795e+01 5.217382436563925625e+14 8.335839927667599582e-06
7.287897600000000419e+22 9.832955675672732834e-27 1.379628074447547908e-11 9.090229020729069266e-09 9.992606913847661837e-03 2.877911560224907817e+01 5.224115013544412500e+14 8.335839927667599582e-06
7.295304000000000367e+22 9.828238472408581314e-27 1.378966219938003024e-11 9.090256455691372058e-09 9.987813120454694729e-03 2.878832349716730121e+01 5.230847610943355625e+14 8.335839927667599582e-06
7.302710400000000315e+22 9.823523517987994505e-27 1.378304680955937343e-11 9.090283628619817305e-09 9.983021612418286131e-03 2.879753436582872794e+01 5.237580228565647500e+14 8.335839927667599582e-06
7.310116800000000262e+22 9.818810811480549690e-27 1.377643457370806254e-11 9.090310542016345118e-09 9.978232388792907664e-03 2.880674820893878874e+01 5.244312866217968125e+14 8.335839927667599582e-06
7.317523200000000210e+22 9.814100351954907226e-27 1.376982549051937031e-11 9.090337198359018214e-09 9.973445448632099405e-03 2.881596502720516639e+01 5.251045523708784375e+14 8.335839927667599582e-06
7.324929600000000157e+22 9.809392138478813426e-27 1.376321955868527863e-11 9.090363600102250213e-09 9.968660790988468148e-03 2.882518482133779969e+01 5.257778200848351250e+14 8.335839927667599582e-06
7.332336000000000105e+22 9.804686170119087633e-27 1.375661677689648175e-11 9.090389749677038911e-09 9.963878414913685672e-03 2.883440759204889403e+01 5.264510897448710625e+14 8.335839927667599582e-06
7.339742400000000052e+22 9.799982445941646624e-27 1.375001714384239278e-11 9.090415649491179683e-09 9.959098319458499146e-03 2.884363334005294632e+01 5.271243613323690625e+14 8.335839927667599582e-06
7.347148800000000000e+22 9.795280965011474467e-27 1.374342065821112749e-11 9.090441301929495448e-09 9.954320503672713788e-03 2.885286206606672721e+01 5.277976348288908750e+14 8.335839927667599582e-06
7.354555199999999948e+22 9.790581726392645490e-27 1.373682731868951889e-11 9.090466709354045113e-09 9.949544966605206736e-03 2.886209377080932015e+01 5.284709102161768750e+14 8.335839927667599582e-06
7.361961599999999895e+22 9.785884729148318531e-27 1.373023712396311560e-11 9.090491874104351875e-09 9.944771707303925318e-03 2.887132845500209655e+01 5.291441874761461250e+14 8.335839927667599582e-06
7.369367999999999843e+22 9.781189972340728336e-27 1.372365007271617537e-11 9.090516798497611674e-09 9.940000724815880109e-03 2.888056611936875484e+01 5.298174665908965000e+14 8.335839927667599582e-06
7.376774399999999790e+22 9.776497455031195600e-27 1.371706616363166834e-11 9.090541484828901640e-09 9.935232018187150141e-03 2.888980676463533825e+01 5.304907475427046250e+14 8.335839927667599582e-06
7.384180799999999738e+22 9.771807176280122663e-27 1.371048539539127703e-11 9.090565935371406739e-09 9.930465586462882896e-03 2.889905039153017796e+01 5.311640303140258125e+14 8.335839927667599582e-06
7.391587199999999685e+22 9.767119135146996381e-27 1.370390776667539956e-11 9.090590152376610030e-09 9.925701428687294312e-03 2.890829700078398901e+01 5.318373148874941250e+14 8.335839927667599582e-06
7.398993599999999633e+22 9.762433330690382383e-27 1.369733327616313997e-11 9.090614138074509380e-09 9.920939543903663574e-03 2.891754659312982767e+01 5.325106012459223750e+14 8.335839927667599582e-06
7.406399999999999581e+22 9.757749761967933686e-27 1.369076192253232759e-11 9.090637894673820953e-09 9.916179931154343527e-03 2.892679916930310213e+01 5.331838893723020625e+14 8.335839927667599582e-06
7.413806400000000367e+22 9.753068428036377773e-27 1.368419370445948961e-11 9.090661424362186007e-09 9.911422589480748530e-03 2.893605473004160800e+01 5.338571792498035625e+14 8.335839927667599582e-06
7.421212800000000315e+22 9.748389327951532386e-27 1.367762862061987203e-11 9.090684729306361143e-09 9.906667517923364863e-03 2.894531327608552118e+01 5.345304708617756875e+14 8.335839927667599582e-06
7.428619200000000262e+22 9.743712460768295474e-27 1.367106666968743810e-11 9.090707811652423448e-09 9.901914715521743793e-03 2.895457480817739437e+01 5.352037641916583750e+14 8.335839927667599582e-06
7.436025600000000210e+22 9.739037825540645198e-27 1.366450785033485696e-11 9.090730673525972323e-09 9.897164181314506773e-03 2.896383932706218189e+01 5.358770592227720625e+14 8.335839927667599582e-06
7.443432000000000157e+22 9.734365421321642798e-27 1.365795216123351178e-11 9.090753317032318086e-09 9.892415914339338506e-03 2.897310683348726101e+01 5.365503559389134375e+14 8.335839927667599582e-06
7.450838400000000105e+22 9.729695247163435464e-27 1.365139960105349806e-11 9.090775744256677181e-09 9.887669913632995619e-03 2.898237732820241064e+01 5.372236543240597500e+14 8.335839927667599582e-06
7.458244800000000052e+22 9.725027302117247726e-27 1.364485016846363017e-11 9.090797957264369051e-09 9.882926178231299721e-03 2.899165081195985749e+01 5.378969543623258125e+14 8.335839927667599582e-06
7.465651200000000000e+22 9.720361585233390065e-27 1.363830386213142678e-11 9.090819958100993153e-09 9.878184707169140877e-03 2.900092728551424415e+01 5.385702560379641250e+14 8.335839927667599582e-06
7.473057599999999948e+22 9.715698095561253170e-27 1.363176068072312054e-11 9.090841748792630790e-09 9.873445499480475868e-03 2.901020674962268231e+01 5.392435593353648125e+14 8.335839927667599582e-06
7.480463999999999895e+22 9.711036832149491614e-27 1.362522062290391012e-11 9.090863331346023782e-09 9.868708554198512076e-03 2.901948920504436202e+01 5.399168642390557500e+14 8.335839927667599582e-06
7.487870399999999843e+22 9.706377794049487768e-27 1.361868368734282800e-11 9.090884707748756448e-09 9.863973870359230706e-03 2.902877465253368428e+01 5.405901707337023125e+14 8.335839927667599582e-06
7.495276799999999790e+22 9.701720980309871811e-27 1.361214987270503570e-11 9.090905879969450815e-09 9.859241446995814853e-03 2.903806309285115717e+01 5.412634788041077500e+14 8.335839927667599582e-06
7.502683199999999738e+22 9.697066389977253538e-27 1.360561917765286745e-11 9.090926849957928753e-09 9.854511283139395436e-03 2.904735452676194285e+01 5.419367884352127500e+14 8.335839927667599582e-06
7.510089599999999685e+22 9.692414022097698909e-27 1.359909160084788687e-11 9.090947619645407182e-09 9.849783377820548261e-03 2.905664895503299405e+01 5.426100996120957500e+14 8.335839927667599582e-06
7.517495999999999633e+22 9.687763875716711388e-27 1.359256714095087723e-11 9.090968190944676750e-09 9.845057730069280144e-03 2.906594637843299722e+01 5.432834123199728125e+14 8.335839927667599582e-06
7.524902400000000419e+22 9.683115949879243430e-27 1.358604579662183987e-11 9.090988565750250720e-09 9.840334338915037588e-03 2.907524679773244358e+01 5.439567265441978750e+14 8.335839927667599582e-06
7.532308800000000367e+22 9.678470243629692168e-27 1.357952756652000549e-11 9.091008745938576730e-09 9.835613203386701572e-03 2.908455021370360072e+01 5.446300422702620625e+14 8.335839927667599582e-06
7.539715200000000315e+22 9.673826756011902291e-27 1.357301244930382446e-11 9.091028733368182380e-09 9.830894322512592765e-03 2.909385662712051612e+01 5.453033594837945625e+14 8.335839927667599582e-06
7.547121600000000262e+22 9.669185486069163168e-27 1.356650044363096844e-11 9.091048529879865478e-09 9.826177695320466310e-03 2.910316603875904207e+01 5.459766781705620625e+14 8.335839927667599582e-06
7.554528000000000210e+22 9.664546432844211721e-27 1.355999154815833361e-11 9.091068137296831356e-09 9.821463320837517039e-03 2.911247844939683205e+01 5.466499983164689375e+14 8.335839927667599582e-06
7.561934399999999318e+22 9.659909595379228117e-27 1.355348576154203742e-11 9.091087557424909590e-09 9.816751198090374261e-03 2.912179385981335855e+01 5.473233199075571250e+14 8.335839927667599582e-06
7.569340800000000105e+22 9.655274972715838644e-27 1.354698308243742025e-11 9.091106792052668151e-09 9.812041326105103503e-03 2.913111227078989174e+01 5.479966429300065000e+14 8.335839927667599582e-06
7.576747199999999214e+22 9.650642563895120009e-27 1.354048350949904698e-11 9.091125842951618544e-09 9.807333703907211708e-03 2.914043368310953852e+01 5.486699673701341250e+14 8.335839927667599582e-06
7.584153600000000000e+22 9.646012367957587863e-27 1.353398704138070055e-11 9.091144711876351471e-09 9.802628330521636832e-03 2.914975809755724967e+01 5.493432932143953125e+14 8.335839927667599582e-06
7.591560000000000786e+22 9.641384383943209714e-27 1.352749367673539327e-11 9.091163400564713840e-09 9.797925204972758248e-03 2.915908551491977718e+01 5.500166204493825625e+14 8.335839927667599582e-06
7.598966399999999895e+22 9.636758610891396315e-27 1.352100341421535226e-11 9.091181910737962629e-09 9.793224326284389811e-03 2.916841593598575955e+01 5.506899490618259375e+14 8.335839927667599582e-06
7.606372800000000682e+22 9.632135047841004539e-27 1.351451625247203079e-11 9.091200244100925350e-09 9.788525693479783324e-03 2.917774936154565424e+01 5.513632790385936875e+14 8.335839927667599582e-06
7.613779199999999790e+22 9.627513693830335940e-27 1.350803219015610663e-11 9.091218402342145640e-09 9.783829305581626806e-03 2.918708579239179812e+01 5.520366103666912500e+14 8.335839927667599582e-06
7.621185600000000577e+22 9.622894547897139624e-27 1.350155122591747564e-11 9.091236387134061931e-09 9.779135161612044491e-03 2.919642522931838613e+01 5.527099430332620625e+14 8.335839927667599582e-06
7.628591999999999685e+22 9.618277609078613684e-27 1.349507335840526461e-11 9.091254200133138139e-09 9.774443260592602031e-03 2.920576767312148903e+01 5.533832770255868125e+14 8.335839927667599582e-06
7.635998400000000472e+22 9.613662876411390851e-27 1.348859858626780713e-11 9.091271842980030762e-09 9.769753601544292620e-03 2.921511312459904630e+01 5.540566123310046250e+14 8.335839927667599582e-06
7.643404799999999581e+22 9.609050348931567193e-27 1.348212690815267905e-11 9.091289317299726188e-09 9.765066183487559545e-03 2.922446158455088394e+01 5.547299489367210000e+14 8.335839927667599582e-06
7.650811200000000367e+22 9.604440025674666240e-27 1.347565832270666134e-11 9.091306624701706129e-09 9.760381005442268429e-03 2.923381305377875350e+01 5.554032868303536875e+14 8.335839927667599582e-06
7.658217599999999476e+22 9.599831905675670553e-27 1.346919282857577082e-11 9.091323766780081629e-09 9.755698066427733253e-03 2.924316753308625749e+01 5.560766259996630625e+14 8.335839927667599582e-06
7.665624000000000262e+22 9.595225987969004507e-27 1.346273042440523914e-11 9.091340745113751881e-09 9.751017365462700745e-03 2.925252502327895243e+01 5.567499664325145000e+14 8.335839927667599582e-06
7.673030399999999371e+22 9.590622271588535724e-27 1.345627110883952244e-11 9.091357561266538228e-09 9.746338901565352111e-03 2.926188552516427066e+01 5.574233081168771250e+14 8.335839927667599582e-06
7.680436800000000157e+22 9.586020755567580812e-27 1.344981488052229655e-11 9.091374216787329751e-09 9.741662673753308244e-03 2.927124903955159851e+01 5.580966510408250625e+14 8.335839927667599582e-06
7.687843199999999266e+22 9.581421438938903931e-27 1.344336173809646990e-11 9.091390713210233811e-09 9.736988681043629718e-03 2.928061556725223014e+01 5.587699951925363125e+14 8.335839927667599582e-06
7.695249600000000052e+22 9.576824320734709620e-27 1.343691168020415927e-11 9.091407052054713364e-09 9.732316922452806385e-03 2.928998510907939945e+01 5.594433405602936875e+14 8.335839927667599582e-06
7.702655999999999161e+22 9.572229399987057489e-27 1.343046470548728272e-11 9.091423234825719311e-09 9.727647396997182380e-03 2.929935766584747014e+01 5.601166871324838125e+14 8.335839927667599582e-06
7.710062399999999948e+22 9.567636675730232724e-27 1.342402081259087965e-11 9.091439263013837732e-09 9.722980103695363918e-03 2.930873323836705779e+01 5.607900348975983125e+14 8.335839927667599582e-06
7.717468800000000734e+22 9.563046146995852977e-27 1.341758000015624612e-11 9.091455138095425549e-09 9.718315041563245840e-03 2.931811182745503430e+01 5.614633838442328125e+14 8.335839927667599582e-06
7.724875199999999843e+22 9.558457812814631895e-27 1.341114226682340835e-11 9.091470861532742868e-09 9.713652209615803584e-03 2.932749343393097163e+01 5.621367339610871250e+14 8.335839927667599582e-06
7.732281600000000629e+22 9.553871672216994701e-27 1.340470761123198864e-11 9.091486434774086991e-09 9.708991606867719421e-03 2.933687805861582731e+01 5.628100852369660625e+14 8.335839927667599582e-06
7.739687999999999738e+22 9.549287724233086812e-27 1.339827603202121997e-11 9.091501859253934683e-09 9.704333232333392859e-03 2.934626570233200482e+01 5.634834376607780000e+14 8.335839927667599582e-06
7.747094400000000524e+22 9.544705967892762349e-27 1.339184752782992494e-11 9.091517136393061290e-09 9.699677085026926771e-03 2.935565636590331096e+01 5.641567912215366250e+14 8.335839927667599582e-06
7.754500799999999633e+22 9.540126402225602800e-27 1.338542209729653842e-11 9.091532267598681359e-09 9.695023163962144738e-03 2.936505005015499847e+01 5.648301459083591250e+14 8.335839927667599582e-06
7.761907200000000419e+22 9.535549026260896926e-27 1.337899973905909136e-11 9.091547254264566099e-09 9.690371468152575440e-03 2.937444675591373766e+01 5.655035017104676250e+14 8.335839927667599582e-06
7.769313599999999528e+22 9.530973839027656547e-27 1.337258045175522537e-11 9.091562097771193926e-09 9.685721996611466530e-03 2.938384648400763766e+01 5.661768586171882500e+14 8.335839927667599582e-06
7.776720000000000315e+22 9.526400839554602191e-27 1.336616423402217333e-11 9.091576799485849723e-09 9.681074748351769024e-03 2.939324923526627487e+01 5.668502166179518750e+14 8.335839927667599582e-06
7.784126399999999423e+22 9.521830026870181750e-27 1.335975108449677550e-11 9.091591360762770429e-09 9.676429722386152912e-03 2.940265501052063968e+01 5.675235757022933750e+14 8.335839927667599582e-06
7.791532800000000210e+22 9.517261400002550393e-27 1.335334100181547959e-11 9.091605782943262494e-09 9.671786917726998486e-03 2.941206381060319686e+01 5.681969358598522500e+14 8.335839927667599582e-06
7.798939199999999318e+22 9.512694957979584908e-27 1.334693398461432453e-11 9.091620067355825958e-09 9.667146333386394605e-03 2.942147563634787488e+01 5.688702970803722500e+14 8.335839927667599582e-06
7.806345600000000105e+22 9.508130699828873666e-27 1.334053003152896154e-11 9.091634215316275221e-09 9.662507968376143896e-03 2.943089048859005530e+01 5.695436593537017500e+14 8.335839927667599582e-06
7.813751999999999214e+22 9.503568624577726659e-27 1.333412914119463791e-11 9.091648228127863115e-09 9.657871821707764495e-03 2.944030836816657981e+01 5.702170226697928750e+14 8.335839927667599582e-06
7.821158400000000000e+22 9.499008731253168329e-27 1.332773131224620514e-11 9.091662107081396714e-09 9.653237892392479633e-03 2.944972927591578582e+01 5.708903870187030000e+14 8.335839927667599582e-06
7.828564800000000786e+22 9.494451018881936134e-27 1.332133654331811730e-11 9.091675853455361411e-09 9.648606179441228045e-03 2.945915321267748510e+01 5.715637523905931250e+14 8.335839927667599582e-06
7.835971199999999895e+22 9.489895486490493457e-27 1.331494483304443099e-11 9.091689468516031756e-09 9.643976681864663975e-03 2.946858017929295315e+01 5.722371187757287500e+14 8.335839927667599582e-06
7.843377600000000682e+22 9.485342133105010958e-27 1.330855618005880055e-11 9.091702953517597193e-09 9.639349398673146760e-03 2.947801017660498601e+01 5.729104861644803750e+14 8.335839927667599582e-06
7.850783999999999790e+22 9.480790957751376615e-27 1.330217058299449260e-11 9.091716309702269588e-09 9.634724328876751245e-03 2.948744320545784703e+01 5.735838545473220000e+14 8.335839927667599582e-06
7.858190400000000577e+22 9.476241959455201463e-27 1.329578804048436497e-11 9.091729538300395731e-09 9.630101471485264311e-03 2.949687926669731297e+01 5.742572239146730000e+14 8.335839927667599582e-06
7.865596799999999685e+22 9.471695137241805249e-27 1.328940855116088295e-11 9.091742640530581409e-09 9.625480825508183139e-03 2.950631836117067763e+01 5.749305942569503750e+14 8.335839927667599582e-06
7.873003200000000472e+22 9.467150490136230777e-27 1.328303211365611598e-11 9.091755617599792323e-09 9.620862389954718680e-03 2.951576048972671984e+01 5.756039655649002500e+14 8.335839927667599582e-06
7.880409599999999581e+22 9.462608017163232431e-27 1.327665872660172799e-11 9.091768470703471549e-09 9.616246163833792188e-03 2.952520565321574253e+01 5.762773378293495000e+14 8.335839927667599582e-06
7.887816000000000367e+22 9.458067717347280477e-27 1.327028838862899357e-11 9.091781201025643761e-09 9.611632146154035217e-03 2.953465385248959763e+01 5.769507110412032500e+14 8.335839927667599582e-06
7.895222399999999476e+22 9.453529589712569677e-27 1.326392109836878986e-11 9.091793809739037656e-09 9.607020335923798296e-03 2.954410508840160787e+01 5.776240851914440000e+14 8.335839927667599582e-06
7.902628800000000262e+22 9.448993633283000632e-27 1.325755685445158364e-11 9.091806298005171977e-09 9.602410732151133582e-03 2.955355936180668408e+01 5.782974602711321250e+14 8.335839927667599582e-06
7.910035199999999371e+22 9.444459847082199869e-27 1.325119565550746367e-11 9.091818666974479595e-09 9.597803333843815676e-03 2.956301667356123630e+01 5.789708362714057500e+14 8.335839927667599582e-06
7.917441600000000157e+22 9.439928230133501193e-27 1.324483750016610185e-11 9.091830917786413383e-09 9.593198140009320807e-03 2.957247702452323068e+01 5.796442131834810000e+14 8.335839927667599582e-06
7.924847999999999266e+22 9.435398781460130786e-27 1.323848238705701663e-11 9.091843051569538866e-09 9.588595149655014180e-03 2.958194041555183063e+01 5.803175909986512500e+14 8.335839927667599582e-06
7.932254400000000052e+22 9.430871500087144368e-27 1.323213031481230168e-11 9.091855069441648365e-09 9.583994361790124095e-03 2.959140684750331829e+01 5.809909697082882500e+14 8.335839927667599582e-06
7.939660800000000839e+22 9.426346385038033583e-27 1.322578128206185025e-11 9.091866972509858610e-09 9.579395775422286374e-03 2.960087632123821422e+01 5.816643493038411250e+14 8.335839927667599582e-06
7.947067199999999948e+22 9.421823435335509475e-27 1.321943528743446347e-11 9.091878761870718273e-09 9.574799389558345808e-03 2.961034883761960401e+01 5.823377297768365000e+14 8.335839927667599582e-06
7.954473600000000734e+22 9.417302650002202733e-27 1.321309232955882290e-11 9.091890438610300607e-09 9.570205203205060449e-03 2.961982439751175988e+01 5.830111111188796250e+14 8.335839927667599582e-06
7.961879999999999843e+22 9.412784028060659382e-27 1.320675240706350348e-11 9.091902003804314295e-09 9.565613215369110287e-03 2.962930300178005538e+01 5.836844933216526250e+14 8.335839927667599582e-06
7.969286400000000629e+22 9.408267568533337919e-27 1.320041551857694764e-11 9.091913458518186164e-09 9.561023425057079903e-03 2.963878465129106843e+01 5.843578763769161250e+14 8.335839927667599582e-06
7.976692799999999738e+22 9.403753270442620789e-27 1.319408166272749285e-11 9.091924803807178645e-09 9.556435831275479284e-03 2.964826934691249249e+01 5.850312602765078750e+14 8.335839927667599582e-06
7.984099200000000524e+22 9.399241132810800036e-27 1.318775083814335214e-11 9.091936040716474147e-09 9.551850433030726478e-03 2.965775708951321477e+01 5.857046450123437500e+14 8.335839927667599582e-06
7.991505599999999633e+22 9.394731154660088783e-27 1.318142304345262709e-11 9.091947170281274317e-09 9.547267229329158000e-03 2.966724787996324864e+01 5.863780305764173750e+14 8.335839927667599582e-06
7.998912000000000419e+22 9.390223335012611187e-27 1.317509827728329323e-11 9.091958193526894340e-09 9.542686219177021895e-03 2.967674171913382253e+01 5.870514169608001250e+14 8.335839927667599582e-06
8.006318399999999528e+22 9.385717672890413920e-27 1.316877653826321626e-11 9.091969111468857237e-09 9.538107401580486408e-03 2.968623860789730173e+01 5.877248041576408750e+14 8.335839927667599582e-06
8.013724800000000315e+22 9.381214167315454687e-27 1.316245782502014071e-11 9.091979925112996435e-09 9.533530775545627847e-03 2.969573854712724170e+01 5.883981921591667500e+14 8.335839927667599582e-06
8.021131199999999423e+22 9.376712817309613708e-27 1.315614213618170124e-11 9.091990635455528557e-09 9.528956340078447926e-03 2.970524153769836673e+01 5.890715809576822500e+14 8.335839927667599582e-06
8.028537600000000210e+22 9.372213621894679367e-27 1.314982947037539841e-11 9.092001243483169234e-09 9.524384094184849478e-03 2.971474758048660902e+01 5.897449705455698750e+14 8.335839927667599582e-06
8.035943999999999318e+22 9.367716580092365432e-27 1.314351982622863748e-11 9.092011750173197617e-09 9.519814036870664214e-03 2.972425667636905189e+01 5.904183609152895000e+14 8.335839927667599582e-06
8.043350400000000105e+22 9.363221690924290964e-27 1.313721320236868636e-11 9.092022156493575497e-09 9.515246167141626701e-03 2.973376882622400785e+01 5.910917520593795000e+14 8.335839927667599582e-06
8.050756799999999214e+22 9.358728953412004714e-27 1.313090959742270959e-11 9.092032463403010165e-09 9.510680484003396912e-03 2.974328403093095119e+01 5.917651439704551250e+14 8.335839927667599582e-06
8.058163200000000000e+22 9.354238366576959293e-27 1.312460901001774244e-11 9.092042671851055334e-09 9.506116986461541143e-03 2.975280229137057475e+01 5.924385366412101250e+14 8.335839927667599582e-06
8.065569600000000786e+22 9.349749929440529825e-27 1.311831143878071519e-11 9.092052782778202127e-09 9.501555673521545897e-03 2.976232360842477931e+01 5.931119300644156250e+14 8.335839927667599582e-06
8.072975999999999895e+22 9.345263641024012513e-27 1.311201688233843369e-11 9.092062797115956828e-09 9.496996544188814407e-03 2.977184798297663093e+01 5.937853242329205000e+14 8.335839927667599582e-06
8.080382400000000682e+22 9.340779500348607420e-27 1.310572533931758427e-11 9.092072715786926915e-09 9.492439597468656232e-03 2.978137541591047111e+01 5.944587191396518750e+14 8.335839927667599582e-06
8.087788799999999790e+22 9.336297506435444296e-27 1.309943680834474175e-11 9.092082539704917008e-09 9.487884832366306337e-03 2.979090590811179240e+01 5.951321147776031250e+14 8.335839927667599582e-06
8.095195200000000577e+22 9.331817658305558189e-27 1.309315128804636303e-11 9.092092269774998355e-09 9.483332247886907748e-03 2.980043946046734149e+01 5.958055111396012500e+14 8.335839927667599582e-06
8.102601599999999685e+22 9.327339954979906657e-27 1.308686877704877901e-11 9.092101906893599820e-09 9.478781843035520224e-03 2.980997607386508008e+01 5.964789082186803750e+14 8.335839927667599582e-06
8.110008000000000472e+22 9.322864395479362600e-27 1.308058927397821555e-11 9.092111451948593913e-09 9.474233616817118522e-03 2.981951574919418491e+01 5.971523060080405000e+14 8.335839927667599582e-06
8.117414399999999581e+22 9.318390978824717125e-27 1.307431277746077573e-11 9.092120905819366268e-09 9.469687568236595868e-03 2.982905848734507259e+01 5.978257045009375000e+14 8.335839927667599582e-06
8.124820800000000367e+22 9.313919704036669504e-27 1.306803928612243663e-11 9.092130269376914909e-09 9.465143696298751810e-03 2.983860428920939611e+01 5.984991036906851250e+14 8.335839927667599582e-06
8.132227199999999476e+22 9.309450570135847265e-27 1.306176879858907676e-11 9.092139543483911461e-09 9.460602000008311308e-03 2.984815315568003058e+01 5.991725035706528750e+14 8.335839927667599582e-06
8.139633600000000262e+22 9.304983576142786096e-27 1.305550131348643894e-11 9.092148728994788828e-09 9.456062478369907376e-03 2.985770508765110520e+01 5.998459041342678750e+14 8.335839927667599582e-06
8.147039999999999371e+22 9.300518721077938462e-27 1.304923682944016096e-11 9.092157826755830532e-09 9.451525130388089765e-03 2.986726008601797488e+01 6.005193053750136250e+14 8.335839927667599582e-06
8.154446400000000157e+22 9.296056003962775628e-27 1.304297534507729264e-11 9.092166837605221996e-09 9.446989955068438652e-03 2.987681815167492161e+01 6.011927072864307500e+14 8.335839927667599582e-06
8.161852799999999266e+22 9.291595423818951095e-27 1.303671685902516330e-11 9.092175762373158080e-09 9.442456951416726765e-03 2.988637928551687040e+01 6.018661098621162500e+14 8.335839927667599582e-06
8.169259200000000052e+22 9.287136979666986203e-27 1.303046136990948990e-11 9.092184601881896016e-09 9.437926118437569775e-03 2.989594348844224569e+01 6.025395130957243750e+14 8.335839927667599582e-06
8.176665599999999161e+22 9.282680670527469735e-27 1.302420887635609441e-11 9.092193356945849711e-09 9.433397455135654475e-03 2.990551076135043118e+01 6.032129169809658750e+14 8.335839927667599582e-06
8.184071999999999948e+22 9.278226495421045002e-27 1.301795937699088281e-11 9.092202028371641032e-09 9.428870960515724903e-03 2.991508110514173069e+01 6.038863215116085000e+14 8.335839927667599582e-06
8.191478400000000734e+22 9.273774453368427059e-27 1.301171287043984673e-11 9.092210616958202373e-09 9.424346633582592753e-03 2.992465452071742149e+01 6.045597266814768750e+14 8.335839927667599582e-06
8.198884799999999843e+22 9.269324543390385492e-27 1.300546935532906661e-11 9.092219123496826288e-09 9.419824473341132168e-03 2.993423100897971878e+01 6.052331324844518750e+14 8.335839927667599582e-06
8.206291200000000629e+22 9.264876764507761629e-27 1.299922883028471341e-11 9.092227548771254827e-09 9.415304478796283211e-03 2.994381057083180053e+01 6.059065389144721250e+14 8.335839927667599582e-06
8.213697599999999738e+22 9.260431115741448460e-27 1.299299129393304208e-11 9.092235893557742401e-09 9.410786648953044925e-03 2.995339320717779685e+01 6.065799459655321250e+14 8.335839927667599582e-06
8.221104000000000524e+22 9.255987596112412153e-27 1.298675674490040126e-11 9.092244158625128575e-09 9.406270982816485743e-03 2.996297891892279708e+01 6.072533536316840000e+14 8.335839927667599582e-06
8.228510399999999633e+22 9.251546204641677709e-27 1.298052518181322363e-11 9.092252344734914165e-09 9.401757479391734812e-03 2.997256770697284978e+01 6.079267619070358750e+14 8.335839927667599582e-06
8.235916800000000419e+22 9.247106940350330398e-27 1.297429660329802910e-11 9.092260452641319146e-09 9.397246137683985465e-03 2.998215957223498762e+01 6.086001707857536250e+14 8.335839927667599582e-06
8.243323199999999528e+22 9.242669802259521494e-27 1.296807100798142965e-11 9.092268483091370328e-09 9.392736956698495218e-03 2.999175451561718120e+01 6.092735802620588750e+14 8.335839927667599582e-06
8.250729600000000315e+22 9.238234789390462540e-27 1.296184839449011968e-11 9.092276436824954301e-09 9.388229935440584040e-03 3.000135253802839230e+01 6.099469903302311250e+14 8.335839927667599582e-06
8.258135999999999423e+22 9.233801900764433954e-27 1.295562876145089052e-11 9.092284314574891874e-09 9.383725072915639551e-03 3.001095364037855617e+01 6.106204009846057500e+14 8.335839927667599582e-06
8.265542400000000210e+22 9.229371135402769248e-27 1.294941210749061265e-11 9.092292117067009221e-09 9.379222368129108353e-03 3.002055782357857439e+01 6.112938122195756250e+14 8.335839927667599582e-06
8.272948799999999318e+22 9.224942492326875114e-27 1.294319843123625188e-11 9.092299845020189159e-09 9.374721820086506438e-03 3.003016508854032551e+01 6.119672240295900000e+14 8.335839927667599582e-06
8.280355200000000105e+22 9.220515970558211337e-27 1.293698773131485158e-11 9.092307499146460487e-09 9.370223427793405307e-03 3.003977543617669710e+01 6.126406364091552500e+14 8.335839927667599582e-06
8.287761599999999214e+22 9.216091569118308014e-27 1.293078000635355849e-11 9.092315080151047619e-09 9.365727190255449322e-03 3.004938886740152526e+01 6.133140493528342500e+14 8.335839927667599582e-06
8.295168000000000000e+22 9.211669287028754074e-27 1.292457525497959531e-11 9.092322588732441714e-09 9.361233106478341823e-03 3.005900538312964443e+01 6.139874628552471250e+14 8.335839927667599582e-06
8.302574400000000786e+22 9.207249123311203017e-27 1.291837347582027842e-11 9.092330025582453625e-09 9.356741175467850336e-03 3.006862498427689800e+01 6.146608769110703750e+14 8.335839927667599582e-06
8.309980799999999895e+22 9.202831076987371481e-27 1.291217466750300985e-11 9.092337391386296609e-09 9.352251396229808306e-03 3.007824767176008507e+01 6.153342915150372500e+14 8.335839927667599582e-06
8.317387200000000682e+22 9.198415147079033500e-27 1.290597882865527885e-11 9.092344686822640926e-09 9.347763767770108159e-03 3.008787344649705275e+01 6.160077066619383750e+14 8.335839927667599582e-06
8.324793599999999790e+22 9.194001332608036291e-27 1.289978595790467000e-11 9.092351912563665122e-09 9.343278289094713446e-03 3.009750230940657900e+01 6.166811223466206250e+14 8.335839927667599582e-06
8.332200000000000577e+22 9.189589632596280161e-27 1.289359605387884543e-11 9.092359069275135441e-09 9.338794959209644961e-03 3.010713426140851467e+01 6.173545385639881250e+14 8.335839927667599582e-06
8.339606399999999685e+22 9.185180046065732862e-27 1.288740911520556420e-11 9.092366157616453795e-09 9.334313777120991154e-03 3.011676930342365566e+01 6.180279553089711250e+14 8.335839927667599582e-06
8.347012800000000472e+22 9.180772572038423844e-27 1.288122514051266616e-11 9.092373178240735528e-09 9.329834741834901191e-03 3.012640743637383167e+01 6.187013725763381250e+14 8.335839927667599582e-06
8.354419199999999581e+22 9.176367209536447133e-27 1.287504412842808808e-11 9.092380131794840841e-09 9.325357852357593624e-03 3.013604866118188497e+01 6.193747903610918750e+14 8.335839927667599582e-06
8.361825600000000367e+22 9.171963957581955584e-27 1.286886607757984590e-11 9.092387018919465786e-09 9.320883107695342520e-03 3.014569297877165965e+01 6.200482086583308750e+14 8.335839927667599582e-06
8.369231999999999476e+22 9.167562815197170929e-27 1.286269098659604927e-11 9.092393840249185279e-09 9.316410506854494802e-03 3.015534039006802303e+01 6.207216274631931250e+14 8.335839927667599582e-06
8.376638400000000262e+22 9.163163781404524402e-27 1.285651885410511156e-11 9.092400596412504385e-09 9.311940048841610765e-03 3.016499089599650674e+01 6.213950467708581250e+14 8.335839927667599582e-06
8.384044799999999371e+22 9.158766855227661185e-27 1.285034967873713928e-11 9.092407288031936071e-09 9.307471732664482356e-03 3.017464449748116806e+01 6.220684665765452500e+14 8.335839927667599582e-06
8.391451200000000157e+22 9.154372035689437249e-27 1.284418345912113227e-11 9.092413915724040913e-09 9.303005557330098346e-03 3.018430119544893486e+01 6.227418868755151250e+14 8.335839927667599582e-06
8.398857599999999266e+22 9.149979321812595207e-27 1.283802019388594173e-11 9.092420480099491617e-09 9.298541521845338220e-03 3.019396099082814189e+01 6.234153076630681250e+14 8.335839927667599582e-06
8.406264000000000052e+22 9.145588712620052733e-27 1.283185988166064827e-11 9.092426981763130917e-09 9.294079625217251464e-03 3.020362388454791613e+01 6.240887289345461250e+14 8.335839927667599582e-06
8.413670400000000839e+22 9.141200207134895386e-27 1.282570252107458452e-11 9.092433421314022867e-09 9.289619866453064506e-03 3.021328987753817330e+01 6.247621506853311250e+14 8.335839927667599582e-06
8.421076799999999948e+22 9.136813804380379485e-27 1.281954811075731256e-11 9.092439799345507427e-09 9.285162244560175512e-03 3.022295897072961779e+01 6.254355729108453750e+14 8.335839927667599582e-06
8.428483200000000734e+22 9.132429503379927796e-27 1.281339664933863032e-11 9.092446116445260027e-09 9.280706758546149182e-03 3.023263116505377468e+01 6.261089956065525000e+14 8.335839927667599582e-06
8.435889599999999843e+22 9.128047303157135281e-27 1.280724813544857806e-11 9.092452373195346159e-09 9.276253407418727157e-03 3.024230646144296841e+01 6.267824187679560000e+14 8.335839927667599582e-06
8.443296000000000629e+22 9.123667202735760483e-27 1.280110256771742224e-11 9.092458570172267694e-09 9.271802190185819345e-03 3.025198486083029792e+01 6.274558423906006250e+14 8.335839927667599582e-06
8.450702399999999738e+22 9.119289201139741309e-27 1.279495994477568943e-11 9.092464707947015830e-09 9.267353105855514334e-03 3.026166636414968636e+01 6.281292664700708750e+14 8.335839927667599582e-06
8.458108800000000524e+22 9.114913297393173510e-27 1.278882026525411782e-11 9.092470787085137259e-09 9.262906153436063772e-03 3.027135097233587757e+01 6.288026910019927500e+14 8.335839927667599582e-06
8.465515199999999633e+22 9.110539490520333639e-27 1.278268352778370573e-11 9.092476808146770570e-09 9.258461331935901456e-03 3.028103868632438633e+01 6.294761159820320000e+14 8.335839927667599582e-06
8.472921600000000419e+22 9.106167779545657524e-27 1.277654973099566798e-11 9.092482771686709107e-09 9.254018640363622511e-03 3.029072950705156941e+01 6.301495414058957500e+14 8.335839927667599582e-06
8.480327999999999528e+22 9.101798163493753186e-27 1.277041887352147138e-11 9.092488678254440679e-09 9.249578077728000738e-03 3.030042343545459360e+01 6.308229672693308750e+14 8.335839927667599582e-06
8.487734400000000315e+22 9.097430641389400837e-27 1.276429095399281866e-11 9.092494528394212079e-09 9.245139643037981678e-03 3.031012047247141439e+01 6.314963935681257500e+14 8.335839927667599582e-06
8.495140799999999423e+22 9.093065212257551447e-27 1.275816597104164678e-11 9.092500322645062170e-09 9.240703335302682606e-03 3.031982061904082926e+01 6.321698202981085000e+14 8.335839927667599582e-06
8.502547200000000210e+22 9.088701875123315261e-27 1.275204392330012698e-11 9.092506061540893026e-09 9.236269153531389067e-03 3.032952387610244926e+01 6.328432474551483750e+14 8.335839927667599582e-06
8.509953599999999318e+22 9.084340629011984761e-27 1.274592480940067928e-11 9.092511745610499704e-09 9.231837096733563550e-03 3.033923024459669904e+01 6.335166750351550000e+14 8.335839927667599582e-06
8.517360000000000105e+22 9.079981472949010271e-27 1.273980862797594505e-11 9.092517375377623190e-09 9.227407163918836808e-03 3.034893972546482388e+01 6.341901030340787500e+14 8.335839927667599582e-06
8.524766399999999214e+22 9.075624405960021483e-27 1.273369537765882093e-11 9.092522951361011608e-09 9.222979354097016538e-03 3.035865231964890398e+01 6.348635314479101250e+14 8.335839927667599582e-06
8.532172800000000000e+22 9.071269427070807364e-27 1.272758505708242488e-11 9.092528474074449996e-09 9.218553666278075237e-03 3.036836802809183666e+01 6.355369602726810000e+14 8.335839927667599582e-06
8.539579200000000786e+22 9.066916535307336247e-27 1.272147766488012365e-11 9.092533944026823176e-09 9.214130099472164076e-03 3.037808685173734347e+01 6.362103895044631250e+14 8.335839927667599582e-06
8.546985599999999895e+22 9.062565729695740049e-27 1.271537319968552152e-11 9.092539361722143876e-09 9.209708652689605965e-03 3.038780879152998082e+01 6.368838191393688750e+14 8.335839927667599582e-06
8.554392000000000682e+22 9.058217009262315703e-27 1.270927166013244569e-11 9.092544727659625523e-09 9.205289324940886878e-03 3.039753384841515071e+01 6.375572491735520000e+14 8.335839927667599582e-06
8.561798399999999790e+22 9.053870373033540942e-27 1.270317304485498185e-11 9.092550042333700437e-09 9.200872115236678403e-03 3.040726202333906514e+01 6.382306796032057500e+14 8.335839927667599582e-06
8.569204800000000577e+22 9.049525820036052778e-27 1.269707735248743867e-11 9.092555306234082702e-09 9.196457022587813460e-03 3.041699331724878164e+01 6.389041104245648750e+14 8.335839927667599582e-06
8.576611199999999685e+22 9.045183349296661849e-27 1.269098458166436552e-11 9.092560519845812832e-09 9.192044046005301908e-03 3.042672773109221040e+01 6.395775416339040000e+14 8.335839927667599582e-06
8.584017600000000472e+22 9.040842959842346678e-27 1.268489473102055087e-11 9.092565683649295820e-09 9.187633184500323610e-03 3.043646526581807521e+01 6.402509732275390000e+14 8.335839927667599582e-06
8.591423999999999581e+22 9.036504650700257981e-27 1.267880779919102232e-11 9.092570798120342498e-09 9.183224437084233638e-03 3.044620592237595602e+01 6.409244052018256250e+14 8.335839927667599582e-06
8.598830400000000367e+22 9.032168420897708623e-27 1.267272378481104173e-11 9.092575863730222475e-09 9.178817802768553594e-03 3.045594970171627835e+01 6.415978375531608750e+14 8.335839927667599582e-06
8.606236799999999476e+22 9.027834269462525170e-27 1.266664268651657855e-11 9.092580880945712118e-09 9.174413280565323764e-03 3.046569660478956365e+01 6.422712702779790000e+14 8.335839927667599582e-06
8.613643200000000262e+22 9.023502195423268874e-27 1.266056450294464272e-11 9.092585850229114399e-09 9.170010869487332100e-03 3.047544663254587505e+01 6.429447033725765000e+14 8.335839927667599582e-06
8.621049599999999371e+22 9.019172197807949974e-27 1.265448923273147189e-11 9.092590772038325073e-09 9.165610568546809708e-03 3.048519978593776258e+01 6.436181368333548750e+14 8.335839927667599582e-06
8.628456000000000157e+22 9.014844275644782469e-27 1.264841687451358322e-11 9.092595646826870724e-09 9.161212376756190656e-03 3.049495606591854369e+01 6.442915706568511250e+14 8.335839927667599582e-06
8.635862399999999266e+22 9.010518427962230036e-27 1.264234742692785092e-11 9.092600475043933588e-09 9.156816293128165751e-03 3.050471547344220014e+01 6.449650048396301250e+14 8.335839927667599582e-06
8.643268800000000052e+22 9.006194653788995984e-27 1.263628088861148039e-11 9.092605257134412757e-09 9.152422316675666927e-03 3.051447800946341715e+01 6.456384393782856250e+14 8.335839927667599582e-06
8.650675199999999161e+22 9.001872952154037606e-27 1.263021725820203245e-11 9.092609993538958922e-09 9.148030446411884592e-03 3.052424367493754431e+01 6.463118742694386250e+14 8.335839927667599582e-06
8.658081599999999948e+22 8.997553322086550392e-27 1.262415653433741046e-11 9.092614684694010775e-09 9.143640681350253749e-03 3.053401247082063819e+01 6.469853095097396250e+14 8.335839927667599582e-06
8.665488000000000734e+22 8.993235762615980945e-27 1.261809871565585861e-11 9.092619331031838013e-09 9.139253020504460936e-03 3.054378439806940193e+01 6.476587450958663750e+14 8.335839927667599582e-06
8.672894399999999843e+22 8.988920272772018373e-27 1.261204380079597334e-11 9.092623932980582704e-09 9.134867462888442494e-03 3.055355945764125636e+01 6.483321810245252500e+14 8.335839927667599582e-06
8.680300800000000629e+22 8.984606851584600024e-27 1.260599178839668712e-11 9.092628490964294026e-09 9.130484007516384559e-03 3.056333765049430085e+01 6.490056172924513750e+14 8.335839927667599582e-06
8.687707199999999738e+22 8.980295498083908621e-27 1.259994267709728944e-11 9.092633005402977898e-09 9.126102653402724807e-03 3.057311897758733110e+01 6.496790538964071250e+14 8.335839927667599582e-06
8.695113600000000524e+22 8.975986211300375129e-27 1.259389646553740101e-11 9.092637476712618487e-09 9.121723399562148976e-03 3.058290343987981075e+01 6.503524908331841250e+14 8.335839927667599582e-06
8.702519999999999633e+22 8.971678990264670146e-27 1.258785315235699958e-11 9.092641905305234456e-09 9.117346245009592606e-03 3.059269103833192105e+01 6.510259280996016250e+14 8.335839927667599582e-06
8.709926400000000419e+22 8.967373834007715383e-27 1.258181273619640379e-11 9.092646291588905435e-09 9.112971188760242772e-03 3.060248177390451119e+01 6.516993656925075000e+14 8.335839927667599582e-06
8.717332799999999528e+22 8.963070741560679359e-27 1.257577521569627478e-11 9.092650635967815031e-09 9.108598229829536347e-03 3.061227564755914798e+01 6.523728036087776250e+14 8.335839927667599582e-06
8.724739200000000315e+22 8.958769711954971661e-27 1.256974058949761780e-11 9.092654938842283919e-09 9.104227367233156537e-03 3.062207266025808394e+01 6.530462418453163750e+14 8.335839927667599582e-06
8.732145599999999423e+22 8.954470744222255859e-27 1.256370885624179356e-11 9.092659200608806238e-09 9.099858599987045021e-03 3.063187281296426434e+01 6.537196803990561250e+14 8.335839927667599582e-06
8.739552000000000210e+22 8.950173837394429416e-27 1.255768001457049393e-11 9.092663421660094254e-09 9.095491927107381136e-03 3.064167610664134145e+01 6.543931192669580000e+14 8.335839927667599582e-06
8.746958399999999318e+22 8.945878990503650953e-27 1.255165406312576946e-11 9.092667602385108143e-09 9.091127347610607895e-03 3.065148254225365676e+01 6.550665584460106250e+14 8.335839927667599582e-06
8.754364800000000105e+22 8.941586202582307243e-27 1.254563100055000029e-11 9.092671743169089079e-09 9.086764860513404235e-03 3.066129212076625876e+01 6.557399979332317500e+14 8.335839927667599582e-06
8.761771199999999214e+22 8.937295472663049087e-27 1.253961082548592841e-11 9.092675844393598934e-09 9.082404464832712770e-03 3.067110484314489938e+01 6.564134377256666250e+14 8.335839927667599582e-06
8.769177600000000000e+22 8.933006799778758311e-27 1.253359353657662545e-11 9.092679906436559987e-09 9.078046159585713773e-03 3.068092071035605173e+01 6.570868778203895000e+14 8.335839927667599582e-06
8.776584000000000786e+22 8.928720182962573592e-27 1.252757913246552164e-11 9.092683929672278081e-09 9.073689943789847723e-03 3.069073972336683909e+01 6.577603182145021250e+14 8.335839927667599582e-06
8.783990399999999895e+22 8.924435621247874675e-27 1.252156761179638168e-11 9.092687914471487296e-09 9.069335816462797961e-03 3.070056188314516277e+01 6.584337589051350000e+14 8.335839927667599582e-06
8.791396800000000682e+22 8.920153113668285245e-27 1.251555897321332567e-11 9.092691861201378069e-09 9.064983776622501099e-03 3.071038719065957778e+01 6.591071998894468750e+14 8.335839927667599582e-06
8.798803199999999790e+22 8.915872659257681531e-27 1.250955321536080655e-11 9.092695770225635245e-09 9.060633823287143548e-03 3.072021564687937456e+01 6.597806411646243750e+14 8.335839927667599582e-06
8.806209600000000577e+22 8.911594257050177963e-27 1.250355033688363267e-11 9.092699641904467857e-09 9.056285955475159785e-03 3.073004725277455407e+01 6.604540827278831250e+14 8.335839927667599582e-06
8.813615999999999685e+22 8.907317906080141519e-27 1.249755033642695488e-11 9.092703476594647174e-09 9.051940172205237556e-03 3.073988200931581716e+01 6.611275245764662500e+14 8.335839927667599582e-06
8.821022400000000472e+22 8.903043605382178809e-27 1.249155321263626332e-11 9.092707274649534830e-09 9.047596472496309203e-03 3.074971991747458588e+01 6.618009667076457500e+14 8.335839927667599582e-06
8.828428799999999581e+22 8.898771353991148991e-27 1.248555896415740032e-11 9.092711036419112594e-09 9.043254855367563808e-03 3.075956097822299284e+01 6.624744091187211250e+14 8.335839927667599582e-06
8.835835200000000367e+22 8.894501150942541156e-27 1.247956758963709515e-11 9.092714762250028701e-09 9.038915319838828830e-03 3.076940519253300010e+01 6.631478518070212500e+14 8.335839927667599582e-06
8.843241599999999476e+22 8.890232995272247612e-27 1.247357908772264258e-11 9.092718452485609427e-09 9.034577864930344593e-03 3.077925256137691434e+01 6.638212947699020000e+14 8.335839927667599582e-06
8.850648000000000262e+22 8.885966886015968386e-27 1.246759345706106591e-11 9.092722107465907067e-09 9.030242489662153663e-03 3.078910308572878662e+01 6.644947380047487500e+14 8.335839927667599582e-06
8.858054399999999371e+22 8.881702822209710579e-27 1.246161069629981983e-11 9.092725727527726406e-09 9.025909193054612589e-03 3.079895676656321868e+01 6.651681815089740000e+14 8.335839927667599582e-06
8.865460800000000157e+22 8.877440802889776889e-27 1.245563080408677424e-11 9.092729313004651187e-09 9.021577974128376295e-03 3.080881360485544462e+01 6.658416252800195000e+14 8.335839927667599582e-06
8.872867199999999266e+22 8.873180827092774217e-27 1.244965377907022392e-11 9.092732864227085470e-09 9.017248831904408485e-03 3.081867360158127411e+01 6.665150693153545000e+14 8.335839927667599582e-06
8.880273600000000052e+22 8.868922893855603626e-27 1.244367961989887887e-11 9.092736381522268524e-09 9.012921765403974703e-03 3.082853675771713498e+01 6.671885136124771250e+14 8.335839927667599582e-06
8.887680000000000839e+22 8.864667002215473255e-27 1.243770832522188207e-11 9.092739865214319491e-09 9.008596773648651010e-03 3.083840307424001637e+01 6.678619581689132500e+14 8.335839927667599582e-06
8.895086399999999948e+22 8.860413151209889705e-27 1.243173989368878685e-11 9.092743315624255586e-09 9.004273855660315309e-03 3.084827255212753272e+01 6.685354029822171250e+14 8.335839927667599582e-06
8.902492800000000734e+22 8.856161339876659482e-27 1.242577432394957952e-11 9.092746733070035110e-09 8.999953010461152550e-03 3.085814519235789888e+01 6.692088480498422500e+14 8.335839927667599582e-06
8.909899199999999843e+22 8.851911567253893292e-27 1.241981161465465675e-11 9.092750117866575649e-09 8.995634237073654726e-03 3.086802099590990522e+01 6.698822933692697500e+14 8.335839927667599582e-06
8.917305600000000629e+22 8.847663832379991700e-27 1.241385176445484172e-11 9.092753470325783851e-09 8.991317534520612206e-03 3.087789996376297452e+01 6.705557389381232500e+14 8.335839927667599582e-06
8.924711999999999738e+22 8.843418134293672391e-27 1.240789477200138413e-11 9.092756790756590168e-09 8.987002901825131077e-03 3.088778209689710508e+01 6.712291847540447500e+14 8.335839927667599582e-06
8.932118400000000524e+22 8.839174472033938598e-27 1.240194063594595212e-11 9.092760079464975325e-09 8.982690338010615796e-03 3.089766739629290981e+01 6.719026308146961250e+14 8.335839927667599582e-06
8.939524799999999633e+22 8.834932844640103501e-27 1.239598935494062903e-11 9.092763336753990176e-09 8.978379842100777872e-03 3.090755586293160562e+01 6.725760771177578750e+14 8.335839927667599582e-06
8.946931200000000419e+22 8.830693251151774440e-27 1.239004092763792473e-11 9.092766562923797057e-09 8.974071413119632384e-03 3.091744749779502044e+01 6.732495236609300000e+14 8.335839927667599582e-06
8.954337599999999528e+22 8.826455690608867265e-27 1.238409535269078042e-11 9.092769758271689644e-09 8.969765050091508402e-03 3.092734230186556132e+01 6.739229704419310000e+14 8.335839927667599582e-06
8.961744000000000315e+22 8.822220162051587682e-27 1.237815262875254122e-11 9.092772923092122729e-09 8.965460752041026424e-03 3.093724027612627481e+01 6.745964174584993750e+14 8.335839927667599582e-06
8.969150399999999423e+22 8.817986664520452776e-27 1.237221275447698846e-11 9.092776057676732071e-09 8.961158517993126141e-03 3.094714142156079717e+01 6.752698647083917500e+14 8.335839927667599582e-06
8.976556800000000210e+22 8.813755197056273793e-27 1.236627572851831544e-11 9.092779162314377412e-09 8.956858346973043880e-03 3.095704573915336510e+01 6.759433121893847500e+14 8.335839927667599582e-06
8.983963199999999318e+22 8.809525758700164750e-27 1.236034154953115005e-11 9.092782237291147438e-09 8.952560238006326485e-03 3.096695322988884413e+01 6.766167598992732500e+14 8.335839927667599582e-06
8.991369600000000105e+22 8.805298348493538127e-27 1.235441021617052085e-11 9.092785282890411066e-09 8.948264190118820904e-03 3.097686389475269664e+01 6.772902078358722500e+14 8.335839927667599582e-06
8.998775999999999214e+22 8.801072965478110612e-27 1.234848172709190230e-11 9.092788299392822408e-09 8.943970202336686340e-03 3.098677773473098895e+01 6.779636559970148750e+14 8.335839927667599582e-06
9.006182400000000000e+22 8.796849608695895922e-27 1.234255608095117275e-11 9.092791287076350543e-09 8.939678273686380364e-03 3.099669475081043046e+01 6.786371043805540000e+14 8.335839927667599582e-06
9.013588800000000786e+22 8.792628277189209108e-27 1.233663327640464031e-11 9.092794246216317576e-09 8.935388403194671064e-03 3.100661494397830253e+01 6.793105529843615000e+14 8.335839927667599582e-06
9.020995199999999895e+22 8.788408970000670864e-27 1.233071331210903313e-11 9.092797177085413522e-09 8.931100589888631841e-03 3.101653831522252958e+01 6.799840018063280000e+14 8.335839927667599582e-06
9.028401600000000682e+22 8.784191686173191736e-27 1.232479618672149619e-11 9.092800079953721123e-09 8.926814832795636201e-03 3.102646486553164351e+01 6.806574508443637500e+14 8.335839927667599582e-06
9.035807999999999790e+22 8.779976424749993654e-27 1.231888189889960906e-11 9.092802955088740663e-09 8.922531130943371636e-03 3.103639459589478022e+01 6.813309000963977500e+14 8.335839927667599582e-06
9.043214400000000577e+22 8.775763184774595574e-27 1.231297044730136167e-11 9.092805802755426364e-09 8.918249483359824009e-03 3.104632750730170798e+01 6.820043495603783750e+14 8.335839927667599582e-06
9.050620799999999685e+22 8.771551965290812052e-27 1.230706183058516723e-11 9.092808623216189694e-09 8.913969889073287967e-03 3.105626360074279546e+01 6.826777992342727500e+14 8.335839927667599582e-06
9.058027200000000472e+22 8.767342765342767585e-27 1.230115604740986870e-11 9.092811416730947346e-09 8.909692347112363464e-03 3.106620287720905083e+01 6.833512491160676250e+14 8.335839927667599582e-06
9.065433599999999581e+22 8.763135583975222345e-27 1.229525309643519923e-11 9.092814183557121235e-09 8.905416856506302714e-03 3.107614533769127263e+01 6.840246992037682500e+14 8.335839927667599582e-06
9.072840000000000367e+22 8.758930420233213447e-27 1.228935297632128616e-11 9.092816923949681513e-09 8.901143416284638954e-03 3.108609098318094510e+01 6.846981494953997500e+14 8.335839927667599582e-06
9.080246399999999476e+22 8.754727273161838272e-27 1.228345568572834087e-11 9.092819638161163113e-09 8.896872025476964402e-03 3.109603981467075329e+01 6.853715999890055000e+14 8.335839927667599582e-06
9.087652800000000262e+22 8.750526141806531407e-27 1.227756122331704000e-11 9.092822326441685598e-09 8.892602683113214751e-03 3.110599183315388672e+01 6.860450506826487500e+14 8.335839927667599582e-06
9.095059199999999371e+22 8.746327025213071827e-27 1.227166958774855133e-11 9.092824989038977983e-09 8.888335388223676109e-03 3.111594703962408914e+01 6.867185015744112500e+14 8.335839927667599582e-06
9.102465600000000157e+22 8.742129922427571407e-27 1.226578077768451119e-11 9.092827626198405198e-09 8.884070139838972854e-03 3.112590543507562657e+01 6.873919526623943750e+14 8.335839927667599582e-06
9.109871999999999266e+22 8.737934832496483536e-27 1.225989479178702439e-11 9.092830238162987943e-09 8.879806936990076310e-03 3.113586702050329436e+01 6.880654039447182500e+14 8.335839927667599582e-06
9.117278400000000052e+22 8.733741754466598812e-27 1.225401162871868206e-11 9.092832825173425852e-09 8.875545778708301276e-03 3.114583179690242432e+01 6.887388554195223750e+14 8.335839927667599582e-06
9.124684799999999161e+22 8.729550687385050781e-27 1.224813128714254546e-11 9.092835387468118993e-09 8.871286664025307758e-03 3.115579976526888828e+01 6.894123070849650000e+14 8.335839927667599582e-06
9.132091199999999948e+22 8.725361630299308763e-27 1.224225376572215082e-11 9.092837925283184419e-09 8.867029591973100977e-03 3.116577092659907677e+01 6.900857589392240000e+14 8.335839927667599582e-06
9.139497600000000734e+22 8.721174582257180720e-27 1.223637906312151745e-11 9.092840438852497521e-09 8.862774561584029626e-03 3.117574528188993099e+01 6.907592109804958750e+14 8.335839927667599582e-06
9.146903999999999843e+22 8.716989542306814694e-27 1.223050717800512671e-11 9.092842928407682105e-09 8.858521571890785873e-03 3.118572283213891794e+01 6.914326632069965000e+14 8.335839927667599582e-06
9.154310400000000629e+22 8.712806509496695934e-27 1.222463810903794785e-11 9.092845394178163333e-09 8.854270621926407098e-03 3.119570357834404462e+01 6.921061156169610000e+14 8.335839927667599582e-06
9.161716799999999738e+22 8.708625482875654072e-27 1.221877185488542029e-11 9.092847836391169373e-09 8.850021710724277624e-03 3.120568752150385095e+01 6.927795682086430000e+14 8.335839927667599582e-06
9.169123200000000524e+22 8.704446461492847342e-27 1.221290841421345839e-11 9.092850255271751254e-09 8.845774837318120046e-03 3.121567466261741686e+01 6.934530209803161250e+14 8.335839927667599582e-06
9.176529599999999633e+22 8.700269444397785532e-27 1.220704778568845316e-11 9.092852651042820916e-09 8.841530000742009107e-03 3.122566500268435519e+01 6.941264739302722500e+14 8.335839927667599582e-06
9.183936000000000419e+22 8.696094430640308464e-27 1.220118996797727378e-11 9.092855023925152864e-09 8.837287200030357823e-03 3.123565854270482234e+01 6.947999270568231250e+14 8.335839927667599582e-06
9.191342399999999528e+22 8.691921419270598912e-27 1.219533495974726120e-11 9.092857374137422220e-09 8.833046434217927886e-03 3.124565528367950762e+01 6.954733803582988750e+14 8.335839927667599582e-06
9.198748800000000315e+22 8.687750409339171114e-27 1.218948275966622811e-11 9.092859701896201413e-09 8.828807702339819263e-03 3.125565522660965456e+01 6.961468338330495000e+14 8.335839927667599582e-06
9.206155199999999423e+22 8.683581399896892305e-27 1.218363336640247675e-11 9.092862007416006497e-09 8.824571003431485802e-03 3.126565837249702540e+01 6.968202874794433750e+14 8.335839927667599582e-06
9.213561600000000210e+22 8.679414389994955444e-27 1.217778677862476816e-11 9.092864290909297161e-09 8.820336336528716153e-03 3.127566472234393657e+01 6.974937412958316250e+14 8.335839927667599582e-06
9.220967999999999318e+22 8.675249378684899314e-27 1.217194299500235129e-11 9.092866552586503188e-09 8.816103700667651116e-03 3.128567427715323745e+01 6.981671952804583750e+14 8.335839927667599582e-06
9.228374400000000105e+22 8.671086365018598466e-27 1.216610201420494362e-11 9.092868792656049278e-09 8.811873094884769761e-03 3.129568703792832807e+01 6.988406494317225000e+14 8.335839927667599582e-06
9.235780799999999214e+22 8.666925348048268967e-27 1.216026383490274085e-11 9.092871011324366623e-09 8.807644518216899837e-03 3.130570300567314135e+01 6.995141037480530000e+14 8.335839927667599582e-06
9.243187200000000000e+22 8.662766326826464094e-27 1.215442845576641202e-11 9.092873208795907802e-09 8.803417969701210835e-03 3.131572218139216446e+01 7.001875582278921250e+14 8.335839927667599582e-06
9.250593600000000786e+22 8.658609300406077198e-27 1.214859587546710764e-11 9.092875385273183173e-09 8.799193448375219190e-03 3.132574456609042457e+01 7.008610128696941250e+14 8.335839927667599582e-06
9.257999999999999895e+22 8.654454267840338843e-27 1.214276609267644834e-11 9.092877540956764181e-09 8.794970953276784811e-03 3.133577016077346755e+01 7.015344676719257500e+14 8.335839927667599582e-06
9.265406400000000682e+22 8.650301228182819668e-27 1.213693910606652975e-11 9.092879676045301560e-09 8.790750483444109351e-03 3.134579896644742547e+01 7.022079226330666250e+14 8.335839927667599582e-06
9.272812799999999790e+22 8.646150180487431828e-27 1.213111491430992733e-11 9.092881790735553452e-09 8.786532037915744872e-03 3.135583098411894554e+01 7.028813777516083750e+14 8.335839927667599582e-06
9.280219200000000577e+22 8.642001123808418943e-27 1.212529351607968664e-11 9.092883885222396993e-09 8.782315615730579977e-03 3.136586621479523984e+01 7.035548330260557500e+14 8.335839927667599582e-06
9.287625599999999685e+22 8.637854057200373325e-27 1.211947491004933795e-11 9.092885959698851470e-09 8.778101215927857151e-03 3.137590465948404272e+01 7.042282884549251250e+14 8.335839927667599582e-06
9.295032000000000472e+22 8.633708979718477039e-27 1.211365909489323549e-11 9.092888014356081632e-09 8.773888837547415623e-03 3.138594631919303524e+01 7.049017440367461250e+14 8.335839927667599582e-06
9.302438399999999581e+22 8.629565890418186224e-27 1.210784606928612765e-11 9.092890049383437391e-09 8.769678479629379117e-03 3.139599119493059476e+01 7.055751997700602500e+14 8.335839927667599582e-06
9.309844800000000367e+22 8.625424788355156472e-27 1.210203583190303588e-11 9.092892064968453829e-09 8.765470141214069116e-03 3.140603928770597619e+01 7.062486556534222500e+14 8.335839927667599582e-06
9.317251199999999476e+22 8.621285672585407848e-27 1.209622838141949379e-11 9.092894061296876006e-09 8.761263821342178335e-03 3.141609059852893537e+01 7.069221116853985000e+14 8.335839927667599582e-06
9.324657600000000262e+22 8.617148542165320586e-27 1.209042371651153902e-11 9.092896038552675507e-09 8.757059519054765512e-03 3.142614512840972196e+01 7.075955678645686250e+14 8.335839927667599582e-06
9.332063999999999371e+22 8.613013396151646563e-27 1.208462183585573752e-11 9.092897996918065333e-09 8.752857233393269293e-03 3.143620287835904747e+01 7.082690241895241250e+14 8.335839927667599582e-06
9.339470400000000157e+22 8.608880233601496393e-27 1.207882273812915122e-11 9.092899936573514786e-09 8.748656963399490880e-03 3.144626384938813146e+01 7.089424806588693750e+14 8.335839927667599582e-06
9.346876799999999266e+22 8.604749053572353767e-27 1.207302642200936713e-11 9.092901857697772634e-09 8.744458708115609644e-03 3.145632804250865533e+01 7.096159372712211250e+14 8.335839927667599582e-06
9.354283200000000052e+22 8.600619855122061113e-27 1.206723288617447469e-11 9.092903760467883651e-09 8.740262466584170983e-03 3.146639545873281207e+01 7.102893940252085000e+14 8.335839927667599582e-06
9.361689600000000839e+22 8.596492637308829633e-27 1.206144212930308843e-11 9.092905645059190276e-09 8.736068237848096732e-03 3.147646609907324944e+01 7.109628509194735000e+14 8.335839927667599582e-06
9.369095999999999948e+22 8.592367399191233565e-27 1.205565415007432368e-11 9.092907511645375621e-09 8.731876020950674749e-03 3.148653996454313031e+01 7.116363079526698750e+14 8.335839927667599582e-06
9.376502400000000734e+22 8.588244139828213059e-27 1.204986894716781116e-11 9.092909360398445278e-09 8.727685814935565861e-03 3.149661705615609364e+01 7.123097651234646250e+14 8.335839927667599582e-06
9.383908799999999843e+22 8.584122858279075601e-27 1.204408651926369697e-11 9.092911191488775292e-09 8.723497618846803858e-03 3.150669737492625799e+01 7.129832224305368750e+14 8.335839927667599582e-06
9.391315200000000629e+22 8.580003553603491720e-27 1.203830686504263772e-11 9.092913005085107198e-09 8.719311431728792028e-03 3.151678092186824642e+01 7.136566798725782500e+14 8.335839927667599582e-06
9.398721599999999738e+22 8.575886224861497846e-27 1.203252998318580540e-11 9.092914801354576149e-09 8.715127252626304888e-03 3.152686769799715094e+01 7.143301374482930000e+14 8.335839927667599582e-06
9.406128000000000524e+22 8.571770871113494887e-27 1.202675587237487768e-11 9.092916580462714219e-09 8.710945080584488187e-03 3.153695770432857159e+01 7.150035951563977500e+14 8.335839927667599582e-06
9.413534399999999633e+22 8.567657491420253959e-27 1.202098453129205407e-11 9.092918342573478533e-09 8.706764914648862375e-03 3.154705094187857028e+01 7.156770529956213750e+14 8.335839927667599582e-06
9.420940800000000419e+22 8.563546084842902041e-27 1.201521595862003973e-11 9.092920087849256225e-09 8.702586753865312191e-03 3.155714741166372406e+01 7.163505109647060000e+14 8.335839927667599582e-06
9.428347199999999528e+22 8.559436650442940630e-27 1.200945015304205361e-11 9.092921816450879331e-09 8.698410597280100548e-03 3.156724711470108247e+01 7.170239690624052500e+14 8.335839927667599582e-06
9.435753600000000315e+22 8.555329187282231390e-27 1.200368711324183002e-11 9.092923528537649601e-09 8.694236443939856382e-03 3.157735005200818890e+01 7.176974272874861250e+14 8.335839927667599582e-06
9.443159999999999423e+22 8.551223694423000457e-27 1.199792683790361218e-11 9.092925224267350083e-09 8.690064292891581596e-03 3.158745622460308411e+01 7.183708856387272500e+14 8.335839927667599582e-06
9.450566400000000210e+22 8.547120170927844177e-27 1.199216932571215545e-11 9.092926903796243466e-09 8.685894143182651059e-03 3.159756563350428493e+01 7.190443441149207500e+14 8.335839927667599582e-06
9.457972799999999318e+22 8.543018615859723372e-27 1.198641457535273541e-11 9.092928567279113442e-09 8.681725993860810869e-03 3.160767827973079847e+01 7.197178027148701250e+14 8.335839927667599582e-06
9.465379200000000105e+22 8.538919028281956157e-27 1.198066258551112847e-11 9.092930214869256429e-09 8.677559843974173154e-03 3.161779416430215051e+01 7.203912614373923750e+14 8.335839927667599582e-06
9.472785599999999214e+22 8.534821407258235167e-27 1.197491335487363289e-11 9.092931846718506393e-09 8.673395692571226473e-03 3.162791328823832515e+01 7.210647202813161250e+14 8.335839927667599582e-06
9.480192000000000000e+22 8.530725751852614638e-27 1.196916688212705580e-11 9.092933462977243114e-09 8.669233538700830619e-03 3.163803565255980388e+01 7.217381792454833750e+14 8.335839927667599582e-06
9.487598400000000786e+22 8.526632061129514714e-27 1.196342316595871491e-11 9.092935063794423623e-09 8.665073381412213144e-03 3.164816125828756910e+01 7.224116383287478750e+14 8.335839927667599582e-06
9.495004799999999895e+22 8.522540334153721443e-27 1.195768220505644487e-11 9.092936649317567310e-09 8.660915219754976302e-03 3.165829010644309349e+01 7.230850975299760000e+14 8.335839927667599582e-06
9.502411200000000682e+22 8.518450569990385350e-27 1.195194399810858928e-11 9.092938219692787359e-09 8.656759052779091843e-03 3.166842219804832936e+01 7.237585568480470000e+14 8.335839927667599582e-06
9.509817599999999790e+22 8.514362767705019993e-27 1.194620854380400869e-11 9.092939775064805635e-09 8.652604879534902746e-03 3.167855753412575126e+01 7.244320162818520000e+14 8.335839927667599582e-06
9.517224000000000577e+22 8.510276926363510578e-27 1.194047584083207096e-11 9.092941315576954340e-09 8.648452699073124958e-03 3.168869611569828493e+01 7.251054758302955000e+14 8.335839927667599582e-06
9.524630399999999685e+22 8.506193045032270366e-27 1.193474588788290007e-11 9.092942841371205793e-09 8.644302510445015658e-03 3.169883794378895914e+01 7.257789354922933750e+14 8.335839927667599582e-06
9.532036800000000472e+22 8.502111122778038347e-27 1.192901868364706263e-11 9.092944352588170769e-09 8.640154312702159889e-03 3.170898301942139241e+01 7.264523952667750000e+14 8.335839927667599582e-06
9.539443199999999581e+22 8.498031158667820407e-27 1.192329422681550977e-11 9.092945849367113399e-09 8.636008104896415044e-03 3.171913134361993514e+01 7.271258551526815000e+14 8.335839927667599582e-06
9.546849600000000367e+22 8.493953151769001253e-27 1.191757251607972095e-11 9.092947331845972665e-09 8.631863886080023626e-03 3.172928291740941376e+01 7.277993151489671250e+14 8.335839927667599582e-06
9.554255999999999476e+22 8.489877101149353024e-27 1.191185355013172327e-11 9.092948800161369027e-09 8.627721655305623655e-03 3.173943774181505972e+01 7.284727752545900000e+14 8.335839927667599582e-06
9.561662400000000262e+22 8.485803005877025247e-27 1.190613732766406407e-11 9.092950254448614344e-09 8.623581411626233054e-03 3.174959581786261253e+01 7.291462354684001250e+14 8.335839927667599582e-06
9.569068799999999371e+22 8.481730865020559181e-27 1.190042384736984807e-11 9.092951694841728419e-09 8.619443154095268733e-03 3.175975714657821314e+01 7.298196957893381250e+14 8.335839927667599582e-06
9.576475200000000157e+22 8.477660677648870604e-27 1.189471310794270182e-11 9.092953121473458850e-09 8.615306881766530978e-03 3.176992172898846079e+01 7.304931562163980000e+14 8.335839927667599582e-06
9.583881599999999266e+22 8.473592442831262726e-27 1.188900510807679794e-11 9.092954534475271107e-09 8.611172593694210384e-03 3.178008956612043079e+01 7.311666167485808750e+14 8.335839927667599582e-06
9.591288000000000052e+22 8.469526159637417576e-27 1.188329984646684380e-11 9.092955933977388234e-09 8.607040288932886127e-03 3.179026065900163545e+01 7.318400773848966250e+14 8.335839927667599582e-06
9.598694399999999161e+22 8.465461827137406050e-27 1.187759732180807831e-11 9.092957320108779269e-09 8.602909966537527695e-03 3.180043500866003114e+01 7.325135381243620000e+14 8.335839927667599582e-06
9.606100799999999948e+22 8.461399444401673561e-27 1.187189753279628483e-11 9.092958692997187367e-09 8.598781625563491418e-03 3.181061261612403257e+01 7.331869989660022500e+14 8.335839927667599582e-06
9.613507200000000734e+22 8.457339010501058692e-27 1.186620047812778147e-11 9.092960052769131459e-09 8.594655265066525676e-03 3.182079348242250205e+01 7.338604599088503750e+14 8.335839927667599582e-06
9.620913599999999843e+22 8.453280524506775979e-27 1.186050615649942597e-11 9.092961399549922789e-09 8.590530884102767425e-03 3.183097760858476022e+01 7.345339209519467500e+14 8.335839927667599582e-06
9.628320000000000629e+22 8.449223985490423082e-27 1.185481456660860758e-11 9.092962733463678154e-09 8.586408481728740466e-03 3.184116499564056113e+01 7.352073820943403750e+14 8.335839927667599582e-06
9.635726399999999738e+22 8.445169392523983659e-27 1.184912570715325837e-11 9.092964054633324865e-09 8.582288057001358911e-03 3.185135564462014202e+01 7.358808433350871250e+14 8.335839927667599582e-06
9.643132800000000524e+22 8.441116744679820188e-27 1.184343957683184198e-11 9.092965363180617291e-09 8.578169608977925450e-03 3.186154955655416643e+01 7.365543046732516250e+14 8.335839927667599582e-06
9.650539199999999633e+22 8.437066041030681145e-27 1.183775617434336809e-11 9.092966659226143475e-09 8.574053136716134824e-03 3.187174673247375267e+01 7.372277661079056250e+14 8.335839927667599582e-06
9.657945600000000419e+22 8.433017280649696694e-27 1.183207549838737144e-11 9.092967942889349952e-09 8.569938639274065142e-03 3.188194717341048445e+01 7.379012276381295000e+14 8.335839927667599582e-06
9.665351999999999528e+22 8.428970462610381564e-27 1.182639754766393449e-11 9.092969214288528514e-09 8.565826115710190036e-03 3.189215088039638246e+01 7.385746892630103750e+14 8.335839927667599582e-06
9.672758400000000315e+22 8.424925585986632173e-27 1.182072232087367441e-11 9.092970473540847639e-09 8.561715565083368243e-03 3.190235785446392214e+01 7.392481509816442500e+14 8.335839927667599582e-06
9.680164799999999423e+22 8.420882649852723760e-27 1.181504981671773994e-11 9.092971720762362422e-09 8.557606986452847078e-03 3.191256809664604432e+01 7.399216127931341250e+14 8.335839927667599582e-06
9.687571200000000210e+22 8.416841653283321866e-27 1.180938003389782264e-11 9.092972956068002992e-09 8.553500378878265906e-03 3.192278160797613396e+01 7.405950746965917500e+14 8.335839927667599582e-06
9.694977599999999318e+22 8.412802595353470854e-27 1.180371297111615205e-11 9.092974179571619178e-09 8.549395741419650932e-03 3.193299838948801650e+01 7.412685366911357500e+14 8.335839927667599582e-06
9.702384000000000105e+22 8.408765475138595342e-27 1.179804862707548765e-11 9.092975391385959009e-09 8.545293073137416942e-03 3.194321844221600060e+01 7.419419987758933750e+14 8.335839927667599582e-06
9.709790399999999214e+22 8.404730291714510248e-27 1.179238700047913658e-11 9.092976591622703446e-09 8.541192373092372503e-03 3.195344176719480700e+01 7.426154609499990000e+14 8.335839927667599582e-06
9.717196800000000000e+22 8.400697044157405010e-27 1.178672809003093105e-11 9.092977780392464735e-09 8.537093640345706086e-03 3.196366836545965384e+01 7.432889232125955000e+14 8.335839927667599582e-06
9.724603200000000786e+22 8.396665731543859365e-27 1.178107189443525420e-11 9.092978957804789714e-09 8.532996873959006884e-03 3.197389823804617137e+01 7.439623855628332500e+14 8.335839927667599582e-06
9.732009599999999895e+22 8.392636352950828999e-27 1.177541841239701583e-11 9.092980123968189591e-09 8.528902072994243994e-03 3.198413138599046590e+01 7.446358479998702500e+14 8.335839927667599582e-06
9.739416000000000682e+22 8.388608907455659903e-27 1.176976764262166859e-11 9.092981278990133323e-09 8.524809236513780294e-03 3.199436781032910559e+01 7.453093105228728750e+14 8.335839927667599582e-06
9.746822399999999790e+22 8.384583394136074018e-27 1.176411958381519504e-11 9.092982422977067477e-09 8.520718363580365509e-03 3.200460751209909205e+01 7.459827731310147500e+14 8.335839927667599582e-06
9.754228800000000577e+22 8.380559812070281160e-27 1.175847423468426760e-11 9.092983556034411257e-09 8.516629453257242022e-03 3.201485049233761515e+01 7.466562358234780000e+14 8.335839927667599582e-06
9.761635199999999685e+22 8.376538160336854184e-27 1.175283159393605952e-11 9.092984678266589599e-09 8.512542504608021712e-03 3.202509675208240481e+01 7.473296985994517500e+14 8.335839927667599582e-06
9.769041600000000472e+22 8.372518438014677323e-27 1.174719166027818833e-11 9.092985789777023241e-09 8.508457516696633915e-03 3.203534629237179132e+01 7.480031614581338750e+14 8.335839927667599582e-06
9.776447999999999581e+22 8.368500644183027982e-27 1.174155443241881764e-11 9.092986890668145265e-09 8.504374488587406952e-03 3.204559911424453844e+01 7.486766243987293750e+14 8.335839927667599582e-06
9.783854400000000367e+22 8.364484777921579606e-27 1.173591990906667003e-11 9.092987981041412684e-09 8.500293419345071599e-03 3.205585521873985044e+01 7.493500874204513750e+14 8.335839927667599582e-06
9.791260799999999476e+22 8.360470838310400245e-27 1.173028808893102226e-11 9.092989060997308089e-09 8.496214308034759355e-03 3.206611460689732951e+01 7.500235505225207500e+14 8.335839927667599582e-06
9.798667200000000262e+22 8.356458824429951122e-27 1.172465897072169713e-11 9.092990130635359505e-09 8.492137153722000703e-03 3.207637727975702546e+01 7.506970137041666250e+14 8.335839927667599582e-06
9.806073599999999371e+22 8.352448735361085193e-27 1.171903255314907483e-11 9.092991190054138739e-09 8.488061955472726849e-03 3.208664323835939314e+01 7.513704769646250000e+14 8.335839927667599582e-06
9.813480000000000157e+22 8.348440570185054326e-27 1.171340883492408970e-11 9.092992239351284534e-09 8.483988712353271455e-03 3.209691248374533501e+01 7.520439403031408750e+14 8.335839927667599582e-06
9.820886399999999266e+22 8.344434327983500690e-27 1.170778781475822537e-11 9.092993278623494305e-09 8.479917423430365434e-03 3.210718501695617277e+01 7.527174037189660000e+14 8.335839927667599582e-06
9.828292800000000052e+22 8.340430007838461059e-27 1.170216949136352125e-11 9.092994307966543986e-09 8.475848087771140418e-03 3.211746083903364024e+01 7.533908672113610000e+14 8.335839927667599582e-06
9.835699200000000839e+22 8.336427608832366813e-27 1.169655386345256601e-11 9.092995327475294649e-09 8.471780704443132234e-03 3.212773995101990465e+01 7.540643307795935000e+14 8.335839927667599582e-06
9.843105599999999948e+22 8.332427130048042502e-27 1.169094092973850575e-11 9.092996337243704087e-09 8.467715272514273958e-03 3.213802235395755957e+01 7.547377944229392500e+14 8.335839927667599582e-06
9.850512000000000734e+22 8.328428570568710153e-27 1.168533068893503582e-11 9.092997337364830117e-09 8.463651791052899387e-03 3.214830804888963200e+01 7.554112581406821250e+14 8.335839927667599582e-06
9.857918399999999843e+22 8.324431929477980657e-27 1.167972313975640738e-11 9.092998327930838858e-09 8.459590259127743039e-03 3.215859703685955395e+01 7.560847219321132500e+14 8.335839927667599582e-06
9.865324800000000629e+22 8.320437205859859512e-27 1.167411828091741923e-11 9.092999309033019617e-09 8.455530675807938421e-03 3.216888931891121217e+01 7.567581857965321250e+14 8.335839927667599582e-06
9.872731199999999738e+22 8.316444398798753996e-27 1.166851611113343404e-11 9.093000280761788199e-09 8.451473040163024961e-03 3.217918489608887711e+01 7.574316497332457500e+14 8.335839927667599582e-06
9.880137600000000524e+22 8.312453507379454514e-27 1.166291662912034922e-11 9.093001243206698483e-09 8.447417351262934138e-03 3.218948376943728817e+01 7.581051137415692500e+14 8.335839927667599582e-06
9.887543999999999633e+22 8.308464530687153249e-27 1.165731983359463250e-11 9.093002196456445740e-09 8.443363608178005089e-03 3.219978594000158267e+01 7.587785778208250000e+14 8.335839927667599582e-06
9.894950400000000419e+22 8.304477467807431252e-27 1.165172572327329604e-11 9.093003140598879859e-09 8.439311809978972470e-03 3.221009140882733135e+01 7.594520419703442500e+14 8.335839927667599582e-06
9.902356799999999528e+22 8.300492317826267049e-27 1.164613429687390941e-11 9.093004075721008660e-09 8.435261955736975126e-03 3.222040017696052416e+01 7.601255061894648750e+14 8.335839927667599582e-06
9.909763200000000315e+22 8.296509079830033772e-27 1.164054555311458822e-11 9.093005001909014436e-09 8.431214044523550888e-03 3.223071224544759161e+01 7.607989704775336250e+14 8.335839927667599582e-06
9.917169599999999423e+22 8.292527752905496287e-27 1.163495949071400546e-11 9.093005919248250646e-09 8.427168075410636575e-03 3.224102761533536921e+01 7.614724348339042500e+14 8.335839927667599582e-06
9.924576000000000210e+22 8.288548336139811199e-27 1.162937610839138506e-11 9.093006827823258457e-09 8.423124047470569725e-03 3.225134628767113298e+01 7.621458992579390000e+14 8.335839927667599582e-06
9.931982399999999318e+22 8.284570828620535454e-27 1.162379540486650668e-11 9.093007727717766746e-09 8.419081959776090335e-03 3.226166826350257821e+01 7.628193637489946250e+14 8.335839927667599582e-06
9.939388800000000105e+22 8.280595229435614869e-27 1.161821737885970253e-11 9.093008619014710295e-09 8.415041811400337385e-03 3.227199354387781938e+01 7.634928283063372500e+14 8.335839927667599582e-06
9.946795199999999214e+22 8.276621537673394168e-27 1.161264202909185574e-11 9.093009501796231448e-09 8.411003601416852313e-03 3.228232212984541150e+01 7.641662929293218750e+14 8.335839927667599582e-06
9.954201600000000000e+22 8.272649752422606941e-27 1.160706935428440194e-11 9.093010376143681763e-09 8.406967328899573808e-03 3.229265402245432171e+01 7.648397576173341250e+14 8.335839927667599582e-06
9.961608000000000786e+22 8.268679872772381385e-27 1.160149935315932933e-11 9.093011242137640213e-09 8.402932992922841279e-03 3.230298922275393636e+01 7.655132223697645000e+14 8.335839927667599582e-06
9.969014399999999895e+22 8.264711897812246041e-27 1.159593202443918346e-11 9.093012099857916491e-09 8.398900592561398329e-03 3.231332773179408235e+01 7.661866871860075000e+14 8.335839927667599582e-06
9.976420800000000682e+22 8.260745826632111144e-27 1.159036736684705435e-11 9.093012949383554323e-09 8.394870126890382339e-03 3.232366955062501290e+01 7.668601520654633750e+14 8.335839927667599582e-06
9.983827199999999790e+22 8.256781658322348972e-27 1.158480537910667017e-11 9.093013790792848009e-09 8.390841594985393864e-03 3.233401468029725123e+01 7.675336170075360000e+14 8.335839927667599582e-06
9.991233600000000577e+22 8.252819391973707759e-27 1.157924605994229061e-11 9.093014624163335803e-09 8.386814995922418567e-03 3.234436312186176821e+01 7.682070820116347500e+14 8.335839927667599582e-06
9.998639999999999685e+22 8.248859026677290163e-27 1.157368940807867944e-11 9.093015449571819773e-09 8.382790328777802932e-03 3.235471487637008181e+01 7.688805470771732500e+14 8.335839927667599582e-06
1.000604640000000047e+23 8.244900561524592016e-27 1.156813542224114001e-11 9.093016267094372410e-09 8.378767592628290697e-03 3.236506994487412214e+01 7.695540122035700000e+14 8.335839927667599582e-06
1.001345279999999958e+23 8.240943995607519537e-27 1.156258410115555732e-11 9.093017076806331670e-09 8.374746786551045402e-03 3.237542832842623142e+01 7.702274773902477500e+14 8.335839927667599582e-06
1.002085920000000037e+23 8.236989328018369247e-27 1.155703544354836563e-11 9.093017878782317516e-09 8.370727909623624369e-03 3.238579002807914264e+01 7.709009426366347500e+14 8.335839927667599582e-06
1.002826559999999948e+23 8.233036557849846623e-27 1.155148944814657115e-11 9.093018673096243499e-09 8.366710960924002988e-03 3.239615504488599385e+01 7.715744079421630000e+14 8.335839927667599582e-06
1.003567200000000026e+23 8.229085684195051745e-27 1.154594611367773421e-11 9.093019459821308485e-09 8.362695939530555636e-03 3.240652337990036358e+01 7.722478733062701250e+14 8.335839927667599582e-06
1.004307839999999937e+23 8.225136706147486477e-27 1.154040543886997900e-11 9.093020239030014856e-09 8.358682844522067820e-03 3.241689503417620699e+01 7.729213387283975000e+14 8.335839927667599582e-06
1.005048480000000016e+23 8.221189622801058764e-27 1.153486742245199678e-11 9.093021010794175123e-09 8.354671674977732707e-03 3.242727000876789134e+01 7.735948042079920000e+14 8.335839927667599582e-06
1.005789119999999927e+23 8.217244433250068290e-27 1.152933206315303454e-11 9.093021775184915238e-09 8.350662429977147652e-03 3.243764830473020311e+01 7.742682697445045000e+14 8.335839927667599582e-06
1.006529760000000005e+23 8.213301136589219387e-27 1.152379935970289832e-11 9.093022532272677903e-09 8.346655108600317674e-03 3.244802992311831247e+01 7.749417353373911250e+14 8.335839927667599582e-06
1.007270399999999916e+23 8.209359731913619605e-27 1.151826931083196764e-11 9.093023282127235802e-09 8.342649709927657184e-03 3.245841486498782302e+01 7.756152009861122500e+14 8.335839927667599582e-06
1.008011039999999995e+23 8.205420218318773966e-27 1.151274191527117619e-11 9.093024024817691604e-09 8.338646233039984784e-03 3.246880313139472918e+01 7.762886666901333750e+14 8.335839927667599582e-06
1.008751680000000073e+23 8.201482594900584969e-27 1.150721717175201666e-11 9.093024760412494504e-09 8.334644677018526737e-03 3.247919472339543745e+01 7.769621324489242500e+14 8.335839927667599582e-06
1.009492319999999984e+23 8.197546860755361200e-27 1.150169507900655041e-11 9.093025488979433608e-09 8.330645040944916965e-03 3.248958964204675937e+01 7.776355982619593750e+14 8.335839927667599582e-06
1.010232960000000063e+23 8.193613014979813022e-27 1.149617563576740104e-11 9.093026210585652820e-09 8.326647323901198786e-03 3.249998788840589725e+01 7.783090641287182500e+14 8.335839927667599582e-06
1.010973599999999974e+23 8.189681056671041101e-27 1.149065884076774790e-11 9.093026925297654153e-09 8.322651524969816236e-03 3.251038946353048686e+01 7.789825300486847500e+14 8.335839927667599582e-06
1.011714240000000052e+23 8.185750984926559363e-27 1.148514469274133418e-11 9.093027633181304345e-09 8.318657643233626220e-03 3.252079436847855476e+01 7.796559960213476250e+14 8.335839927667599582e-06
1.012454879999999963e+23 8.181822798844272033e-27 1.147963319042247015e-11 9.093028334301839821e-09 8.314665677775889829e-03 3.253120260430853250e+01 7.803294620462000000e+14 8.335839927667599582e-06
1.013195520000000042e+23 8.177896497522490857e-27 1.147412433254601861e-11 9.093029028723878278e-09 8.310675627680275818e-03 3.254161417207926377e+01 7.810029281227402500e+14 8.335839927667599582e-06
1.013936159999999953e+23 8.173972080059923622e-27 1.146861811784741749e-11 9.093029716511412062e-09 8.306687492030860598e-03 3.255202907284999725e+01 7.816763942504707500e+14 8.335839927667599582e-06
1.014676800000000031e+23 8.170049545555681329e-27 1.146311454506265406e-11 9.093030397727831331e-09 8.302701269912126508e-03 3.256244730768037954e+01 7.823498604288992500e+14 8.335839927667599582e-06
1.015417439999999942e+23 8.166128893109273892e-27 1.145761361292828261e-11 9.093031072435910823e-09 8.298716960408963547e-03 3.257286887763046224e+01 7.830233266575373750e+14 8.335839927667599582e-06
1.016158080000000021e+23 8.162210121820613002e-27 1.145211532018142454e-11 9.093031740697834666e-09 8.294734562606669373e-03 3.258329378376070906e+01 7.836967929359023750e+14 8.335839927667599582e-06
1.016898719999999932e+23 8.158293230790009263e-27 1.144661966555974892e-11 9.093032402575188113e-09 8.290754075590945835e-03 3.259372202713198874e+01 7.843702592635153750e+14 8.335839927667599582e-06
1.017639360000000010e+23 8.154378219118176493e-27 1.144112664780150320e-11 9.093033058128967461e-09 8.286775498447905910e-03 3.260415360880557500e+01 7.850437256399026250e+14 8.335839927667599582e-06
1.018379999999999921e+23 8.150465085906223115e-27 1.143563626564548574e-11 9.093033707419589983e-09 8.282798830264065035e-03 3.261458852984313950e+01 7.857171920645948750e+14 8.335839927667599582e-06
1.019120640000000000e+23 8.146553830255667944e-27 1.143014851783106360e-11 9.093034350506890615e-09 8.278824070126351506e-03 3.262502679130675887e+01 7.863906585371277500e+14 8.335839927667599582e-06
1.019861280000000079e+23 8.142644451268420094e-27 1.142466340309815960e-11 9.093034987450135193e-09 8.274851217122094343e-03 3.263546839425892188e+01 7.870641250570413750e+14 8.335839927667599582e-06
1.020601919999999990e+23 8.138736948046794765e-27 1.141918092018726362e-11 9.093035618308028726e-09 8.270880270339033696e-03 3.264591333976252230e+01 7.877375916238803750e+14 8.335839927667599582e-06
1.021342560000000068e+23 8.134831319693526156e-27 1.141370106783944877e-11 9.093036243138707122e-09 8.266911228865334721e-03 3.265636162888079497e+01 7.884110582371947500e+14 8.335839927667599582e-06
1.022083199999999979e+23 8.130927565311753116e-27 1.140822384479636493e-11 9.093036861999752077e-09 8.262944091789573703e-03 3.266681326267737262e+01 7.890845248965383750e+14 8.335839927667599582e-06
1.022823840000000058e+23 8.127025684004978967e-27 1.140274924980016765e-11 9.093037474948197695e-09 8.258978858200699893e-03 3.267726824221639248e+01 7.897579916014703750e+14 8.335839927667599582e-06
1.023564479999999969e+23 8.123125674877113115e-27 1.139727728159358119e-11 9.093038082040532140e-09 8.255015527188073673e-03 3.268772656856236836e+01 7.904314583515541250e+14 8.335839927667599582e-06
1.024305120000000047e+23 8.119227537032475357e-27 1.139180793891990815e-11 9.093038683332709216e-09 8.251054097841470023e-03 3.269818824278021197e+01 7.911049251463581250e+14 8.335839927667599582e-06
1.025045759999999958e+23 8.115331269575780094e-27 1.138634122052300371e-11 9.093039278880138445e-09 8.247094569251068111e-03 3.270865326593522582e+01 7.917783919854551250e+14 8.335839927667599582e-06
1.025786400000000037e+23 8.111436871612149249e-27 1.138087712514729815e-11 9.093039868737704914e-09 8.243136940507461707e-03 3.271912163909312454e+01 7.924518588684231250e+14 8.335839927667599582e-06
1.026527039999999948e+23 8.107544342247107959e-27 1.137541565153778240e-11 9.093040452959772589e-09 8.239181210701652242e-03 3.272959336331999225e+01 7.931253257948441250e+14 8.335839927667599582e-06
1.027267680000000026e+23 8.103653680586586012e-27 1.136995679844001928e-11 9.093041031600177691e-09 8.235227378925052272e-03 3.274006843968232516e+01 7.937987927643053750e+14 8.335839927667599582e-06
1.028008319999999937e+23 8.099764885736916410e-27 1.136450056460013222e-11 9.093041604712251863e-09 8.231275444269485486e-03 3.275054686924701741e+01 7.944722597763982500e+14 8.335839927667599582e-06
1.028748960000000016e+23 8.095877956804831065e-27 1.135904694876481013e-11 9.093042172348808934e-09 8.227325405827179763e-03 3.276102865308134682e+01 7.951457268307196250e+14 8.335839927667599582e-06
1.029489599999999927e+23 8.091992892897475152e-27 1.135359594968131543e-11 9.093042734562164768e-09 8.223377262690784520e-03 3.277151379225298200e+01 7.958191939268700000e+14 8.335839927667599582e-06
1.030230240000000005e+23 8.088109693122387014e-27 1.134814756609747278e-11 9.093043291404130650e-09 8.219431013953348159e-03 3.278200228782999659e+01 7.964926610644557500e+14 8.335839927667599582e-06
1.030970880000000084e+23 8.084228356587513948e-27 1.134270179676167065e-11 9.093043842926023211e-09 8.215486658708333681e-03 3.279249414088084791e+01 7.971661282430868750e+14 8.335839927667599582e-06
1.031711519999999995e+23 8.080348882401210775e-27 1.133725864042286786e-11 9.093044389178671046e-09 8.211544196049616953e-03 3.280298935247439118e+01 7.978395954623783750e+14 8.335839927667599582e-06
1.032452160000000073e+23 8.076471269672225482e-27 1.133181809583058702e-11 9.093044930212418020e-09 8.207603625071478032e-03 3.281348792367987244e+01 7.985130627219505000e+14 8.335839927667599582e-06
1.033192799999999984e+23 8.072595517509720753e-27 1.132638016173492109e-11 9.093045466077124927e-09 8.203664944868615042e-03 3.282398985556693560e+01 7.991865300214275000e+14 8.335839927667599582e-06
1.033933440000000063e+23 8.068721625023253879e-27 1.132094483688651874e-11 9.093045996822174449e-09 8.199728154536126828e-03 3.283449514920560119e+01 7.998599973604385000e+14 8.335839927667599582e-06
1.034674079999999974e+23 8.064849591322789669e-27 1.131551212003660707e-11 9.093046522496482739e-09 8.195793253169528572e-03 3.284500380566630895e+01 8.005334647386173750e+14 8.335839927667599582e-06
1.035414720000000052e+23 8.060979415518699017e-27 1.131008200993697215e-11 9.093047043148489494e-09 8.191860239864744847e-03 3.285551582601988230e+01 8.012069321555428750e+14 8.335839927667599582e-06
1.036155359999999963e+23 8.057111096721751728e-27 1.130465450533997195e-11 9.093047558826182770e-09 8.187929113718109622e-03 3.286603121133749994e+01 8.018803996107953750e+14 8.335839927667599582e-06
1.036896000000000042e+23 8.053244634043122259e-27 1.129922960499852509e-11 9.093048069577087401e-09 8.183999873826366261e-03 3.287654996269078822e+01 8.025538671040185000e+14 8.335839927667599582e-06
1.037636639999999953e+23 8.049380026594392583e-27 1.129380730766611723e-11 9.093048575448269964e-09 8.180072519286669258e-03 3.288707208115173586e+01 8.032273346348580000e+14 8.335839927667599582e-06
1.038377280000000031e+23 8.045517273487542152e-27 1.128838761209680273e-11 9.093049076486353668e-09 8.176147049196582500e-03 3.289759756779272237e+01 8.039008022029628750e+14 8.335839927667599582e-06
1.039117919999999942e+23 8.041656373834959371e-27 1.128297051704520300e-11 9.093049572737513389e-09 8.172223462654082740e-03 3.290812642368651808e+01 8.045742698079841250e+14 8.335839927667599582e-06
1.039858560000000021e+23 8.037797326749431556e-27 1.127755602126650172e-11 9.093050064247483942e-09 8.168301758757550921e-03 3.291865864990629831e+01 8.052477374495760000e+14 8.335839927667599582e-06
1.040599199999999932e+23 8.033940131344154980e-27 1.127214412351645604e-11 9.093050551061561739e-09 8.164381936605786053e-03 3.292919424752560076e+01 8.059212051273946250e+14 8.335839927667599582e-06
1.041339840000000010e+23 8.030084786732724822e-27 1.126673482255137409e-11 9.093051033224608091e-09 8.160463995297989603e-03 3.293973321761839657e+01 8.065946728410997500e+14 8.335839927667599582e-06
1.042080479999999921e+23 8.026231292029142350e-27 1.126132811712815203e-11 9.093051510781062452e-09 8.156547933933779373e-03 3.295027556125899793e+01 8.072681405903527500e+14 8.335839927667599582e-06
1.042821120000000000e+23 8.022379646347810610e-27 1.125592400600423533e-11 9.093051983774934137e-09 8.152633751613179089e-03 3.296082127952215046e+01 8.079416083748185000e+14 8.335839927667599582e-06
1.043561760000000079e+23 8.018529848803537301e-27 1.125052248793763815e-11 9.093052452249815566e-09 8.148721447436623605e-03 3.297137037348296218e+01 8.086150761941640000e+14 8.335839927667599582e-06
1.044302399999999990e+23 8.014681898511539072e-27 1.124512356168695304e-11 9.093052916248883911e-09 8.144811020504964111e-03 3.298192284421691056e+01 8.092885440480588750e+14 8.335839927667599582e-06
1.045043040000000068e+23 8.010835794587420008e-27 1.123972722601131859e-11 9.093053375814892831e-09 8.140902469919445578e-03 3.299247869279994205e+01 8.099620119361758750e+14 8.335839927667599582e-06
1.045783679999999979e+23 8.006991536147190277e-27 1.123433347967043727e-11 9.093053830990203898e-09 8.136995794781725841e-03 3.300303792030834416e+01 8.106354798581896250e+14 8.335839927667599582e-06
1.046524320000000058e+23 8.003149122307256087e-27 1.122894232142456405e-11 9.093054281816758478e-09 8.133090994193863457e-03 3.301360052781885202e+01 8.113089478137782500e+14 8.335839927667599582e-06
1.047264959999999969e+23 7.999308552184432602e-27 1.122355375003454036e-11 9.093054728336110817e-09 8.129188067258335051e-03 3.302416651640853473e+01 8.119824158026217500e+14 8.335839927667599582e-06
1.048005600000000047e+23 7.995469824895932461e-27 1.121816776426175210e-11 9.093055170589406532e-09 8.125287013078019704e-03 3.303473588715488063e+01 8.126558838244033750e+14 8.335839927667599582e-06
1.048746239999999958e+23 7.991632939559381563e-27 1.121278436286817484e-11 9.093055608617407431e-09 8.121387830756216300e-03 3.304530864113576882e+01 8.133293518788083750e+14 8.335839927667599582e-06
1.049486880000000037e+23 7.987797895292804717e-27 1.120740354461633347e-11 9.093056042460476617e-09 8.117490519396629647e-03 3.305588477942944792e+01 8.140028199655255000e+14 8.335839927667599582e-06
1.050227519999999948e+23 7.983964691214628512e-27 1.120202530826932801e-11 9.093056472158606619e-09 8.113595078103373950e-03 3.306646430311455731e+01 8.146762880842451250e+14 8.335839927667599582e-06
1.050968160000000026e+23 7.980133326443689928e-27 1.119664965259083041e-11 9.093056897751386302e-09 8.109701505980978012e-03 3.307704721327012010e+01 8.153497562346612500e+14 8.335839927667599582e-06
1.051708799999999937e+23 7.976303800099226290e-27 1.119127657634506675e-11 9.093057319278047187e-09 8.105809802134378295e-03 3.308763351097555017e+01 8.160232244164696250e+14 8.335839927667599582e-06
1.052449440000000016e+23 7.972476111300878138e-27 1.118590607829684152e-11 9.093057736777433676e-09 8.101919965668924126e-03 3.309822319731063800e+01 8.166966926293695000e+14 8.335839927667599582e-06
1.053190079999999927e+23 7.968650259168693532e-27 1.118053815721152141e-11 9.093058150288017940e-09 8.098031995690374227e-03 3.310881627335556487e+01 8.173701608730618750e+14 8.335839927667599582e-06
1.053930720000000005e+23 7.964826242823122313e-27 1.117517281185503857e-11 9.093058559847916460e-09 8.094145891304898449e-03 3.311941274019090287e+01 8.180436291472511250e+14 8.335839927667599582e-06
1.054671359999999916e+23 7.961004061385018970e-27 1.116981004099389707e-11 9.093058965494866871e-09 8.090261651619077773e-03 3.313001259889758643e+01 8.187170974516438750e+14 8.335839927667599582e-06
1.055411999999999995e+23 7.957183713975644079e-27 1.116444984339516644e-11 9.093059367266259391e-09 8.086379275739902575e-03 3.314061585055696924e+01 8.193905657859496250e+14 8.335839927667599582e-06
1.056152640000000073e+23 7.953365199716658561e-27 1.115909221782647842e-11 9.093059765199120279e-09 8.082498762774776094e-03 3.315122249625074602e+01 8.200640341498802500e+14 8.335839927667599582e-06
1.056893279999999984e+23 7.949548517730132293e-27 1.115373716305604477e-11 9.093060159330120105e-09 8.078620111831512698e-03 3.316183253706103073e+01 8.207375025431502500e+14 8.335839927667599582e-06
1.057633920000000063e+23 7.945733667138534060e-27 1.114838467785262491e-11 9.093060549695580369e-09 8.074743322018332684e-03 3.317244597407031392e+01 8.214109709654772500e+14 8.335839927667599582e-06
1.058374559999999974e+23 7.941920647064743039e-27 1.114303476098556473e-11 9.093060936331481776e-09 8.070868392443874412e-03 3.318306280836143429e+01 8.220844394165808750e+14 8.335839927667599582e-06
1.059115200000000052e+23 7.938109456632035881e-27 1.113768741122476264e-11 9.093061319273452647e-09 8.066995322217178702e-03 3.319368304101766398e+01 8.227579078961840000e+14 8.335839927667599582e-06
1.059855839999999963e+23 7.934300094964099628e-27 1.113234262734069384e-11 9.093061698556787125e-09 8.063124110447706175e-03 3.320430667312262329e+01 8.234313764040115000e+14 8.335839927667599582e-06
1.060596480000000042e+23 7.930492561185020232e-27 1.112700040810439411e-11 9.093062074216436899e-09 8.059254756245319909e-03 3.321493370576032333e+01 8.241048449397913750e+14 8.335839927667599582e-06
1.061337119999999953e+23 7.926686854419291165e-27 1.112166075228746955e-11 9.093062446287026097e-09 8.055387258720299315e-03 3.322556414001515890e+01 8.247783135032541250e+14 8.335839927667599582e-06
1.062077760000000031e+23 7.922882973791807679e-27 1.111632365866209494e-11 9.093062814802841353e-09 8.051521616983331464e-03 3.323619797697190847e+01 8.254517820941328750e+14 8.335839927667599582e-06
1.062818399999999942e+23 7.919080918427875417e-27 1.111098912600101374e-11 9.093063179797850014e-09 8.047657830145518026e-03 3.324683521771573425e+01 8.261252507121632500e+14 8.335839927667599582e-06
1.063559040000000021e+23 7.915280687453193191e-27 1.110565715307752358e-11 9.093063541305681933e-09 8.043795897318364863e-03 3.325747586333216077e+01 8.267987193570838750e+14 8.335839927667599582e-06
1.064299679999999932e+23 7.911482279993873074e-27 1.110032773866550367e-11 9.093063899359660909e-09 8.039935817613794167e-03 3.326811991490711762e+01 8.274721880286355000e+14 8.335839927667599582e-06
1.065040320000000010e+23 7.907685695176430354e-27 1.109500088153939546e-11 9.093064253992781522e-09 8.036077590144137528e-03 3.327876737352688963e+01 8.281456567265622500e+14 8.335839927667599582e-06
1.065780959999999921e+23 7.903890932127780664e-27 1.108967658047420748e-11 9.093064605237725679e-09 8.032221214022137665e-03 3.328941824027815954e+01 8.288191254506098750e+14 8.335839927667599582e-06
1.066521600000000000e+23 7.900097989975245723e-27 1.108435483424551370e-11 9.093064953126867574e-09 8.028366688360944955e-03 3.330007251624799380e+01 8.294925942005278750e+14 8.335839927667599582e-06
1.067262240000000079e+23 7.896306867846544723e-27 1.107903564162944548e-11 9.093065297692265418e-09 8.024514012274117439e-03 3.331073020252383543e+01 8.301660629760675000e+14 8.335839927667599582e-06
1.068002879999999990e+23 7.892517564869787161e-27 1.107371900140268670e-11 9.093065638965674676e-09 8.020663184875608670e-03 3.332139130019356088e+01 8.308395317769830000e+14 8.335839927667599582e-06
1.068743520000000068e+23 7.888730080173484311e-27 1.106840491234247862e-11 9.093065976978549718e-09 8.016814205279778130e-03 3.333205581034543741e+01 8.315130006030315000e+14 8.335839927667599582e-06
1.069484159999999979e+23 7.884944412886560708e-27 1.106309337322664735e-11 9.093066311762037202e-09 8.012967072601408572e-03 3.334272373406807333e+01 8.321864694539721250e+14 8.335839927667599582e-06
1.070224800000000058e+23 7.881160562138336926e-27 1.105778438283357152e-11 9.093066643346992619e-09 8.009121785955683470e-03 3.335339507245048196e+01 8.328599383295675000e+14 8.335839927667599582e-06
1.070965439999999969e+23 7.877378527058539627e-27 1.105247793994220168e-11 9.093066971763976985e-09 8.005278344458200898e-03 3.336406982658204612e+01 8.335334072295820000e+14 8.335839927667599582e-06
1.071706080000000047e+23 7.873598306777297251e-27 1.104717404333204900e-11 9.093067297043253530e-09 8.001436747224963120e-03 3.337474799755253940e+01 8.342068761537832500e+14 8.335839927667599582e-06
1.072446719999999958e+23 7.869819900425141454e-27 1.104187269178319495e-11 9.093067619214802586e-09 7.997596993372386998e-03 3.338542958645211201e+01 8.348803451019412500e+14 8.335839927667599582e-06
1.073187360000000037e+23 7.866043307133008542e-27 1.103657388407628321e-11 9.093067938308313322e-09 7.993759082017297055e-03 3.339611459437129071e+01 8.355538140738288750e+14 8.335839927667599582e-06
1.073927999999999948e+23 7.862268526032235166e-27 1.103127761899252453e-11 9.093068254353193662e-09 7.989923012276927208e-03 3.340680302240098598e+01 8.362272830692212500e+14 8.335839927667599582e-06
1.074668640000000026e+23 7.858495556254561193e-27 1.102598389531369353e-11 9.093068567378571944e-09 7.986088783268919036e-03 3.341749487163249199e+01 8.369007520878966250e+14 8.335839927667599582e-06
1.075409279999999937e+23 7.854724396932135445e-27 1.102069271182213671e-11 9.093068877413295265e-09 7.982256394111330450e-03 3.342819014315745818e+01 8.375742211296353750e+14 8.335839927667599582e-06
1.076149920000000016e+23 7.850955047197499914e-27 1.101540406730075313e-11 9.093069184485937753e-09 7.978425843922620081e-03 3.343888883806795320e+01 8.382476901942210000e+14 8.335839927667599582e-06
1.076890559999999927e+23 7.847187506183605547e-27 1.101011796053302022e-11 9.093069488624797255e-09 7.974597131821661161e-03 3.344959095745640099e+01 8.389211592814391250e+14 8.335839927667599582e-06
1.077631200000000005e+23 7.843421773023809377e-27 1.100483439030297277e-11 9.093069789857901959e-09 7.970770256927738051e-03 3.346029650241559494e+01 8.395946283910785000e+14 8.335839927667599582e-06
1.078371840000000084e+23 7.839657846851861606e-27 1.099955335539521429e-11 9.093070088213017011e-09 7.966945218360537567e-03 3.347100547403873350e+01 8.402680975229303750e+14 8.335839927667599582e-06
1.079112479999999995e+23 7.835895726801925697e-27 1.099427485459491695e-11 9.093070383717634584e-09 7.963122015240166329e-03 3.348171787341934902e+01 8.409415666767883750e+14 8.335839927667599582e-06
1.079853120000000073e+23 7.832135412008562590e-27 1.098899888668780870e-11 9.093070676398993737e-09 7.959300646687129943e-03 3.349243370165140732e+01 8.416150358524491250e+14 8.335839927667599582e-06
1.080593759999999984e+23 7.828376901606736436e-27 1.098372545046019584e-11 9.093070966284060558e-09 7.955481111822352083e-03 3.350315295982920816e+01 8.422885050497115000e+14 8.335839927667599582e-06
1.081334400000000063e+23 7.824620194731817475e-27 1.097845454469893887e-11 9.093071253399559597e-09 7.951663409767160615e-03 3.351387564904745631e+01 8.429619742683776250e+14 8.335839927667599582e-06
1.082075039999999974e+23 7.820865290519574856e-27 1.097318616819147015e-11 9.093071537771945745e-09 7.947847539643296266e-03 3.352460177040119760e+01 8.436354435082218750e+14 8.335839927667599582e-06
1.082815680000000052e+23 7.817112188106183813e-27 1.096792031972578268e-11 9.093071819427425739e-09 7.944033500572905693e-03 3.353533132498588998e+01 8.443089127689883750e+14 8.335839927667599582e-06
1.083556319999999963e+23 7.813360886628221360e-27 1.096265699809043815e-11 9.093072098391961468e-09 7.940221291678548413e-03 3.354606431389736088e+01 8.449823820504816250e+14 8.335839927667599582e-06
1.084296960000000042e+23 7.809611385222664857e-27 1.095739620207456369e-11 9.093072374691260052e-09 7.936410912083191604e-03 3.355680073823179299e+01 8.456558513525100000e+14 8.335839927667599582e-06
1.085037599999999953e+23 7.805863683026903489e-27 1.095213793046785674e-11 9.093072648350783765e-09 7.932602360910215311e-03 3.356754059908575272e+01 8.463293206748826250e+14 8.335839927667599582e-06
1.085778240000000031e+23 7.802117779178719611e-27 1.094688218206056728e-11 9.093072919395751689e-09 7.928795637283403766e-03 3.357828389755619725e+01 8.470027900174111250e+14 8.335839927667599582e-06
1.086518879999999942e+23 7.798373672816303099e-27 1.094162895564352041e-11 9.093073187851147988e-09 7.924990740326954067e-03 3.358903063474043194e+01 8.476762593799071250e+14 8.335839927667599582e-06
1.087259520000000021e+23 7.794631363078245607e-27 1.093637825000810671e-11 9.093073453741711978e-09 7.921187669165472706e-03 3.359978081173616005e+01 8.483497287621850000e+14 8.335839927667599582e-06
1.088000159999999932e+23 7.790890849103543442e-27 1.093113006394628221e-11 9.093073717091946405e-09 7.917386422923977304e-03 3.361053442964144011e+01 8.490231981640592500e+14 8.335839927667599582e-06
1.088740800000000010e+23 7.787152130031594690e-27 1.092588439625056033e-11 9.093073977926122401e-09 7.913587000727889675e-03 3.362129148955471436e+01 8.496966675853467500e+14 8.335839927667599582e-06
1.089481439999999921e+23 7.783415205002200652e-27 1.092064124571403123e-11 9.093074236268281145e-09 7.909789401703047965e-03 3.363205199257479450e+01 8.503701370258650000e+14 8.335839927667599582e-06
1.090222080000000000e+23 7.779680073155557235e-27 1.091540061113032953e-11 9.093074492142223930e-09 7.905993624975685835e-03 3.364281593980089724e+01 8.510436064854337500e+14 8.335839927667599582e-06
1.090962720000000079e+23 7.775946733632233428e-27 1.091016249129362139e-11 9.093074745571540294e-09 7.902199669672418589e-03 3.365358333233267984e+01 8.517170759638731250e+14 8.335839927667599582e-06
1.091703359999999990e+23 7.772215185573214349e-27 1.090492688499864973e-11 9.093074996579581546e-09 7.898407534920284800e-03 3.366435417127014773e+01 8.523905454610053750e+14 8.335839927667599582e-06
1.092444000000000068e+23 7.768485428119892635e-27 1.089969379104073262e-11 9.093075245189483927e-09 7.894617219846735909e-03 3.367512845771366869e+01 8.530640149766538750e+14 8.335839927667599582e-06
1.093184639999999979e+23 7.764757460414058402e-27 1.089446320821574711e-11 9.093075491424155377e-09 7.890828723579629278e-03 3.368590619276397291e+01 8.537374845106431250e+14 8.335839927667599582e-06
1.093925280000000058e+23 7.761031281597906413e-27 1.088923513532013410e-11 9.093075735306292077e-09 7.887042045247229932e-03 3.369668737752219556e+01 8.544109540627997500e+14 8.335839927667599582e-06
1.094665919999999969e+23 7.757306890814030341e-27 1.088400957115089510e-11 9.093075976858368526e-09 7.883257183978210555e-03 3.370747201308982710e+01 8.550844236329508750e+14 8.335839927667599582e-06
1.095406560000000047e+23 7.753584287205419903e-27 1.087878651450559385e-11 9.093076216102645807e-09 7.879474138901648023e-03 3.371826010056875589e+01 8.557578932209257500e+14 8.335839927667599582e-06
1.096147199999999958e+23 7.749863469915472333e-27 1.087356596418235630e-11 9.093076453061174901e-09 7.875692909147030338e-03 3.372905164106121845e+01 8.564313628265542500e+14 8.335839927667599582e-06
1.096887840000000037e+23 7.746144438087978037e-27 1.086834791897986578e-11 9.093076687755790068e-09 7.871913493844246226e-03 3.373984663566985631e+01 8.571048324496686250e+14 8.335839927667599582e-06
1.097628479999999948e+23 7.742427190867137809e-27 1.086313237769737755e-11 9.093076920208125390e-09 7.868135892123600747e-03 3.375064508549767339e+01 8.577783020901012500e+14 8.335839927667599582e-06
1.098369120000000026e+23 7.738711727397544183e-27 1.085791933913470263e-11 9.093077150439599880e-09 7.864360103115797945e-03 3.376144699164805019e+01 8.584517717476872500e+14 8.335839927667599582e-06
1.099109759999999937e+23 7.734998046824192903e-27 1.085270880209221263e-11 9.093077378471435686e-09 7.860586125951952996e-03 3.377225235522475089e+01 8.591252414222620000e+14 8.335839927667599582e-06
1.099850400000000016e+23 7.731286148292480063e-27 1.084750076537084140e-11 9.093077604324641541e-09 7.856813959763585264e-03 3.378306117733190916e+01 8.597987111136628750e+14 8.335839927667599582e-06
1.100591039999999927e+23 7.727576030948206403e-27 1.084229522777209309e-11 9.093077828020039234e-09 7.853043603682625245e-03 3.379387345907402107e+01 8.604721808217283750e+14 8.335839927667599582e-06
1.101331680000000005e+23 7.723867693937564402e-27 1.083709218809801955e-11 9.093078049578240452e-09 7.849275056841405890e-03 3.380468920155598767e+01 8.611456505462986250e+14 8.335839927667599582e-06
1.102072319999999916e+23 7.720161136407159798e-27 1.083189164515124935e-11 9.093078269019663321e-09 7.845508318372673012e-03 3.381550840588305107e+01 8.618191202872148750e+14 8.335839927667599582e-06
1.102812959999999995e+23 7.716456357503985759e-27 1.082669359773496364e-11 9.093078486364535717e-09 7.841743387409573149e-03 3.382633107316084420e+01 8.624925900443198750e+14 8.335839927667599582e-06
1.103553600000000073e+23 7.712753356375445844e-27 1.082149804465290739e-11 9.093078701632886990e-09 7.837980263085663965e-03 3.383715720449538367e+01 8.631660598174578750e+14 8.335839927667599582e-06
1.104294239999999984e+23 7.709052132169335346e-27 1.081630498470938616e-11 9.093078914844552932e-09 7.834218944534907317e-03 3.384798680099303425e+01 8.638395296064741250e+14 8.335839927667599582e-06
1.105034880000000063e+23 7.705352684033858515e-27 1.081111441670927585e-11 9.093079126019184045e-09 7.830459430891676190e-03 3.385881986376054442e+01 8.645129994112157500e+14 8.335839927667599582e-06
1.105775519999999974e+23 7.701655011117618511e-27 1.080592633945800486e-11 9.093079335176245543e-09 7.826701721290747760e-03 3.386965639390505345e+01 8.651864692315308750e+14 8.335839927667599582e-06
1.106516160000000052e+23 7.697959112569610229e-27 1.080074075176156544e-11 9.093079542335010735e-09 7.822945814867303393e-03 3.388049639253404166e+01 8.658599390672692500e+14 8.335839927667599582e-06
1.107256799999999963e+23 7.694264987539243259e-27 1.079555765242651853e-11 9.093079747514572604e-09 7.819191710756940791e-03 3.389133986075536598e+01 8.665334089182818750e+14 8.335839927667599582e-06
1.107997440000000042e+23 7.690572635176316057e-27 1.079037704025997275e-11 9.093079950733837189e-09 7.815439408095653170e-03 3.390218679967728832e+01 8.672068787844211250e+14 8.335839927667599582e-06
1.108738079999999953e+23 7.686882054631036034e-27 1.078519891406961995e-11 9.093080152011540131e-09 7.811688906019850949e-03 3.391303721040839037e+01 8.678803486655408750e+14 8.335839927667599582e-06
1.109478720000000031e+23 7.683193245054002337e-27 1.078002327266369159e-11 9.093080351366223512e-09 7.807940203666343532e-03 3.392389109405767300e+01 8.685538185614962500e+14 8.335839927667599582e-06
1.110219359999999942e+23 7.679506205596224502e-27 1.077485011485099911e-11 9.093080548816265630e-09 7.804193300172353187e-03 3.393474845173447108e+01 8.692272884721437500e+14 8.335839927667599582e-06
1.110960000000000021e+23 7.675820935409102367e-27 1.076967943944090488e-11 9.093080744379857840e-09 7.800448194675505507e-03 3.394560928454851023e+01 8.699007583973416250e+14 8.335839927667599582e-06
1.111700639999999932e+23 7.672137433644447595e-27 1.076451124524333349e-11 9.093080938075027718e-09 7.796704886313836347e-03 3.395647359360987139e+01 8.705742283369487500e+14 8.335839927667599582e-06
1.112441280000000010e+23 7.668455699454462147e-27 1.075934553106878145e-11 9.093081129919624166e-09 7.792963374225785750e-03 3.396734138002900494e+01 8.712476982908263750e+14 8.335839927667599582e-06
1.113181919999999921e+23 7.664775731991748333e-27 1.075418229572828810e-11 9.093081319931328998e-09 7.789223657550195350e-03 3.397821264491676629e+01 8.719211682588360000e+14 8.335839927667599582e-06
1.113922560000000000e+23 7.661097530409260020e-27 1.074902153803339523e-11 9.093081508127653627e-09 7.785485735426268469e-03 3.398908738938450114e+01 8.725946382408416250e+14 8.335839927667599582e-06
1.114663200000000079e+23 7.657421093860381551e-27 1.074386325679624242e-11 9.093081694525942375e-09 7.781749606993640378e-03 3.399996561454384647e+01 8.732681082367078750e+14 8.335839927667599582e-06
1.115403839999999990e+23 7.653746421498894749e-27 1.073870745082953143e-11 9.093081879143372476e-09 7.778015271392356607e-03 3.401084732150678747e+01 8.739415782463008750e+14 8.335839927667599582e-06
1.116144480000000068e+23 7.650073512478981778e-27 1.073355411894652466e-11 9.093082061996959035e-09 7.774282727762863408e-03 3.402173251138572851e+01 8.746150482694885000e+14 8.335839927667599582e-06
1.116885119999999979e+23 7.646402365955220846e-27 1.072840325996104027e-11 9.093082243103555029e-09 7.770551975246014695e-03 3.403262118529340086e+01 8.752885183061395000e+14 8.335839927667599582e-06
1.117625760000000058e+23 7.642732981082587634e-27 1.072325487268745217e-11 9.093082422479846346e-09 7.766823012983064232e-03 3.404351334434294074e+01 8.759619883561246250e+14 8.335839927667599582e-06
1.118366399999999969e+23 7.639065357016456735e-27 1.071810895594069813e-11 9.093082600142371635e-09 7.763095840115674315e-03 3.405440898964786101e+01 8.766354584193152500e+14 8.335839927667599582e-06
1.119107040000000047e+23 7.635399492912594478e-27 1.071296550853626357e-11 9.093082776107499147e-09 7.759370455785904487e-03 3.406530812232203687e+01 8.773089284955847500e+14 8.335839927667599582e-06
1.119847679999999958e+23 7.631735387927171840e-27 1.070782452929019779e-11 9.093082950391446583e-09 7.755646859136223689e-03 3.407621074347972012e+01 8.779823985848076250e+14 8.335839927667599582e-06
1.120588320000000037e+23 7.628073041216752972e-27 1.070268601701910420e-11 9.093083123010279446e-09 7.751925049309500715e-03 3.408711685423555338e+01 8.786558686868598750e+14 8.335839927667599582e-06
1.121328959999999948e+23 7.624412451938299498e-27 1.069754997054014847e-11 9.093083293979901110e-09 7.748205025449012018e-03 3.409802645570452739e+01 8.793293388016186250e+14 8.335839927667599582e-06
1.122069600000000026e+23 7.620753619249167647e-27 1.069241638867104554e-11 9.093083463316072676e-09 7.744486786698431303e-03 3.410893954900204506e+01 8.800028089289627500e+14 8.335839927667599582e-06
1.122810239999999937e+23 7.617096542307116867e-27 1.068728527023007581e-11 9.093083631034396423e-09 7.740770332201843407e-03 3.411985613524383609e+01 8.806762790687721250e+14 8.335839927667599582e-06
1.123550880000000016e+23 7.613441220270298337e-27 1.068215661403607223e-11 9.093083797150332357e-09 7.737055661103730414e-03 3.413077621554604235e+01 8.813497492209285000e+14 8.335839927667599582e-06
1.124291519999999927e+23 7.609787652297265020e-27 1.067703041890842511e-11 9.093083961679188282e-09 7.733342772548982072e-03 3.414169979102516095e+01 8.820232193853143750e+14 8.335839927667599582e-06
1.125032160000000005e+23 7.606135837546963049e-27 1.067190668366708376e-11 9.093084124636124765e-09 7.729631665682890583e-03 3.415262686279805138e+01 8.826966895618141250e+14 8.335839927667599582e-06
1.125772800000000084e+23 7.602485775178736030e-27 1.066678540713255325e-11 9.093084286036166715e-09 7.725922339651150605e-03 3.416355743198197814e+01 8.833701597503135000e+14 8.335839927667599582e-06
1.126513439999999995e+23 7.598837464352327918e-27 1.066166658812589925e-11 9.093084445894183530e-09 7.722214793599863590e-03 3.417449149969453970e+01 8.840436299506990000e+14 8.335839927667599582e-06
1.127254080000000073e+23 7.595190904227878706e-27 1.065655022546873998e-11 9.093084604224908951e-09 7.718509026675530842e-03 3.418542906705373241e+01 8.847171001628595000e+14 8.335839927667599582e-06
1.127994719999999984e+23 7.591546093965924428e-27 1.065143631798325426e-11 9.093084761042934445e-09 7.714805038025060457e-03 3.419637013517791502e+01 8.853905703866845000e+14 8.335839927667599582e-06
1.128735360000000063e+23 7.587903032727395725e-27 1.064632486449217342e-11 9.093084916362712510e-09 7.711102826795760389e-03 3.420731470518580153e+01 8.860640406220652500e+14 8.335839927667599582e-06
1.129475999999999974e+23 7.584261719673627887e-27 1.064121586381879590e-11 9.093085070198555026e-09 7.707402392135347113e-03 3.421826277819650386e+01 8.867375108688940000e+14 8.335839927667599582e-06
1.130216640000000052e+23 7.580622153966346504e-27 1.063610931478696780e-11 9.093085222564646486e-09 7.703703733191936097e-03 3.422921435532948919e+01 8.874109811270650000e+14 8.335839927667599582e-06
1.130957279999999963e+23 7.576984334767676079e-27 1.063100521622109583e-11 9.093085373475022491e-09 7.700006849114050464e-03 3.424016943770459420e+01 8.880844513964732500e+14 8.335839927667599582e-06
1.131697920000000042e+23 7.573348261240141458e-27 1.062590356694614408e-11 9.093085522943592910e-09 7.696311739050614061e-03 3.425112802644201793e+01 8.887579216770156250e+14 8.335839927667599582e-06
1.132438559999999953e+23 7.569713932546662094e-27 1.062080436578763564e-11 9.093085670984131954e-09 7.692618402150955791e-03 3.426209012266234311e+01 8.894313919685898750e+14 8.335839927667599582e-06
1.133179200000000031e+23 7.566081347850552045e-27 1.061570761157164612e-11 9.093085817610284795e-09 7.688926837564807014e-03 3.427305572748650775e+01 8.901048622710957500e+14 8.335839927667599582e-06
1.133919839999999942e+23 7.562450506315528585e-27 1.061061330312481496e-11 9.093085962835564255e-09 7.685237044442305016e-03 3.428402484203581935e+01 8.907783325844338750e+14 8.335839927667599582e-06
1.134660480000000021e+23 7.558821407105700721e-27 1.060552143927433417e-11 9.093086106673354116e-09 7.681549021933987802e-03 3.429499746743196198e+01 8.914518029085062500e+14 8.335839927667599582e-06
1.135401119999999932e+23 7.555194049385576375e-27 1.060043201884795310e-11 9.093086249136910776e-09 7.677862769190799304e-03 3.430597360479697500e+01 8.921252732431757500e+14 8.335839927667599582e-06
1.136141760000000010e+23 7.551568432320059506e-27 1.059534504067397526e-11 9.093086390239363245e-09 7.674178285364080705e-03 3.431695325525328855e+01 8.927987435883170000e+14 8.335839927667599582e-06
1.136882399999999921e+23 7.547944555074395588e-27 1.059026050358118884e-11 9.093086529993716455e-09 7.670495569605527940e-03 3.432793641992383726e+01 8.934722139438337500e+14 8.335839927667599582e-06
1.137623040000000000e+23 7.544322416814250529e-27 1.058517840639896524e-11 9.093086668412847956e-09 7.666814621067258480e-03 3.433892309993186132e+01 8.941456843096311250e+14 8.335839927667599582e-06
1.138363680000000079e+23 7.540702016705697756e-27 1.058009874795725103e-11 9.093086805509514526e-09 7.663135438901805263e-03 3.434991329640095614e+01 8.948191546856145000e+14 8.335839927667599582e-06
1.139104319999999990e+23 7.537083353915200998e-27 1.057502152708654207e-11 9.093086941296355486e-09 7.659458022262100214e-03 3.436090701045508666e+01 8.954926250716898750e+14 8.335839927667599582e-06
1.139844960000000068e+23 7.533466427609617155e-27 1.056994674261788352e-11 9.093087075785881115e-09 7.655782370301472510e-03 3.437190424321858018e+01 8.961660954677643750e+14 8.335839927667599582e-06
1.140585599999999979e+23 7.529851236956199166e-27 1.056487439338287631e-11 9.093087208990484232e-09 7.652108482173653782e-03 3.438290499581615478e+01 8.968395658737452500e+14 8.335839927667599582e-06
1.141326240000000058e+23 7.526237781122590272e-27 1.055980447821367065e-11 9.093087340922445161e-09 7.648436357032773782e-03 3.439390926937289805e+01 8.975130362895408750e+14 8.335839927667599582e-06
1.142066879999999969e+23 7.522626059276829756e-27 1.055473699594296930e-11 9.093087471593921804e-09 7.644765994033362114e-03 3.440491706501427416e+01 8.981865067150598750e+14 8.335839927667599582e-06
1.142807520000000047e+23 7.519016070587347198e-27 1.054967194540402269e-11 9.093087601016954600e-09 7.641097392330347370e-03 3.441592838386613096e+01 8.988599771502117500e+14 8.335839927667599582e-06
1.143548159999999958e+23 7.515407814222968223e-27 1.054460932543064349e-11 9.093087729203474803e-09 7.637430551079060596e-03 3.442694322705467158e+01 8.995334475949066250e+14 8.335839927667599582e-06
1.144288800000000037e+23 7.511801289352905883e-27 1.053954913485718234e-11 9.093087856165292897e-09 7.633765469435226624e-03 3.443796159570649706e+01 9.002069180490553750e+14 8.335839927667599582e-06
1.145029439999999948e+23 7.508196495146775014e-27 1.053449137251855213e-11 9.093087981914111835e-09 7.630102146554976206e-03 3.444898349094856371e+01 9.008803885125692500e+14 8.335839927667599582e-06
1.145770080000000026e+23 7.504593430774576444e-27 1.052943603725021018e-11 9.093088106461518762e-09 7.626440581594834747e-03 3.446000891390820442e+01 9.015538589853605000e+14 8.335839927667599582e-06
1.146510719999999937e+23 7.500992095406709916e-27 1.052438312788817282e-11 9.093088229818994945e-09 7.622780773711730976e-03 3.447103786571313577e+01 9.022273294673417500e+14 8.335839927667599582e-06
1.147251360000000016e+23 7.497392488213962600e-27 1.051933264326900082e-11 9.093088351997905846e-09 7.619122722062990870e-03 3.448207034749142963e+01 9.029007999584267500e+14 8.335839927667599582e-06
1.147991999999999927e+23 7.493794608367517709e-27 1.051428458222981232e-11 9.093088473009511046e-09 7.615466425806340263e-03 3.449310636037155575e+01 9.035742704585291250e+14 8.335839927667599582e-06
1.148732640000000005e+23 7.490198455038951625e-27 1.050923894360827156e-11 9.093088592864967559e-09 7.611811884099903974e-03 3.450414590548232496e+01 9.042477409675640000e+14 8.335839927667599582e-06
1.149473279999999916e+23 7.486604027400235339e-27 1.050419572624259852e-11 9.093088711575314936e-09 7.608159096102209279e-03 3.451518898395293888e+01 9.049212114854465000e+14 8.335839927667599582e-06
1.150213919999999995e+23 7.483011324623730138e-27 1.049915492897156732e-11 9.093088829151503395e-09 7.604508060972179836e-03 3.452623559691296151e+01 9.055946820120930000e+14 8.335839927667599582e-06
1.150954560000000073e+23 7.479420345882191918e-27 1.049411655063449332e-11 9.093088945604357422e-09 7.600858777869139160e-03 3.453728574549234054e+01 9.062681525474200000e+14 8.335839927667599582e-06
1.151695199999999984e+23 7.475831090348771179e-27 1.048908059007125893e-11 9.093089060944617128e-09 7.597211245952814086e-03 3.454833943082136472e+01 9.069416230913447500e+14 8.335839927667599582e-06
1.152435840000000063e+23 7.472243557197007289e-27 1.048404704612227973e-11 9.093089175182911785e-09 7.593565464383324366e-03 3.455939665403072780e+01 9.076150936437856250e+14 8.335839927667599582e-06
1.153176479999999974e+23 7.468657745600837090e-27 1.047901591762854158e-11 9.093089288329761477e-09 7.589921432321196544e-03 3.457045741625147883e+01 9.082885642046610000e+14 8.335839927667599582e-06
1.153917120000000052e+23 7.465073654734590595e-27 1.047398720343156835e-11 9.093089400395603567e-09 7.586279148927351813e-03 3.458152171861502211e+01 9.089620347738905000e+14 8.335839927667599582e-06
1.154657759999999963e+23 7.461491283772988116e-27 1.046896090237344449e-11 9.093089511390761271e-09 7.582638613363112089e-03 3.459258956225313852e+01 9.096355053513940000e+14 8.335839927667599582e-06
1.155398400000000042e+23 7.457910631891144575e-27 1.046393701329679892e-11 9.093089621325466811e-09 7.578999824790199139e-03 3.460366094829799977e+01 9.103089759370923750e+14 8.335839927667599582e-06
1.156139039999999953e+23 7.454331698264568060e-27 1.045891553504481796e-11 9.093089730209848189e-09 7.575362782370735452e-03 3.461473587788209727e+01 9.109824465309066250e+14 8.335839927667599582e-06
1.156879680000000031e+23 7.450754482069158398e-27 1.045389646646123234e-11 9.093089838053942413e-09 7.571727485267239904e-03 3.462581435213834169e+01 9.116559171327591250e+14 8.335839927667599582e-06
1.157620319999999942e+23 7.447178982481214325e-27 1.044887980639033666e-11 9.093089944867688885e-09 7.568093932642635559e-03 3.463689637219997053e+01 9.123293877425722500e+14 8.335839927667599582e-06
1.158360960000000021e+23 7.443605198677419139e-27 1.044386555367696511e-11 9.093090050660931055e-09 7.564462123660240997e-03 3.464798193920061209e+01 9.130028583602696250e+14 8.335839927667599582e-06
1.159101599999999932e+23 7.440033129834853613e-27 1.043885370716650442e-11 9.093090155443418073e-09 7.560832057483773787e-03 3.465907105427424284e+01 9.136763289857747500e+14 8.335839927667599582e-06
1.159842240000000010e+23 7.436462775130935728e-27 1.043384426570481953e-11 9.093090259224809755e-09 7.557203733277296706e-03 3.467016371855538637e+01 9.143497996190128750e+14 8.335839927667599582e-06
1.160582879999999921e+23 7.432894133743492421e-27 1.042883722813835054e-11 9.093090362014663346e-09 7.553577150205287999e-03 3.468125993317890021e+01 9.150232702599087500e+14 8.335839927667599582e-06
1.161323520000000000e+23 7.429327204850755277e-27 1.042383259331410299e-11 9.093090463822461643e-09 7.549952307432637039e-03 3.469235969927991903e+01 9.156967409083887500e+14 8.335839927667599582e-06
1.162064160000000079e+23 7.425761987631350491e-27 1.041883036007962848e-11 9.093090564657579913e-09 7.546329204124632185e-03 3.470346301799401090e+01 9.163702115643792500e+14 8.335839927667599582e-06
1.162804799999999990e+23 7.422198481264291683e-27 1.041383052728303441e-11 9.093090664529315665e-09 7.542707839446957316e-03 3.471456989045705654e+01 9.170436822278075000e+14 8.335839927667599582e-06
1.163545440000000068e+23 7.418636684928972735e-27 1.040883309377295967e-11 9.093090763446870456e-09 7.539088212565685752e-03 3.472568031780537723e+01 9.177171528986017500e+14 8.335839927667599582e-06
1.164286079999999979e+23 7.415076597805189306e-27 1.040383805839859731e-11 9.093090861419359816e-09 7.535470322647293273e-03 3.473679430117562106e+01 9.183906235766902500e+14 8.335839927667599582e-06
1.165026720000000058e+23 7.411518219073115878e-27 1.039884542000968484e-11 9.093090958455816559e-09 7.531854168858644234e-03 3.474791184170484826e+01 9.190640942620026250e+14 8.335839927667599582e-06
1.165767359999999969e+23 7.407961547913322971e-27 1.039385517745650260e-11 9.093091054565179197e-09 7.528239750367002846e-03 3.475903294053046011e+01 9.197375649544683750e+14 8.335839927667599582e-06
1.166508000000000047e+23 7.404406583506761365e-27 1.038886732958987700e-11 9.093091149756310144e-09 7.524627066340025365e-03 3.477015759879027001e+01 9.204110356540183750e+14 8.335839927667599582e-06
1.167248639999999958e+23 7.400853325034779314e-27 1.038388187526118051e-11 9.093091244037979168e-09 7.521016115945764434e-03 3.478128581762243954e+01 9.210845063605837500e+14 8.335839927667599582e-06
1.167989280000000037e+23 7.397301771679106761e-27 1.037889881332233168e-11 9.093091337418873321e-09 7.517406898352666476e-03 3.479241759816551394e+01 9.217579770740966250e+14 8.335839927667599582e-06
1.168729919999999948e+23 7.393751922621868258e-27 1.037391814262579352e-11 9.093091429907605207e-09 7.513799412729576035e-03 3.480355294155841506e+01 9.224314477944891250e+14 8.335839927667599582e-06
1.169470560000000026e+23 7.390203777045572917e-27 1.036893986202457508e-11 9.093091521512689823e-09 7.510193658245727967e-03 3.481469184894043423e+01 9.231049185216948750e+14 8.335839927667599582e-06
1.170211199999999937e+23 7.386657334133118715e-27 1.036396397037222827e-11 9.093091612242577646e-09 7.506589634070756113e-03 3.482583432145124647e+01 9.237783892556475000e+14 8.335839927667599582e-06
1.170951840000000016e+23 7.383112593067793931e-27 1.035899046652285592e-11 9.093091702105626509e-09 7.502987339374687231e-03 3.483698036023087496e+01 9.244518599962818750e+14 8.335839927667599582e-06
1.171692479999999927e+23 7.379569553033277145e-27 1.035401934933109722e-11 9.093091791110118144e-09 7.499386773327944462e-03 3.484812996641974081e+01 9.251253307435327500e+14 8.335839927667599582e-06
1.172433120000000005e+23 7.376028213213631496e-27 1.034905061765214873e-11 9.093091879264254875e-09 7.495787935101344730e-03 3.485928314115862747e+01 9.257988014973363750e+14 8.335839927667599582e-06
1.173173760000000084e+23 7.372488572793311862e-27 1.034408427034174342e-11 9.093091966576162924e-09 7.492190823866100476e-03 3.487043988558868080e+01 9.264722722576291250e+14 8.335839927667599582e-06
1.173914399999999995e+23 7.368950630957163419e-27 1.033912030625616351e-11 9.093092053053885795e-09 7.488595438793821391e-03 3.488160020085143742e+01 9.271457430243480000e+14 8.335839927667599582e-06
1.174655040000000073e+23 7.365414386890413037e-27 1.033415872425223088e-11 9.093092138705399163e-09 7.485001779056506613e-03 3.489276408808878926e+01 9.278192137974312500e+14 8.335839927667599582e-06
1.175395679999999984e+23 7.361879839778685058e-27 1.032919952318732313e-11 9.093092223538591023e-09 7.481409843826557736e-03 3.490393154844300483e+01 9.284926845768168750e+14 8.335839927667599582e-06
1.176136320000000063e+23 7.358346988807984084e-27 1.032424270191935587e-11 9.093092307561283195e-09 7.477819632276763197e-03 3.491510258305672920e+01 9.291661553624446250e+14 8.335839927667599582e-06
1.176876959999999974e+23 7.354815833164712190e-27 1.031928825930678916e-11 9.093092390781214780e-09 7.474231143580314755e-03 3.492627719307294143e+01 9.298396261542537500e+14 8.335839927667599582e-06
1.177617600000000052e+23 7.351286372035653144e-27 1.031433619420863396e-11 9.093092473206060361e-09 7.470644376910792750e-03 3.493745537963503978e+01 9.305130969521851250e+14 8.335839927667599582e-06
1.178358239999999963e+23 7.347758604607982448e-27 1.030938650548444087e-11 9.093092554843415109e-09 7.467059331442175638e-03 3.494863714388676357e+01 9.311865677561796250e+14 8.335839927667599582e-06
1.179098880000000042e+23 7.344232530069265906e-27 1.030443919199431299e-11 9.093092635700798097e-09 7.463476006348836525e-03 3.495982248697221451e+01 9.318600385661792500e+14 8.335839927667599582e-06
1.179839519999999953e+23 7.340708147607453884e-27 1.029949425259889142e-11 9.093092715785667184e-09 7.459894400805543169e-03 3.497101141003587088e+01 9.325335093821263750e+14 8.335839927667599582e-06
1.180580160000000031e+23 7.337185456410887046e-27 1.029455168615936818e-11 9.093092795105400822e-09 7.456314513987457974e-03 3.498220391422259468e+01 9.332069802039642500e+14 8.335839927667599582e-06
1.181320799999999942e+23 7.333664455668297795e-27 1.028961149153747490e-11 9.093092873667307979e-09 7.452736345070139733e-03 3.499340000067757472e+01 9.338804510316363750e+14 8.335839927667599582e-06
1.182061440000000021e+23 7.330145144568803093e-27 1.028467366759549248e-11 9.093092951478633102e-09 7.449159893229540148e-03 3.500459967054640487e+01 9.345539218650875000e+14 8.335839927667599582e-06
1.182802079999999932e+23 7.326627522301859981e-27 1.027973821319617846e-11 9.093093028546541230e-09 7.445585157641957004e-03 3.501580292497518343e+01 9.352273927042625000e+14 8.335839927667599582e-06
1.183542720000000010e+23 7.323111588057315802e-27 1.027480512720283320e-11 9.093093104878139499e-09 7.442012137484081864e-03 3.502700976511037823e+01 9.359008635491073750e+14 8.335839927667599582e-06
1.184283359999999921e+23 7.319597341025428287e-27 1.026987440847933703e-11 9.093093180480460599e-09 7.438440831933026964e-03 3.503822019209874128e+01 9.365743343995682500e+14 8.335839927667599582e-06
1.185024000000000000e+23 7.316084780396839729e-27 1.026494605589010347e-11 9.093093255360472698e-09 7.434871240166292250e-03 3.504943420708742252e+01 9.372478052555925000e+14 8.335839927667599582e-06
1.185764640000000079e+23 7.312573905362578416e-27 1.026002006830009854e-11 9.093093329525079447e-09 7.431303361361773184e-03 3.506065181122392005e+01 9.379212761171277500e+14 8.335839927667599582e-06
1.186505279999999990e+23 7.309064715114055765e-27 1.025509644457481657e-11 9.093093402981108394e-09 7.427737194697750338e-03 3.507187300565612986e+01 9.385947469841222500e+14 8.335839927667599582e-06
1.187245920000000068e+23 7.305557208843064881e-27 1.025017518358028986e-11 9.093093475735334147e-09 7.424172739352896330e-03 3.508309779153233166e+01 9.392682178565253750e+14 8.335839927667599582e-06
1.187986559999999979e+23 7.302051385741786303e-27 1.024525628418309358e-11 9.093093547794466798e-09 7.420609994506274093e-03 3.509432617000116750e+01 9.399416887342865000e+14 8.335839927667599582e-06
1.188727200000000058e+23 7.298547245002780823e-27 1.024033974525034248e-11 9.093093619165138679e-09 7.417048959337336871e-03 3.510555814221165605e+01 9.406151596173562500e+14 8.335839927667599582e-06
1.189467839999999969e+23 7.295044785818998102e-27 1.023542556564968607e-11 9.093093689853932493e-09 7.413489633025927353e-03 3.511679370931322097e+01 9.412886305056855000e+14 8.335839927667599582e-06
1.190208480000000047e+23 7.291544007383766621e-27 1.023051374424931834e-11 9.093093759867361462e-09 7.409932014752279410e-03 3.512803287245563411e+01 9.419621013992261250e+14 8.335839927667599582e-06
1.190949119999999958e+23 7.288044908890802292e-27 1.022560427991796317e-11 9.093093829211874285e-09 7.406376103697017224e-03 3.513927563278904387e+01 9.426355722979303750e+14 8.335839927667599582e-06
1.191689760000000037e+23 7.284547489534202718e-27 1.022069717152488888e-11 9.093093897893870031e-09 7.402821899041152690e-03 3.515052199146398948e+01 9.433090432017513750e+14 8.335839927667599582e-06
1.192430399999999948e+23 7.281051748508450065e-27 1.021579241793990505e-11 9.093093965919670014e-09 7.399269399966091482e-03 3.516177194963137964e+01 9.439825141106426250e+14 8.335839927667599582e-06
1.193171040000000026e+23 7.277557685008412492e-27 1.021089001803335113e-11 9.093094033295550882e-09 7.395718605653626120e-03 3.517302550844249964e+01 9.446559850245586250e+14 8.335839927667599582e-06
1.193911679999999937e+23 7.274065298229339853e-27 1.020598997067611913e-11 9.093094100027716488e-09 7.392169515285942905e-03 3.518428266904898294e+01 9.453294559434542500e+14 8.335839927667599582e-06
1.194652320000000016e+23 7.270574587366867994e-27 1.020109227473962613e-11 9.093094166122319402e-09 7.388622128045615849e-03 3.519554343260288931e+01 9.460029268672855000e+14 8.335839927667599582e-06
1.195392959999999927e+23 7.267085551617014455e-27 1.019619692909583524e-11 9.093094231585450982e-09 7.385076443115609277e-03 3.520680780025659828e+01 9.466763977960081250e+14 8.335839927667599582e-06
1.196133600000000005e+23 7.263598190176178466e-27 1.019130393261724115e-11 9.093094296423144684e-09 7.381532459679276958e-03 3.521807577316290860e+01 9.473498687295750000e+14 8.335839927667599582e-06
1.196874239999999916e+23 7.260112502241152430e-27 1.018641328417689104e-11 9.093094360641372750e-09 7.377990176920366447e-03 3.522934735247494586e+01 9.480233396679060000e+14 8.335839927667599582e-06
1.197614879999999995e+23 7.256628487009101829e-27 1.018152498264835717e-11 9.093094424246057796e-09 7.374449594023011270e-03 3.524062253934624067e+01 9.486968106109506250e+14 8.335839927667599582e-06
1.198355520000000073e+23 7.253146143677582447e-27 1.017663902690575788e-11 9.093094487243059568e-09 7.370910710171737872e-03 3.525190133493070022e+01 9.493702815586660000e+14 8.335839927667599582e-06
1.199096159999999984e+23 7.249665471444534628e-27 1.017175541582374948e-11 9.093094549638183219e-09 7.367373524551463007e-03 3.526318374038255854e+01 9.500437525110100000e+14 8.335839927667599582e-06
1.199836800000000063e+23 7.246186469508277540e-27 1.016687414827751820e-11 9.093094611437184272e-09 7.363838036347489409e-03 3.527446975685647601e+01 9.507172234679406250e+14 8.335839927667599582e-06
1.200577439999999974e+23 7.242709137067520649e-27 1.016199522314280442e-11 9.093094672645748768e-09 7.360304244745517060e-03 3.528575938550743274e+01 9.513906944294160000e+14 8.335839927667599582e-06
1.201318080000000052e+23 7.239233473321350810e-27 1.015711863929587521e-11 9.093094733269524694e-09 7.356772148931629320e-03 3.529705262749082806e+01 9.520641653953948750e+14 8.335839927667599582e-06
1.202058719999999963e+23 7.235759477469243742e-27 1.015224439561354369e-11 9.093094793314095521e-09 7.353241748092304193e-03 3.530834948396238815e+01 9.527376363658360000e+14 8.335839927667599582e-06
1.202799360000000042e+23 7.232287148711056856e-27 1.014737249097315290e-11 9.093094852785001703e-09 7.349713041414407400e-03 3.531964995607822999e+01 9.534111073406987500e+14 8.335839927667599582e-06
1.203539999999999953e+23 7.228816486247033559e-27 1.014250292425259518e-11 9.093094911687712560e-09 7.346186028085197571e-03 3.533095404499482584e+01 9.540845783199420000e+14 8.335839927667599582e-06
1.204280640000000031e+23 7.225347489277798950e-27 1.013763569433029441e-11 9.093094970027669285e-09 7.342660707292320184e-03 3.534226175186903873e+01 9.547580493035260000e+14 8.335839927667599582e-06
1.205021279999999942e+23 7.221880157004364122e-27 1.013277080008521405e-11 9.093095027810240280e-09 7.339137078223813629e-03 3.535357307785807279e+01 9.554315202914103750e+14 8.335839927667599582e-06
1.205761920000000021e+23 7.218414488628078814e-27 1.012790824039680226e-11 9.093095085040752589e-09 7.335615140068062374e-03 3.536488802411963661e+01 9.561049912835555000e+14 8.335839927667599582e-06
1.206502559999999932e+23 7.214950483350665846e-27 1.012304801414501771e-11 9.093095141724481970e-09 7.332094892013825589e-03 3.537620659181189353e+01 9.567784622799217500e+14 8.335839927667599582e-06
1.207243200000000010e+23 7.211488140374256991e-27 1.011819012021040231e-11 9.093095197866652894e-09 7.328576333250281377e-03 3.538752878209322716e+01 9.574519332804702500e+14 8.335839927667599582e-06
1.207983839999999921e+23 7.208027458901370020e-27 1.011333455747403272e-11 9.093095253472435242e-09 7.325059462966999890e-03 3.539885459612241903e+01 9.581254042851616250e+14 8.335839927667599582e-06
1.208724480000000000e+23 7.204568438134897220e-27 1.010848132481752036e-11 9.093095308546957533e-09 7.321544280353932052e-03 3.541018403505863432e+01 9.587988752939575000e+14 8.335839927667599582e-06
1.209465120000000079e+23 7.201111077278114005e-27 1.010363042112300334e-11 9.093095363095293692e-09 7.318030784601415629e-03 3.542151710006141485e+01 9.594723463068196250e+14 8.335839927667599582e-06
1.210205759999999990e+23 7.197655375534673175e-27 1.009878184527315613e-11 9.093095417122472978e-09 7.314518974900174365e-03 3.543285379229067900e+01 9.601458173237095000e+14 8.335839927667599582e-06
1.210946400000000068e+23 7.194201332108603481e-27 1.009393559615117989e-11 9.093095470633475018e-09 7.311008850441313642e-03 3.544419411290672883e+01 9.608192883445898750e+14 8.335839927667599582e-06
1.211687039999999979e+23 7.190748946204318235e-27 1.008909167264081217e-11 9.093095523633226501e-09 7.307500410416329154e-03 3.545553806307025724e+01 9.614927593694226250e+14 8.335839927667599582e-06
1.212427680000000058e+23 7.187298217026603832e-27 1.008425007362631878e-11 9.093095576126614408e-09 7.303993654017095633e-03 3.546688564394231236e+01 9.621662303981710000e+14 8.335839927667599582e-06
1.213168319999999969e+23 7.183849143780632662e-27 1.007941079799250033e-11 9.093095628118481055e-09 7.300488580435879858e-03 3.547823685668432603e+01 9.628397014307977500e+14 8.335839927667599582e-06
1.213908960000000047e+23 7.180401725671947327e-27 1.007457384462468569e-11 9.093095679613612510e-09 7.296985188865326780e-03 3.548959170245814221e+01 9.635131724672663750e+14 8.335839927667599582e-06
1.214649599999999958e+23 7.176955961906477861e-27 1.006973921240874337e-11 9.093095730616755134e-09 7.293483478498473394e-03 3.550095018242593881e+01 9.641866435075401250e+14 8.335839927667599582e-06
1.215390240000000037e+23 7.173511851690527378e-27 1.006490690023105885e-11 9.093095781132612277e-09 7.289983448528734866e-03 3.551231229775029163e+01 9.648601145515833750e+14 8.335839927667599582e-06
1.216130879999999948e+23 7.170069394230782119e-27 1.006007690697856691e-11 9.093095831165839311e-09 7.286485098149918412e-03 3.552367804959415309e+01 9.655335855993597500e+14 8.335839927667599582e-06
1.216871520000000026e+23 7.166628588734302843e-27 1.005524923153872092e-11 9.093095880721041978e-09 7.282988426556210280e-03 3.553504743912084507e+01 9.662070566508341250e+14 8.335839927667599582e-06
1.217612159999999937e+23 7.163189434408534868e-27 1.005042387279950905e-11 9.093095929802791277e-09 7.279493432942186169e-03 3.554642046749406603e+01 9.668805277059708750e+14 8.335839927667599582e-06
1.218352800000000016e+23 7.159751930461298029e-27 1.004560082964945580e-11 9.093095978415613542e-09 7.276000116502804281e-03 3.555779713587791235e+01 9.675539987647351250e+14 8.335839927667599582e-06
1.219093439999999927e+23 7.156316076100792418e-27 1.004078010097761562e-11 9.093096026563983818e-09 7.272508476433409662e-03 3.556917744543681437e+01 9.682274698270921250e+14 8.335839927667599582e-06
1.219834080000000005e+23 7.152881870535598384e-27 1.003596168567357122e-11 9.093096074252342413e-09 7.269018511929732466e-03 3.558056139733560741e+01 9.689009408930075000e+14 8.335839927667599582e-06
1.220574720000000084e+23 7.149449312974673661e-27 1.003114558262743848e-11 9.093096121485081654e-09 7.265530222187886224e-03 3.559194899273949630e+01 9.695744119624471250e+14 8.335839927667599582e-06
1.221315359999999995e+23 7.146018402627356241e-27 1.002633179072986804e-11 9.093096168266557476e-09 7.262043606404372173e-03 3.560334023281404825e+01 9.702478830353766250e+14 8.335839927667599582e-06
1.222056000000000073e+23 7.142589138703361500e-27 1.002152030887204043e-11 9.093096214601081142e-09 7.258558663776074060e-03 3.561473511872522124e+01 9.709213541117630000e+14 8.335839927667599582e-06
1.222796639999999984e+23 7.139161520412786508e-27 1.001671113594566612e-11 9.093096260492922560e-09 7.255075393500263342e-03 3.562613365163932144e+01 9.715948251915725000e+14 8.335839927667599582e-06
1.223537280000000063e+23 7.135735546966104284e-27 1.001190427084299194e-11 9.093096305946310277e-09 7.251593794774594849e-03 3.563753583272305292e+01 9.722682962747722500e+14 8.335839927667599582e-06
1.224277919999999974e+23 7.132311217574168107e-27 1.000709971245678817e-11 9.093096350965431481e-09 7.248113866797109388e-03 3.564894166314347501e+01 9.729417673613292500e+14 8.335839927667599582e-06
1.225018560000000052e+23 7.128888531448210073e-27 1.000229745968036631e-11 9.093096395554436965e-09 7.244635608766231138e-03 3.566035114406803075e+01 9.736152384512113750e+14 8.335839927667599582e-06
1.225759199999999963e+23 7.125467487799842538e-27 9.997497511407566172e-12 9.093096439717437816e-09 7.241159019880772860e-03 3.567176427666451133e+01 9.742887095443861250e+14 8.335839927667599582e-06
1.226499840000000042e+23 7.122048085841056677e-27 9.992699866532755845e-12 9.093096483458503762e-09 7.237684099339929816e-03 3.568318106210109164e+01 9.749621806408216250e+14 8.335839927667599582e-06
1.227240479999999953e+23 7.118630324784219617e-27 9.987904523950838189e-12 9.093096526781661519e-09 7.234210846343283249e-03 3.569460150154633737e+01 9.756356517404861250e+14 8.335839927667599582e-06
1.227981120000000031e+23 7.115214203842081613e-27 9.983111482557249205e-12 9.093096569690909678e-09 7.230739260090798641e-03 3.570602559616914817e+01 9.763091228433485000e+14 8.335839927667599582e-06
1.228721759999999942e+23 7.111799722227738736e-27 9.978320741247912803e-12 9.093096612190200509e-09 7.227269339782797959e-03 3.571745334713890685e+01 9.769825939493771250e+14 8.335839927667599582e-06
1.229462400000000021e+23 7.108386879154628572e-27 9.973532298919229488e-12 9.093096654283448229e-09 7.223801084619946647e-03 3.572888475562550070e+01 9.776560650585418750e+14 8.335839927667599582e-06
1.230203039999999932e+23 7.104975673836610574e-27 9.968746154468191074e-12 9.093096695974537278e-09 7.220334493803341226e-03 3.574031982279903730e+01 9.783295361708115000e+14 8.335839927667599582e-06
1.230943680000000010e+23 7.101566105487918713e-27 9.963962306792319283e-12 9.093096737267305776e-09 7.216869566534456389e-03 3.575175854983000789e+01 9.790030072861562500e+14 8.335839927667599582e-06
1.231684319999999921e+23 7.098158173323162912e-27 9.959180754789654443e-12 9.093096778165560406e-09 7.213406302015151067e-03 3.576320093788926613e+01 9.796764784045458750e+14 8.335839927667599582e-06
1.232424960000000000e+23 7.094751876557323305e-27 9.954401497358770027e-12 9.093096818673069805e-09 7.209944699447658895e-03 3.577464698814809196e+01 9.803499495259507500e+14 8.335839927667599582e-06
1.233165600000000079e+23 7.091347214405757414e-27 9.949624533398758109e-12 9.093096858793567864e-09 7.206484758034597746e-03 3.578609670177809932e+01 9.810234206503415000e+14 8.335839927667599582e-06
1.233906239999999990e+23 7.087944186084197274e-27 9.944849861809235829e-12 9.093096898530750428e-09 7.203026476978965399e-03 3.579755007995132843e+01 9.816968917776887500e+14 8.335839927667599582e-06
1.234646880000000068e+23 7.084542790808740832e-27 9.940077481490345395e-12 9.093096937888283560e-09 7.199569855484135202e-03 3.580900712384017481e+01 9.823703629079638750e+14 8.335839927667599582e-06
1.235387519999999979e+23 7.081143027795872027e-27 9.935307391342752462e-12 9.093096976869795275e-09 7.196114892753865608e-03 3.582046783461742478e+01 9.830438340411380000e+14 8.335839927667599582e-06
1.236128160000000058e+23 7.077744896262439273e-27 9.930539590267650986e-12 9.093097015478872228e-09 7.192661587992291508e-03 3.583193221345624835e+01 9.837173051771831250e+14 8.335839927667599582e-06
1.236868799999999969e+23 7.074348395425669803e-27 9.925774077166758369e-12 9.093097053719074605e-09 7.189209940403931166e-03 3.584340026153017789e+01 9.843907763160710000e+14 8.335839927667599582e-06
1.237609440000000047e+23 7.070953524503162499e-27 9.921010850942315467e-12 9.093097091593929502e-09 7.185759949193679282e-03 3.585487198001315789e+01 9.850642474577740000e+14 8.335839927667599582e-06
1.238350079999999958e+23 7.067560282712890757e-27 9.916249910497083352e-12 9.093097129106925969e-09 7.182311613566812192e-03 3.586634737007948104e+01 9.857377186022643750e+14 8.335839927667599582e-06
1.239090720000000037e+23 7.064168669273202492e-27 9.911491254734357858e-12 9.093097166261521620e-09 7.178864932728987007e-03 3.587782643290383788e+01 9.864111897495152500e+14 8.335839927667599582e-06
1.239831359999999948e+23 7.060778683402818700e-27 9.906734882557950188e-12 9.093097203061136020e-09 7.175419905886239874e-03 3.588930916966130269e+01 9.870846608994995000e+14 8.335839927667599582e-06
1.240572000000000026e+23 7.057390324320834894e-27 9.901980792872201462e-12 9.093097239509168882e-09 7.171976532244985110e-03 3.590079558152731209e+01 9.877581320521907500e+14 8.335839927667599582e-06
1.241312639999999937e+23 7.054003591246721102e-27 9.897228984581974630e-12 9.093097275608970285e-09 7.168534811012022140e-03 3.591228566967767932e+01 9.884316032075622500e+14 8.335839927667599582e-06
1.242053280000000016e+23 7.050618483400317566e-27 9.892479456592660942e-12 9.093097311363877078e-09 7.165094741394524222e-03 3.592377943528862261e+01 9.891050743655882500e+14 8.335839927667599582e-06
1.242793919999999927e+23 7.047235000001844783e-27 9.887732207810171866e-12 9.093097346777174822e-09 7.161656322600049723e-03 3.593527687953670124e+01 9.897785455262426250e+14 8.335839927667599582e-06
1.243534560000000005e+23 7.043853140271892026e-27 9.882987237140945552e-12 9.093097381852134188e-09 7.158219553836533446e-03 3.594677800359887954e+01 9.904520166895002500e+14 8.335839927667599582e-06
1.244275199999999916e+23 7.040472903431424523e-27 9.878244543491945216e-12 9.093097416591984491e-09 7.154784434312291830e-03 3.595828280865249127e+01 9.911254878553353750e+14 8.335839927667599582e-06
1.245015839999999995e+23 7.037094288701779145e-27 9.873504125770655907e-12 9.093097450999930227e-09 7.151350963236021221e-03 3.596979129587521840e+01 9.917989590237236250e+14 8.335839927667599582e-06
1.245756480000000073e+23 7.033717295304671587e-27 9.868765982885095819e-12 9.093097485079137843e-09 7.147919139816797870e-03 3.598130346644515498e+01 9.924724301946398750e+14 8.335839927667599582e-06
1.246497119999999984e+23 7.030341922462187754e-27 9.864030113743793672e-12 9.093097518832750628e-09 7.144488963264078799e-03 3.599281932154075037e+01 9.931459013680597500e+14 8.335839927667599582e-06
1.247237760000000063e+23 7.026968169396785199e-27 9.859296517255816176e-12 9.093097552263878778e-09 7.141060432787697462e-03 3.600433886234084468e+01 9.938193725439592500e+14 8.335839927667599582e-06
1.247978399999999974e+23 7.023596035331301731e-27 9.854565192330745412e-12 9.093097585375606024e-09 7.137633547597872427e-03 3.601586209002461914e+01 9.944928437223143750e+14 8.335839927667599582e-06
1.248719040000000052e+23 7.020225519488945370e-27 9.849836137878693376e-12 9.093097618170979700e-09 7.134208306905198693e-03 3.602738900577166703e+01 9.951663149031018750e+14 8.335839927667599582e-06
1.249459679999999963e+23 7.016856621093297220e-27 9.845109352810298744e-12 9.093097650653023976e-09 7.130784709920652900e-03 3.603891961076192274e+01 9.958397860862980000e+14 8.335839927667599582e-06
1.250200320000000042e+23 7.013489339368312900e-27 9.840384836036712333e-12 9.093097682824733248e-09 7.127362755855589857e-03 3.605045390617570433e+01 9.965132572718802500e+14 8.335839927667599582e-06
1.250940959999999953e+23 7.010123673538323979e-27 9.835662586469627797e-12 9.093097714689072131e-09 7.123942443921747747e-03 3.606199189319371357e+01 9.971867284598253750e+14 8.335839927667599582e-06
1.251681600000000031e+23 7.006759622828010718e-27 9.830942603021217005e-12 9.093097746248978769e-09 7.120523773331217769e-03 3.607353357299708563e+01 9.978601996501112500e+14 8.335839927667599582e-06
1.252422239999999942e+23 7.003397186462381973e-27 9.826224884604117115e-12 9.093097777507358222e-09 7.117106743296425057e-03 3.608507894676748862e+01 9.985336708427155000e+14 8.335839927667599582e-06
1.253162880000000021e+23 7.000036363666856991e-27 9.821509430131542049e-12 9.093097808467092387e-09 7.113691353030214548e-03 3.609662801568683932e+01 9.992071420376165000e+14 8.335839927667599582e-06
1.253903519999999932e+23 6.996677153667236712e-27 9.816796238517237256e-12 9.093097839131036691e-09 7.110277601745814552e-03 3.610818078093738848e+01 9.998806132347923750e+14 8.335839927667599582e-06
1.254644160000000010e+23 6.993319555689682241e-27 9.812085308675457097e-12 9.093097869502016783e-09 7.106865488656822875e-03 3.611973724370182026e+01 1.000554084434221875e+15 8.335839927667599582e-06
1.255384799999999921e+23 6.989963568960729201e-27 9.807376639520982614e-12 9.093097899582828533e-09 7.103455012977218964e-03 3.613129740516316701e+01 1.001227555635883875e+15 8.335839927667599582e-06
1.256125440000000000e+23 6.986609192707281991e-27 9.802670229969105374e-12 9.093097929376246306e-09 7.100046173921350894e-03 3.614286126650487319e+01 1.001901026839757750e+15 8.335839927667599582e-06
1.256866080000000079e+23 6.983256426156608049e-27 9.797966078935635547e-12 9.093097958885017995e-09 7.096638970703944040e-03 3.615442882891073850e+01 1.002574498045823000e+15 8.335839927667599582e-06
1.257606719999999990e+23 6.979905268536352197e-27 9.793264185336905138e-12 9.093097988111860061e-09 7.093233402540099347e-03 3.616600009356498191e+01 1.003247969254059000e+15 8.335839927667599582e-06
1.258347360000000068e+23 6.976555719074519426e-27 9.788564548089756679e-12 9.093098017059464151e-09 7.089829468645289859e-03 3.617757506165219183e+01 1.003921440464446375e+15 8.335839927667599582e-06
1.259087999999999979e+23 6.973207776999490678e-27 9.783867166111556150e-12 9.093098045730505366e-09 7.086427168235365920e-03 3.618915373435733329e+01 1.004594911676965000e+15 8.335839927667599582e-06
1.259828640000000058e+23 6.969861441540008498e-27 9.779172038320181674e-12 9.093098074127619103e-09 7.083026500526551708e-03 3.620073611286576210e+01 1.005268382891595875e+15 8.335839927667599582e-06
1.260569279999999969e+23 6.966516711925192816e-27 9.774479163634036438e-12 9.093098102253424218e-09 7.079627464735446969e-03 3.621232219836321775e+01 1.005941854108319500e+15 8.335839927667599582e-06
1.261309920000000047e+23 6.963173587384525165e-27 9.769788540972032540e-12 9.093098130110516401e-09 7.076230060079023547e-03 3.622391199203583056e+01 1.006615325327117375e+15 8.335839927667599582e-06
1.262050559999999958e+23 6.959832067147857291e-27 9.765100169253602298e-12 9.093098157701458259e-09 7.072834285774630587e-03 3.623550549507010032e+01 1.007288796547970625e+15 8.335839927667599582e-06
1.262791200000000037e+23 6.956492150445414021e-27 9.760414047398695015e-12 9.093098185028794200e-09 7.069440141039991937e-03 3.624710270865291051e+01 1.007962267770861375e+15 8.335839927667599582e-06
1.263531839999999948e+23 6.953153836507781782e-27 9.755730174327781833e-12 9.093098212095043815e-09 7.066047625093204408e-03 3.625870363397153540e+01 1.008635738995771375e+15 8.335839927667599582e-06
1.264272480000000026e+23 6.949817124565921521e-27 9.751048548961847646e-12 9.093098238902698573e-09 7.062656737152740380e-03 3.627030827221361164e+01 1.009309210222683000e+15 8.335839927667599582e-06
1.265013119999999937e+23 6.946482013851161526e-27 9.746369170222394339e-12 9.093098265454236707e-09 7.059267476437449534e-03 3.628191662456718092e+01 1.009982681451578625e+15 8.335839927667599582e-06
1.265753760000000016e+23 6.943148503595195991e-27 9.741692037031437553e-12 9.093098291752096744e-09 7.055879842166551050e-03 3.629352869222064015e+01 1.010656152682441500e+15 8.335839927667599582e-06
1.266494399999999927e+23 6.939816593030095062e-27 9.737017148311521225e-12 9.093098317798702325e-09 7.052493833559644008e-03 3.630514447636279129e+01 1.011329623915254375e+15 8.335839927667599582e-06
1.267235040000000005e+23 6.936486281388286183e-27 9.732344502985696588e-12 9.093098343596458890e-09 7.049109449836697856e-03 3.631676397818279156e+01 1.012003095150000875e+15 8.335839927667599582e-06
1.267975680000000084e+23 6.933157567902577053e-27 9.727674099977536708e-12 9.093098369147743757e-09 7.045726690218060209e-03 3.632838719887018897e+01 1.012676566386663625e+15 8.335839927667599582e-06
1.268716319999999995e+23 6.929830451806138411e-27 9.723005938211133255e-12 9.093098394454909428e-09 7.042345553924453383e-03 3.634001413961489391e+01 1.013350037625203625e+15 8.335839927667599582e-06
1.269456960000000073e+23 6.926504932332509770e-27 9.718340016611086811e-12 9.093098419520290205e-09 7.038966040176970924e-03 3.635164480160722889e+01 1.014023508865595500e+15 8.335839927667599582e-06
1.270197599999999984e+23 6.923181008715600856e-27 9.713676334102527867e-12 9.093098444346190614e-09 7.035588148197085417e-03 3.636327918603785037e+01 1.014696980107822750e+15 8.335839927667599582e-06
1.270938240000000063e+23 6.919858680189688738e-27 9.709014889611095826e-12 9.093098468934905255e-09 7.032211877206640677e-03 3.637491729409782693e+01 1.015370451351869250e+15 8.335839927667599582e-06
1.271678879999999974e+23 6.916537945989420694e-27 9.704355682062950310e-12 9.093098493288697292e-09 7.028837226427857819e-03 3.638655912697858241e+01 1.016043922597718625e+15 8.335839927667599582e-06
1.272419520000000052e+23 6.913218805349811348e-27 9.699698710384766314e-12 9.093098517409811696e-09 7.025464195083330927e-03 3.639820468587193147e+01 1.016717393845355000e+15 8.335839927667599582e-06
1.273160159999999963e+23 6.909901257506246966e-27 9.695043973503742281e-12 9.093098541300470271e-09 7.022092782396030519e-03 3.640985397197002271e+01 1.017390865094762375e+15 8.335839927667599582e-06
1.273900800000000042e+23 6.906585301694476856e-27 9.690391470347580719e-12 9.093098564962878284e-09 7.018722987589299210e-03 3.642150698646545237e+01 1.018064336345925000e+15 8.335839927667599582e-06
1.274641439999999953e+23 6.903270937150613360e-27 9.685741199844499507e-12 9.093098588399211217e-09 7.015354809886844775e-03 3.643316373055115776e+01 1.018737807598827000e+15 8.335839927667599582e-06
1.275382080000000031e+23 6.899958163111070156e-27 9.681093160923136579e-12 9.093098611611636284e-09 7.011988248512682903e-03 3.644482420542072987e+01 1.019411278853452750e+15 8.335839927667599582e-06
1.276122719999999942e+23 6.896646978812674182e-27 9.676447352512714709e-12 9.093098634602285958e-09 7.008623302691252555e-03 3.645648841226793024e+01 1.020084750109786750e+15 8.335839927667599582e-06
1.276863360000000021e+23 6.893337383492625458e-27 9.671803773542968813e-12 9.093098657373281128e-09 7.005259971647365656e-03 3.646815635228692543e+01 1.020758221367813500e+15 8.335839927667599582e-06
1.277603999999999932e+23 6.890029376388489911e-27 9.667162422944157258e-12 9.093098679926719526e-09 7.001898254606208835e-03 3.647982802667223723e+01 1.021431692627517625e+15 8.335839927667599582e-06
1.278344640000000010e+23 6.886722956738190764e-27 9.662523299647034394e-12 9.093098702264683991e-09 6.998538150793333010e-03 3.649150343661880669e+01 1.022105163888884125e+15 8.335839927667599582e-06
1.279085279999999921e+23 6.883418123780020019e-27 9.657886402582876410e-12 9.093098724389225933e-09 6.995179659434663799e-03 3.650318258332193011e+01 1.022778635151897500e+15 8.335839927667599582e-06
1.279825920000000000e+23 6.880114876752629844e-27 9.653251730683461937e-12 9.093098746302391795e-09 6.991822779756490247e-03 3.651486546797733013e+01 1.023452106416543000e+15 8.335839927667599582e-06
1.280566560000000079e+23 6.876813214895038315e-27 9.648619282881083368e-12 9.093098768006198244e-09 6.988467510985475230e-03 3.652655209178109885e+01 1.024125577682805500e+15 8.335839927667599582e-06
1.281307199999999990e+23 6.873513137446626543e-27 9.643989058108543617e-12 9.093098789502643748e-09 6.985113852348651987e-03 3.653824245592970499e+01 1.024799048950670000e+15 8.335839927667599582e-06
1.282047840000000068e+23 6.870214643647138680e-27 9.639361055299151280e-12 9.093098810793711886e-09 6.981761803073418052e-03 3.654993656162002935e+01 1.025472520220122250e+15 8.335839927667599582e-06
1.282788479999999979e+23 6.866917732736684782e-27 9.634735273386730324e-12 9.093098831881359769e-09 6.978411362387545655e-03 3.656163441004932224e+01 1.026145991491147000e+15 8.335839927667599582e-06
1.283529120000000058e+23 6.863622403955732202e-27 9.630111711305612010e-12 9.093098852767541196e-09 6.975062529519173923e-03 3.657333600241523186e+01 1.026819462763730250e+15 8.335839927667599582e-06
1.284269759999999969e+23 6.860328656545121379e-27 9.625490367990639741e-12 9.093098873454171917e-09 6.971715303696812346e-03 3.658504133991577589e+01 1.027492934037857125e+15 8.335839927667599582e-06
1.285010400000000047e+23 6.857036489746045739e-27 9.620871242377164214e-12 9.093098893943159412e-09 6.968369684149338175e-03 3.659675042374937703e+01 1.028166405313513625e+15 8.335839927667599582e-06
1.285751039999999958e+23 6.853745902800070359e-27 9.616254333401045036e-12 9.093098914236396269e-09 6.965025670106000759e-03 3.660846325511482746e+01 1.028839876590685250e+15 8.335839927667599582e-06
1.286491680000000037e+23 6.850456894949121917e-27 9.611639639998660418e-12 9.093098934335750262e-09 6.961683260796417208e-03 3.662017983521131725e+01 1.029513347869358000e+15 8.335839927667599582e-06
1.287232319999999948e+23 6.847169465435488692e-27 9.607027161106891016e-12 9.093098954243069313e-09 6.958342455450574997e-03 3.663190016523839887e+01 1.030186819149517750e+15 8.335839927667599582e-06
1.287972960000000026e+23 6.843883613501824872e-27 9.602416895663126400e-12 9.093098973960198034e-09 6.955003253298830228e-03 3.664362424639603688e+01 1.030860290431150625e+15 8.335839927667599582e-06
1.288713599999999937e+23 6.840599338391144811e-27 9.597808842605271509e-12 9.093098993488946297e-09 6.951665653571908500e-03 3.665535207988455824e+01 1.031533761714242625e+15 8.335839927667599582e-06
1.289454240000000016e+23 6.837316639346830206e-27 9.593203000871738579e-12 9.093099012831112393e-09 6.948329655500905776e-03 3.666708366690468779e+01 1.032207232998780250e+15 8.335839927667599582e-06
1.290194879999999927e+23 6.834035515612624355e-27 9.588599369401451984e-12 9.093099031988487994e-09 6.944995258317287513e-03 3.667881900865751277e+01 1.032880704284749625e+15 8.335839927667599582e-06
1.290935520000000005e+23 6.830755966432635029e-27 9.583997947133845011e-12 9.093099050962828377e-09 6.941662461252886933e-03 3.669055810634451831e+01 1.033554175572137375e+15 8.335839927667599582e-06
1.291676159999999916e+23 6.827477991051334471e-27 9.579398733008859855e-12 9.093099069755888821e-09 6.938331263539909352e-03 3.670230096116755902e+01 1.034227646860929875e+15 8.335839927667599582e-06
1.292416799999999995e+23 6.824201588713555092e-27 9.574801725966949237e-12 9.093099088369396478e-09 6.935001664410926983e-03 3.671404757432888744e+01 1.034901118151114000e+15 8.335839927667599582e-06
1.293157440000000073e+23 6.820926758664495209e-27 9.570206924949076404e-12 9.093099106805073538e-09 6.931673663098882401e-03 3.672579794703111133e+01 1.035574589442676500e+15 8.335839927667599582e-06
1.293898079999999984e+23 6.817653500149717610e-27 9.565614328896718360e-12 9.093099125064612413e-09 6.928347258837090281e-03 3.673755208047722220e+01 1.036248060735603875e+15 8.335839927667599582e-06
1.294638720000000063e+23 6.814381812415146689e-27 9.561023936751852939e-12 9.093099143149698897e-09 6.925022450859229586e-03 3.674930997587062365e+01 1.036921532029883500e+15 8.335839927667599582e-06
1.295379359999999974e+23 6.811111694707071309e-27 9.556435747456981428e-12 9.093099161061998931e-09 6.921699238399353117e-03 3.676107163441506032e+01 1.037595003325502125e+15 8.335839927667599582e-06
1.296120000000000052e+23 6.807843146272144806e-27 9.551849759955101097e-12 9.093099178803163568e-09 6.918377620691881433e-03 3.677283705731466767e+01 1.038268474622447250e+15 8.335839927667599582e-06
1.296860639999999963e+23 6.804576166357380683e-27 9.547265973189729436e-12 9.093099196374827317e-09 6.915057596971604589e-03 3.678460624577396487e+01 1.038941945920705625e+15 8.335839927667599582e-06
1.297601280000000042e+23 6.801310754210154046e-27 9.542684386104878305e-12 9.093099213778614761e-09 6.911739166473674333e-03 3.679637920099784765e+01 1.039615417220265250e+15 8.335839927667599582e-06
1.298341919999999953e+23 6.798046909078134161e-27 9.538104997644984463e-12 9.093099231016120704e-09 6.908422328433547720e-03 3.680815592419186544e+01 1.040288888521112875e+15 8.335839927667599582e-06
1.299082560000000031e+23 6.794784630209390639e-27 9.533527806755035584e-12 9.093099248088938295e-09 6.905107082087085998e-03 3.681993641656177374e+01 1.040962359823236750e+15 8.335839927667599582e-06
1.299823199999999942e+23 6.791523916852370479e-27 9.528952812380555717e-12 9.093099264998644142e-09 6.901793426670530321e-03 3.683172067931369753e+01 1.041635831126623875e+15 8.335839927667599582e-06
1.300563840000000021e+23 6.788264768255870802e-27 9.524380013467558434e-12 9.093099281746790034e-09 6.898481361420484397e-03 3.684350871365415259e+01 1.042309302431262625e+15 8.335839927667599582e-06
1.301304479999999932e+23 6.785007183669053200e-27 9.519809408962566218e-12 9.093099298334926109e-09 6.895170885573917094e-03 3.685530052079002417e+01 1.042982773737140375e+15 8.335839927667599582e-06
1.302045120000000010e+23 6.781751162341432259e-27 9.515240997812602383e-12 9.093099314764574378e-09 6.891861998368159839e-03 3.686709610192863096e+01 1.043656245044245375e+15 8.335839927667599582e-06
1.302785759999999921e+23 6.778496703522888472e-27 9.510674778965195920e-12 9.093099331037256855e-09 6.888554699040911819e-03 3.687889545827763982e+01 1.044329716352565375e+15 8.335839927667599582e-06
1.303526400000000000e+23 6.775243806463653890e-27 9.506110751368376656e-12 9.093099347154465772e-09 6.885248986830232176e-03 3.689069859104515103e+01 1.045003187662089000e+15 8.335839927667599582e-06
1.304267040000000079e+23 6.771992470414322165e-27 9.501548913970675246e-12 9.093099363117693364e-09 6.881944860974546947e-03 3.690250550143962727e+01 1.045676658972804125e+15 8.335839927667599582e-06
1.305007679999999990e+23 6.768742694625844247e-27 9.496989265721131258e-12 9.093099378928403740e-09 6.878642320712646460e-03 3.691431619066992909e+01 1.046350130284699250e+15 8.335839927667599582e-06
1.305748320000000068e+23 6.765494478349531253e-27 9.492431805569278628e-12 9.093099394588059355e-09 6.875341365283683601e-03 3.692613065994530785e+01 1.047023601597762750e+15 8.335839927667599582e-06
1.306488959999999979e+23 6.762247820837050165e-27 9.487876532465165049e-12 9.093099410098101159e-09 6.872041993927177281e-03 3.693794891047541284e+01 1.047697072911983250e+15 8.335839927667599582e-06
1.307229600000000058e+23 6.759002721340428130e-27 9.483323445359329353e-12 9.093099425459958519e-09 6.868744205883008103e-03 3.694977094347029123e+01 1.048370544227349375e+15 8.335839927667599582e-06
1.307970239999999969e+23 6.755759179112049592e-27 9.478772543202819281e-12 9.093099440675049223e-09 6.865448000391424430e-03 3.696159676014033124e+01 1.049044015543849875e+15 8.335839927667599582e-06
1.308710880000000047e+23 6.752517193404657729e-27 9.474223824947186639e-12 9.093099455744772861e-09 6.862153376693035448e-03 3.697342636169636165e+01 1.049717486861473750e+15 8.335839927667599582e-06
1.309451519999999958e+23 6.749276763471354450e-27 9.469677289544487293e-12 9.093099470670519096e-09 6.858860334028817236e-03 3.698525974934957361e+01 1.050390958180209750e+15 8.335839927667599582e-06
1.310192160000000037e+23 6.746037888565600398e-27 9.465132935947268251e-12 9.093099485453664356e-09 6.855568871640106698e-03 3.699709692431156327e+01 1.051064429500047125e+15 8.335839927667599582e-06
1.310932799999999948e+23 6.742800567941213512e-27 9.460590763108595123e-12 9.093099500095570181e-09 6.852278988768610232e-03 3.700893788779428206e+01 1.051737900820974750e+15 8.335839927667599582e-06
1.311673440000000026e+23 6.739564800852370465e-27 9.456050769982026271e-12 9.093099514597586529e-09 6.848990684656391589e-03 3.702078264101011484e+01 1.052411372142982250e+15 8.335839927667599582e-06
1.312414079999999937e+23 6.736330586553608095e-27 9.451512955521627356e-12 9.093099528961050125e-09 6.845703958545885752e-03 3.703263118517178754e+01 1.053084843466058625e+15 8.335839927667599582e-06
1.313154720000000016e+23 6.733097924299817670e-27 9.446977318681963251e-12 9.093099543187284457e-09 6.842418809679886790e-03 3.704448352149242396e+01 1.053758314790193750e+15 8.335839927667599582e-06
1.313895359999999927e+23 6.729866813346253495e-27 9.442443858418107742e-12 9.093099557277598125e-09 6.839135237301555668e-03 3.705633965118555295e+01 1.054431786115376750e+15 8.335839927667599582e-06
1.314636000000000005e+23 6.726637252948525734e-27 9.437912573685630597e-12 9.093099571233293112e-09 6.835853240654415908e-03 3.706819957546505862e+01 1.055105257441597625e+15 8.335839927667599582e-06
1.315376640000000084e+23 6.723409242362600419e-27 9.433383463440605651e-12 9.093099585055654855e-09 6.832572818982355321e-03 3.708006329554523717e+01 1.055778728768846000e+15 8.335839927667599582e-06
1.316117279999999995e+23 6.720182780844809485e-27 9.428856526639617262e-12 9.093099598745957214e-09 6.829293971529629484e-03 3.709193081264074010e+01 1.056452200097111500e+15 8.335839927667599582e-06
1.316857920000000073e+23 6.716957867651833556e-27 9.424331762239740927e-12 9.093099612305462466e-09 6.826016697540852191e-03 3.710380212796663102e+01 1.057125671426384500e+15 8.335839927667599582e-06
1.317598559999999984e+23 6.713734502040722034e-27 9.419809169198564285e-12 9.093099625735417999e-09 6.822740996261007600e-03 3.711567724273832170e+01 1.057799142756654625e+15 8.335839927667599582e-06
1.318339200000000063e+23 6.710512683268871573e-27 9.415288746474170959e-12 9.093099639037061275e-09 6.819466866935437223e-03 3.712755615817162891e+01 1.058472614087912625e+15 8.335839927667599582e-06
1.319079839999999974e+23 6.707292410594047604e-27 9.410770493025156713e-12 9.093099652211621485e-09 6.816194308809854670e-03 3.713943887548276024e+01 1.059146085420148125e+15 8.335839927667599582e-06
1.319820480000000052e+23 6.704073683274367115e-27 9.406254407810605221e-12 9.093099665260312930e-09 6.812923321130330036e-03 3.715132539588827143e+01 1.059819556753351875e+15 8.335839927667599582e-06
1.320561119999999963e+23 6.700856500568305828e-27 9.401740489790115525e-12 9.093099678184333368e-09 6.809653903143301178e-03 3.716321572060513034e+01 1.060493028087514125e+15 8.335839927667599582e-06
1.321301760000000042e+23 6.697640861734630755e-27 9.397228737923685720e-12 9.093099690984877246e-09 6.806386054095499988e-03 3.717510985085092301e+01 1.061166499422625750e+15 8.335839927667599582e-06
1.322042399999999953e+23 6.694426766032497774e-27 9.392719151171869663e-12 9.093099703663122471e-09 6.803119773234053876e-03 3.718700778784351257e+01 1.061839970758677000e+15 8.335839927667599582e-06
1.322783040000000031e+23 6.691214212721430104e-27 9.388211728495720426e-12 9.093099716220241985e-09 6.799855059806462348e-03 3.719890953280109613e+01 1.062513442095659000e+15 8.335839927667599582e-06
1.323523679999999942e+23 6.688003201061309697e-27 9.383706468856811302e-12 9.093099728657390531e-09 6.796591913060591808e-03 3.721081508694224027e+01 1.063186913433562250e+15 8.335839927667599582e-06
1.324264320000000021e+23 6.684793730312367194e-27 9.379203371217192179e-12 9.093099740975711274e-09 6.793330332244660805e-03 3.722272445148593789e+01 1.063860384772378125e+15 8.335839927667599582e-06
1.325004959999999932e+23 6.681585799735190533e-27 9.374702434539421858e-12 9.093099753176344067e-09 6.790070316607251313e-03 3.723463762765158691e+01 1.064533856112097250e+15 8.335839927667599582e-06
1.325745600000000010e+23 6.678379408590714904e-27 9.370203657786545431e-12 9.093099765260408915e-09 6.786811865397300927e-03 3.724655461665894762e+01 1.065207327452711250e+15 8.335839927667599582e-06
1.326486239999999921e+23 6.675174556140235664e-27 9.365707039922112052e-12 9.093099777229024164e-09 6.783554977864110665e-03 3.725847541972818533e+01 1.065880798794210875e+15 8.335839927667599582e-06
1.327226880000000000e+23 6.671971241645398296e-27 9.361212579910155552e-12 9.093099789083286657e-09 6.780299653257335427e-03 3.727040003807987745e+01 1.066554270136588000e+15 8.335839927667599582e-06
1.327967520000000079e+23 6.668769464368199836e-27 9.356720276715218672e-12 9.093099800824296543e-09 6.777045890826992672e-03 3.728232847293498509e+01 1.067227741479833750e+15 8.335839927667599582e-06
1.328708159999999990e+23 6.665569223570994622e-27 9.352230129302328830e-12 9.093099812453129158e-09 6.773793689823458079e-03 3.729426072551486016e+01 1.067901212823939625e+15 8.335839927667599582e-06
1.329448800000000068e+23 6.662370518516485676e-27 9.347742136637014274e-12 9.093099823970863145e-09 6.770543049497464681e-03 3.730619679704124536e+01 1.068574684168897625e+15 8.335839927667599582e-06
1.330189439999999979e+23 6.659173348467731886e-27 9.343256297685299239e-12 9.093099835378552332e-09 6.767293969100106332e-03 3.731813668873628842e+01 1.069248155514699125e+15 8.335839927667599582e-06
1.330930080000000058e+23 6.655977712688145131e-27 9.338772611413697481e-12 9.093099846677252201e-09 6.764046447882834240e-03 3.733008040182252785e+01 1.069921626861336375e+15 8.335839927667599582e-06
1.331670719999999969e+23 6.652783610441490282e-27 9.334291076789226822e-12 9.093099857868006655e-09 6.760800485097461301e-03 3.734202793752287164e+01 1.070595098208800875e+15 8.335839927667599582e-06
1.332411360000000047e+23 6.649591040991883769e-27 9.329811692779396219e-12 9.093099868951838088e-09 6.757556079996155166e-03 3.735397929706065412e+01 1.071268569557085250e+15 8.335839927667599582e-06
1.333151999999999958e+23 6.646400003603800754e-27 9.325334458352209003e-12 9.093099879929777168e-09 6.754313231831446905e-03 3.736593448165957199e+01 1.071942040906181125e+15 8.335839927667599582e-06
1.333892640000000037e+23 6.643210497542060781e-27 9.320859372476166101e-12 9.093099890802834709e-09 6.751071939856222344e-03 3.737789349254374116e+01 1.072615512256081250e+15 8.335839927667599582e-06
1.334633279999999948e+23 6.640022522071846435e-27 9.316386434120266045e-12 9.093099901572006638e-09 6.747832203323730731e-03 3.738985633093762573e+01 1.073288983606777500e+15 8.335839927667599582e-06
1.335373920000000026e+23 6.636836076458684679e-27 9.311915642253996887e-12 9.093099912238292187e-09 6.744594021487576932e-03 3.740182299806610899e+01 1.073962454958262750e+15 8.335839927667599582e-06
1.336114559999999937e+23 6.633651159968462646e-27 9.307446995847350744e-12 9.093099922802667431e-09 6.741357393601725770e-03 3.741379349515445796e+01 1.074635926310529250e+15 8.335839927667599582e-06
1.336855200000000016e+23 6.630467771867414722e-27 9.302980493870804408e-12 9.093099933266111750e-09 6.738122318920499419e-03 3.742576782342835173e+01 1.075309397663569875e+15 8.335839927667599582e-06
1.337595839999999927e+23 6.627285911422136896e-27 9.298516135295343581e-12 9.093099943629587984e-09 6.734888796698584347e-03 3.743774598411378918e+01 1.075982869017377250e+15 8.335839927667599582e-06
1.338336480000000005e+23 6.624105577899565233e-27 9.294053919092438642e-12 9.093099953894052353e-09 6.731656826191018302e-03 3.744972797843723811e+01 1.076656340371944375e+15 8.335839927667599582e-06
1.339077119999999916e+23 6.620926770567004576e-27 9.289593844234059187e-12 9.093099964060447843e-09 6.728426406653205058e-03 3.746171380762548608e+01 1.077329811727264125e+15 8.335839927667599582e-06
1.339817759999999995e+23 6.617749488692099848e-27 9.285135909692672410e-12 9.093099974129714130e-09 6.725197537340902275e-03 3.747370347290574699e+01 1.078003283083329625e+15 8.335839927667599582e-06
1.340558400000000073e+23 6.614573731542856136e-27 9.280680114441236647e-12 9.093099984102777659e-09 6.721970217510229301e-03 3.748569697550561131e+01 1.078676754440134000e+15 8.335839927667599582e-06
1.341299039999999984e+23 6.611399498387631523e-27 9.276226457453212678e-12 9.093099993980554944e-09 6.718744446417663704e-03 3.749769431665305319e+01 1.079350225797670375e+15 8.335839927667599582e-06
1.342039680000000063e+23 6.608226788495134213e-27 9.271774937702545963e-12 9.093100003763962501e-09 6.715520223320041275e-03 3.750969549757643051e+01 1.080023697155932375e+15 8.335839927667599582e-06
1.342780319999999974e+23 6.605055601134429707e-27 9.267325554163694099e-12 9.093100013453896995e-09 6.712297547474559492e-03 3.752170051950447061e+01 1.080697168514913125e+15 8.335839927667599582e-06
1.343520960000000052e+23 6.601885935574932196e-27 9.262878305811591286e-12 9.093100023051255089e-09 6.709076418138769718e-03 3.753370938366632714e+01 1.081370639874606625e+15 8.335839927667599582e-06
1.344261599999999963e+23 6.598717791086354335e-27 9.258433191621599849e-12 9.093100032556916903e-09 6.705856834570529494e-03 3.754572209129169380e+01 1.082044111235006125e+15 8.335839927667599582e-06
1.345002240000000042e+23 6.595551166938767510e-27 9.253990210569584566e-12 9.093100041971764213e-09 6.702638796028058052e-03 3.755773864361067638e+01 1.082717582596105750e+15 8.335839927667599582e-06
1.345742879999999953e+23 6.592386062402626237e-27 9.249549361631940124e-12 9.093100051296658939e-09 6.699422301769964068e-03 3.756975904185362225e+01 1.083391053957899000e+15 8.335839927667599582e-06
1.346483520000000031e+23 6.589222476748726541e-27 9.245110643785545887e-12 9.093100060532463005e-09 6.696207351055204031e-03 3.758178328725132644e+01 1.084064525320380250e+15 8.335839927667599582e-06
1.347224159999999942e+23 6.586060409248217443e-27 9.240674056007780436e-12 9.093100069680026752e-09 6.692993943143092650e-03 3.759381138103493925e+01 1.084737996683543125e+15 8.335839927667599582e-06
1.347964800000000021e+23 6.582899859172589475e-27 9.236239597276494104e-12 9.093100078740198867e-09 6.689782077293294181e-03 3.760584332443605859e+01 1.085411468047382125e+15 8.335839927667599582e-06
1.348705439999999932e+23 6.579740825793690468e-27 9.231807266570042900e-12 9.093100087713804876e-09 6.686571752765831968e-03 3.761787911868662349e+01 1.086084939411891250e+15 8.335839927667599582e-06
1.349446080000000010e+23 6.576583308383706896e-27 9.227377062867256204e-12 9.093100096601676924e-09 6.683362968821076298e-03 3.762991876501903477e+01 1.086758410777065250e+15 8.335839927667599582e-06
1.350186719999999921e+23 6.573427306215182530e-27 9.222948985147465840e-12 9.093100105404637228e-09 6.680155724719758284e-03 3.764196226466604145e+01 1.087431882142898125e+15 8.335839927667599582e-06
1.350927360000000000e+23 6.570272818560999784e-27 9.218523032390477002e-12 9.093100114123489806e-09 6.676950019722957715e-03 3.765400961886082598e+01 1.088105353509384750e+15 8.335839927667599582e-06
1.351668000000000079e+23 6.567119844694396936e-27 9.214099203576597329e-12 9.093100122759041989e-09 6.673745853092109132e-03 3.766606082883694029e+01 1.088778824876519750e+15 8.335839927667599582e-06
1.352408639999999990e+23 6.563968383888958080e-27 9.209677497686614290e-12 9.093100131312089523e-09 6.670543224089004429e-03 3.767811589582835552e+01 1.089452296244297750e+15 8.335839927667599582e-06
1.353149280000000068e+23 6.560818435418611697e-27 9.205257913701806494e-12 9.093100139783421538e-09 6.667342131975783313e-03 3.769017482106943362e+01 1.090125767612713875e+15 8.335839927667599582e-06
1.353889919999999979e+23 6.557669998557639255e-27 9.200840450603942073e-12 9.093100148173818894e-09 6.664142576014944579e-03 3.770223760579492023e+01 1.090799238981762750e+15 8.335839927667599582e-06
1.354630560000000058e+23 6.554523072580668045e-27 9.196425107375273832e-12 9.093100156484050867e-09 6.660944555469336566e-03 3.771430425123997310e+01 1.091472710351439625e+15 8.335839927667599582e-06
1.355371199999999969e+23 6.551377656762674044e-27 9.192011882998544101e-12 9.093100164714890046e-09 6.657748069602164968e-03 3.772637475864014078e+01 1.092146181721730750e+15 8.335839927667599582e-06
1.356111840000000047e+23 6.548233750378979046e-27 9.187600776456989582e-12 9.093100172867087509e-09 6.654553117676985895e-03 3.773844912923134842e+01 1.092819653092620500e+15 8.335839927667599582e-06
1.356852479999999958e+23 6.545091352705257839e-27 9.183191786734325186e-12 9.093100180941400955e-09 6.651359698957711938e-03 3.775052736424995459e+01 1.093493124464103500e+15 8.335839927667599582e-06
1.357593120000000037e+23 6.541950463017531029e-27 9.178784912814765044e-12 9.093100188938571536e-09 6.648167812708608709e-03 3.776260946493267312e+01 1.094166595836175000e+15 8.335839927667599582e-06
1.358333759999999948e+23 6.538811080592163606e-27 9.174380153683001499e-12 9.093100196859338754e-09 6.644977458194293966e-03 3.777469543251661577e+01 1.094840067208829625e+15 8.335839927667599582e-06
1.359074400000000026e+23 6.535673204705872114e-27 9.169977508324222881e-12 9.093100204704425562e-09 6.641788634679741087e-03 3.778678526823931350e+01 1.095513538582062625e+15 8.335839927667599582e-06
1.359815039999999937e+23 6.532536834635724660e-27 9.165576975724103809e-12 9.093100212474563190e-09 6.638601341430277331e-03 3.779887897333867386e+01 1.096187009955868875e+15 8.335839927667599582e-06
1.360555680000000016e+23 6.529401969659129425e-27 9.161178554868803582e-12 9.093100220170463012e-09 6.635415577711582108e-03 3.781097654905296679e+01 1.096860481330243500e+15 8.335839927667599582e-06
1.361296319999999927e+23 6.526268609053850455e-27 9.156782244744972633e-12 9.093100227792836404e-09 6.632231342789689579e-03 3.782307799662090986e+01 1.097533952705181250e+15 8.335839927667599582e-06
1.362036960000000005e+23 6.523136752097993308e-27 9.152388044339755767e-12 9.093100235342384814e-09 6.629048635930987789e-03 3.783518331728156880e+01 1.098207424080677875e+15 8.335839927667599582e-06
1.362777600000000084e+23 6.520006398070015101e-27 9.147995952640774389e-12 9.093100242819804730e-09 6.625867456402216929e-03 3.784729251227440727e+01 1.098880895456728000e+15 8.335839927667599582e-06
1.363518239999999995e+23 6.516877546248723072e-27 9.143605968636145886e-12 9.093100250225784364e-09 6.622687803470474546e-03 3.785940558283929391e+01 1.099554366833326750e+15 8.335839927667599582e-06
1.364258880000000073e+23 6.513750195913268844e-27 9.139218091314477170e-12 9.093100257561006970e-09 6.619509676403207733e-03 3.787152253021645976e+01 1.100227838210469625e+15 8.335839927667599582e-06
1.364999519999999984e+23 6.510624346343152728e-27 9.134832319664859827e-12 9.093100264826149179e-09 6.616333074468220068e-03 3.788364335564655505e+01 1.100901309588151625e+15 8.335839927667599582e-06
1.365740160000000063e+23 6.507499996818225155e-27 9.130448652676873353e-12 9.093100272021879354e-09 6.613157996933668147e-03 3.789576806037058532e+01 1.101574780966368125e+15 8.335839927667599582e-06
1.366480799999999974e+23 6.504377146618680942e-27 9.126067089340586766e-12 9.093100279148860895e-09 6.609984443068061578e-03 3.790789664562998240e+01 1.102248252345114125e+15 8.335839927667599582e-06
1.367221440000000052e+23 6.501255795025021981e-27 9.121687628646498829e-12 9.093100286207748927e-09 6.606812412140218756e-03 3.792002911266669685e+01 1.102921723724385375e+15 8.335839927667599582e-06
1.367962079999999963e+23 6.498135941318084499e-27 9.117310269585570363e-12 9.093100293199198578e-09 6.603641903419298943e-03 3.793216546272313394e+01 1.103595195104176875e+15 8.335839927667599582e-06
1.368702720000000042e+23 6.495017584779084985e-27 9.112935011149305028e-12 9.093100300123850086e-09 6.600472916174848249e-03 3.794430569704197609e+01 1.104268666484484125e+15 8.335839927667599582e-06
1.369443359999999953e+23 6.491900724689582871e-27 9.108561852329683081e-12 9.093100306982343689e-09 6.597305449676762329e-03 3.795644981686626807e+01 1.104942137865302250e+15 8.335839927667599582e-06
1.370184000000000031e+23 6.488785360331479104e-27 9.104190792119164609e-12 9.093100313775311352e-09 6.594139503195283782e-03 3.796859782343950229e+01 1.105615609246627125e+15 8.335839927667599582e-06
1.370924639999999942e+23 6.485671490987024756e-27 9.099821829510699221e-12 9.093100320503376770e-09 6.590975076001006489e-03 3.798074971800554778e+01 1.106289080628453750e+15 8.335839927667599582e-06
1.371665280000000021e+23 6.482559115938803801e-27 9.095454963497706662e-12 9.093100327167161983e-09 6.587812167364869541e-03 3.799290550180868564e+01 1.106962552010778000e+15 8.335839927667599582e-06
1.372405919999999932e+23 6.479448234469750333e-27 9.091090193074096201e-12 9.093100333767282413e-09 6.584650776558163311e-03 3.800506517609358781e+01 1.107636023393594875e+15 8.335839927667599582e-06
1.373146560000000010e+23 6.476338845863138530e-27 9.086727517234255320e-12 9.093100340304343556e-09 6.581490902852525117e-03 3.801722874210535963e+01 1.108309494776900375e+15 8.335839927667599582e-06
1.373887199999999921e+23 6.473230949402588383e-27 9.082366934973054561e-12 9.093100346778949254e-09 6.578332545519941822e-03 3.802939620108947594e+01 1.108982966160689750e+15 8.335839927667599582e-06
1.374627840000000000e+23 6.470124544372057095e-27 9.078008445285839450e-12 9.093100353191695077e-09 6.575175703832748103e-03 3.804156755429184500e+01 1.109656437544958875e+15 8.335839927667599582e-06
1.375368480000000079e+23 6.467019630055851990e-27 9.073652047168448265e-12 9.093100359543176595e-09 6.572020377063629050e-03 3.805374280295872325e+01 1.110329908929703125e+15 8.335839927667599582e-06
1.376109119999999990e+23 6.463916205738620469e-27 9.069297739617187806e-12 9.093100365833976143e-09 6.568866564485615830e-03 3.806592194833682896e+01 1.111003380314918125e+15 8.335839927667599582e-06
1.376849760000000068e+23 6.460814270705348581e-27 9.064945521628857628e-12 9.093100372064669439e-09 6.565714265372089159e-03 3.807810499167323570e+01 1.111676851700599750e+15 8.335839927667599582e-06
1.377590399999999979e+23 6.457713824241373927e-27 9.060595392200729034e-12 9.093100378235833856e-09 6.562563478996780164e-03 3.809029193421544335e+01 1.112350323086743500e+15 8.335839927667599582e-06
1.378331040000000058e+23 6.454614865632369887e-27 9.056247350330561238e-12 9.093100384348040147e-09 6.559414204633764317e-03 3.810248277721134258e+01 1.113023794473345250e+15 8.335839927667599582e-06
1.379071679999999969e+23 6.451517394164356371e-27 9.051901395016593281e-12 9.093100390401850795e-09 6.556266441557470973e-03 3.811467752190921487e+01 1.113697265860400500e+15 8.335839927667599582e-06
1.379812320000000047e+23 6.448421409123695525e-27 9.047557525257539187e-12 9.093100396397821666e-09 6.553120189042672961e-03 3.812687616955773962e+01 1.114370737247905500e+15 8.335839927667599582e-06
1.380552959999999958e+23 6.445326909797091723e-27 9.043215740052605735e-12 9.093100402336508626e-09 6.549975446364495260e-03 3.813907872140600830e+01 1.115044208635855500e+15 8.335839927667599582e-06
1.381293600000000037e+23 6.442233895471593721e-27 9.038876038401469840e-12 9.093100408218454304e-09 6.546832212798410662e-03 3.815128517870349611e+01 1.115717680024246875e+15 8.335839927667599582e-06
1.382034239999999948e+23 6.439142365434593225e-27 9.034538419304299554e-12 9.093100414044202986e-09 6.543690487620239769e-03 3.816349554270008326e+01 1.116391151413075000e+15 8.335839927667599582e-06
1.382774880000000026e+23 6.436052318973822737e-27 9.030202881761734681e-12 9.093100419814293993e-09 6.540550270106150997e-03 3.817570981464603364e+01 1.117064622802336250e+15 8.335839927667599582e-06
1.383515519999999937e+23 6.432963755377362012e-27 9.025869424774902932e-12 9.093100425529256721e-09 6.537411559532664909e-03 3.818792799579200903e+01 1.117738094192026125e+15 8.335839927667599582e-06
1.384256160000000016e+23 6.429876673933628011e-27 9.021538047345408619e-12 9.093100431189618911e-09 6.534274355176645545e-03 3.820015008738909046e+01 1.118411565582140875e+15 8.335839927667599582e-06
1.384996799999999927e+23 6.426791073931387104e-27 9.017208748475347188e-12 9.093100436795901687e-09 6.531138656315310827e-03 3.821237609068871421e+01 1.119085036972676375e+15 8.335839927667599582e-06
1.385737440000000005e+23 6.423706954659742866e-27 9.012881527167277762e-12 9.093100442348621210e-09 6.528004462226222153e-03 3.822460600694273580e+01 1.119758508363628625e+15 8.335839927667599582e-06
1.386478079999999916e+23 6.420624315408146845e-27 9.008556382424261910e-12 9.093100447848288677e-09 6.524871772187294805e-03 3.823683983740338732e+01 1.120431979754993625e+15 8.335839927667599582e-06
1.387218719999999995e+23 6.417543155466388513e-27 9.004233313249823259e-12 9.093100453295411977e-09 6.521740585476786672e-03 3.824907758332332008e+01 1.121105451146767625e+15 8.335839927667599582e-06
1.387959360000000073e+23 6.414463474124606033e-27 8.999912318647978191e-12 9.093100458690495690e-09 6.518610901373309528e-03 3.826131924595554779e+01 1.121778922538946625e+15 8.335839927667599582e-06
1.388699999999999984e+23 6.411385270673276925e-27 8.995593397623222915e-12 9.093100464034031162e-09 6.515482719155822090e-03 3.827356482655348202e+01 1.122452393931526625e+15 8.335839927667599582e-06
1.389440640000000063e+23 6.408308544403220224e-27 8.991276549180530243e-12 9.093100469326516355e-09 6.512356038103629154e-03 3.828581432637094650e+01 1.123125865324504000e+15 8.335839927667599582e-06
1.390181279999999974e+23 6.405233294605570650e-27 8.986961772325312421e-12 9.093100474568435997e-09 6.509230857496354702e-03 3.829806774666224811e+01 1.123799336717874500e+15 8.335839927667599582e-06
1.390921920000000052e+23 6.402159520571768563e-27 8.982649066063417907e-12 9.093100479760274817e-09 6.506107176613934971e-03 3.831032508868226216e+01 1.124472808111635000e+15 8.335839927667599582e-06
1.391662559999999963e+23 6.399087221593639601e-27 8.978338429401228302e-12 9.093100484902509269e-09 6.502984994736698242e-03 3.832258635368604160e+01 1.125146279505781125e+15 8.335839927667599582e-06
1.392403200000000042e+23 6.396016396963348762e-27 8.974029861345606652e-12 9.093100489995615811e-09 6.499864311145316272e-03 3.833485154292908703e+01 1.125819750900309625e+15 8.335839927667599582e-06
1.393143839999999953e+23 6.392947045973400407e-27 8.969723360903890985e-12 9.093100495040060971e-09 6.496745125120806028e-03 3.834712065766726852e+01 1.126493222295216250e+15 8.335839927667599582e-06
1.393884480000000031e+23 6.389879167916631081e-27 8.965418927083883004e-12 9.093100500036311280e-09 6.493627435944523615e-03 3.835939369915688957e+01 1.127166693690498000e+15 8.335839927667599582e-06
1.394625119999999942e+23 6.386812762086223866e-27 8.961116558893872317e-12 9.093100504984828305e-09 6.490511242898174687e-03 3.837167066865466580e+01 1.127840165086150750e+15 8.335839927667599582e-06
1.395365760000000021e+23 6.383747827775693313e-27 8.956816255342615439e-12 9.093100509886065340e-09 6.487396545263803167e-03 3.838395156741768233e+01 1.128513636482171000e+15 8.335839927667599582e-06
1.396106399999999932e+23 6.380684364278894767e-27 8.952518015439342250e-12 9.093100514740477335e-09 6.484283342323799056e-03 3.839623639670349320e+01 1.129187107878555000e+15 8.335839927667599582e-06
1.396847040000000010e+23 6.377622370890019349e-27 8.948221838193759231e-12 9.093100519548509314e-09 6.481171633360894961e-03 3.840852515776999354e+01 1.129860579275299500e+15 8.335839927667599582e-06
1.397587679999999921e+23 6.374561846903598973e-27 8.943927722616047842e-12 9.093100524310602989e-09 6.478061417658167835e-03 3.842081785187552612e+01 1.130534050672400750e+15 8.335839927667599582e-06
1.398328320000000000e+23 6.371502791614502764e-27 8.939635667716862913e-12 9.093100529027203386e-09 6.474952694499037237e-03 3.843311448027881028e+01 1.131207522069855500e+15 8.335839927667599582e-06
1.399068960000000079e+23 6.368445204317935618e-27 8.935345672507331024e-12 9.093100533698737328e-09 6.471845463167266201e-03 3.844541504423900591e+01 1.131880993467660000e+15 8.335839927667599582e-06
1.399809599999999990e+23 6.365389084309443947e-27 8.931057735999056969e-12 9.093100538325641567e-09 6.468739722946962104e-03 3.845771954501563528e+01 1.132554464865810750e+15 8.335839927667599582e-06
1.400550240000000068e+23 6.362334430884908500e-27 8.926771857204114062e-12 9.093100542908336312e-09 6.465635473122574063e-03 3.847002798386866118e+01 1.133227936264304750e+15 8.335839927667599582e-06
1.401290879999999979e+23 6.359281243340551539e-27 8.922488035135058679e-12 9.093100547447253350e-09 6.462532712978897274e-03 3.848234036205842301e+01 1.133901407663138000e+15 8.335839927667599582e-06
1.402031520000000058e+23 6.356229520972928948e-27 8.918206268804914099e-12 9.093100551942801308e-09 6.459431441801066938e-03 3.849465668084567227e+01 1.134574879062307750e+15 8.335839927667599582e-06
1.402772159999999969e+23 6.353179263078940994e-27 8.913926557227180200e-12 9.093100556395402049e-09 6.456331658874566934e-03 3.850697694149155126e+01 1.135248350461810250e+15 8.335839927667599582e-06
1.403512800000000047e+23 6.350130468955818694e-27 8.909648899415830227e-12 9.093100560805457582e-09 6.453233363485217679e-03 3.851930114525762860e+01 1.135921821861642500e+15 8.335839927667599582e-06
1.404253439999999958e+23 6.347083137901136733e-27 8.905373294385312406e-12 9.093100565173381498e-09 6.450136554919190003e-03 3.853162929340584952e+01 1.136595293261800750e+15 8.335839927667599582e-06
1.404994080000000037e+23 6.344037269212804133e-27 8.901099741150551565e-12 9.093100569499574152e-09 6.447041232462992141e-03 3.854396138719857134e+01 1.137268764662282250e+15 8.335839927667599582e-06
1.405734719999999948e+23 6.340992862189069994e-27 8.896828238726941048e-12 9.093100573784432590e-09 6.443947395403481007e-03 3.855629742789854930e+01 1.137942236063083250e+15 8.335839927667599582e-06
1.406475360000000026e+23 6.337949916128521344e-27 8.892558786130354032e-12 9.093100578028355515e-09 6.440855043027853520e-03 3.856863741676892943e+01 1.138615707464201250e+15 8.335839927667599582e-06
1.407215999999999937e+23 6.334908430330081698e-27 8.888291382377133827e-12 9.093100582231730046e-09 6.437764174623650942e-03 3.858098135507327697e+01 1.139289178865632500e+15 8.335839927667599582e-06
1.407956640000000016e+23 6.331868404093013219e-27 8.884026026484101958e-12 9.093100586394948267e-09 6.434674789478758879e-03 3.859332924407552667e+01 1.139962650267374500e+15 8.335839927667599582e-06
1.408697279999999927e+23 6.328829836716918146e-27 8.879762717468548470e-12 9.093100590518387372e-09 6.431586886881406409e-03 3.860568108504002538e+01 1.140636121669423250e+15 8.335839927667599582e-06
1.409437920000000005e+23 6.325792727501732339e-27 8.875501454348243239e-12 9.093100594602429519e-09 6.428500466120163487e-03 3.861803687923153205e+01 1.141309593071776500e+15 8.335839927667599582e-06
1.410178560000000084e+23 6.322757075747733171e-27 8.871242236141431121e-12 9.093100598647456866e-09 6.425415526483947010e-03 3.863039662791516804e+01 1.141983064474430750e+15 8.335839927667599582e-06
1.410919199999999995e+23 6.319722880755536660e-27 8.866985061866823879e-12 9.093100602653836679e-09 6.422332067262016483e-03 3.864276033235647390e+01 1.142656535877382750e+15 8.335839927667599582e-06
1.411659840000000073e+23 6.316690141826092445e-27 8.862729930543609872e-12 9.093100606621937883e-09 6.419250087743972287e-03 3.865512799382138098e+01 1.143330007280630250e+15 8.335839927667599582e-06
1.412400479999999984e+23 6.313658858260692392e-27 8.858476841191460521e-12 9.093100610552127745e-09 6.416169587219761744e-03 3.866749961357622567e+01 1.144003478684169750e+15 8.335839927667599582e-06
1.413141120000000063e+23 6.310629029360940470e-27 8.854225792830475378e-12 9.093100614444768570e-09 6.413090564979649633e-03 3.867987519288780618e+01 1.144676950087998250e+15 8.335839927667599582e-06
1.413881759999999974e+23 6.307600654428736957e-27 8.849976784481177276e-12 9.093100618300217700e-09 6.410013020314200838e-03 3.869225473302351759e+01 1.145350421492113250e+15 8.335839927667599582e-06
1.414622400000000052e+23 6.304573732766357366e-27 8.845729815164612503e-12 9.093100622118832478e-09 6.406936952514362751e-03 3.870463823525098235e+01 1.146023892896511500e+15 8.335839927667599582e-06
1.415363039999999963e+23 6.301548263676417288e-27 8.841484883902305557e-12 9.093100625900963628e-09 6.403862360871428842e-03 3.871702570083820660e+01 1.146697364301190500e+15 8.335839927667599582e-06
1.416103680000000042e+23 6.298524246461864502e-27 8.837241989716244610e-12 9.093100629646961874e-09 6.400789244677028249e-03 3.872941713105360861e+01 1.147370835706147000e+15 8.335839927667599582e-06
1.416844319999999953e+23 6.295501680425981123e-27 8.833001131628891203e-12 9.093100633357171324e-09 6.397717603223130982e-03 3.874181252716602586e+01 1.148044307111378500e+15 8.335839927667599582e-06
1.417584960000000031e+23 6.292480564872379302e-27 8.828762308663167316e-12 9.093100637031929467e-09 6.394647435802042722e-03 3.875421189044471504e+01 1.148717778516882250e+15 8.335839927667599582e-06
1.418325599999999942e+23 6.289460899105006244e-27 8.824525519842463453e-12 9.093100640671580410e-09 6.391578741706409154e-03 3.876661522215932365e+01 1.149391249922655250e+15 8.335839927667599582e-06
1.419066240000000021e+23 6.286442682428140626e-27 8.820290764190638636e-12 9.093100644276458335e-09 6.388511520229213370e-03 3.877902252357993262e+01 1.150064721328695250e+15 8.335839927667599582e-06
1.419806879999999932e+23 6.283425914146396894e-27 8.816058040732023639e-12 9.093100647846895768e-09 6.385445770663779330e-03 3.879143379597701369e+01 1.150738192734999000e+15 8.335839927667599582e-06
1.420547520000000010e+23 6.280410593564719532e-27 8.811827348491404832e-12 9.093100651383218618e-09 6.382381492303765801e-03 3.880384904062145779e+01 1.151411664141564250e+15 8.335839927667599582e-06
1.421288159999999921e+23 6.277396719988388077e-27 8.807598686494043566e-12 9.093100654885757758e-09 6.379318684443172419e-03 3.881626825878455378e+01 1.152085135548388000e+15 8.335839927667599582e-06
1.422028800000000000e+23 6.274384292723013538e-27 8.803372053765672946e-12 9.093100658354830824e-09 6.376257346376337093e-03 3.882869145173802394e+01 1.152758606955468500e+15 8.335839927667599582e-06
1.422769440000000079e+23 6.271373311074541259e-27 8.799147449332486516e-12 9.093100661790760418e-09 6.373197477397935136e-03 3.884111862075396004e+01 1.153432078362802250e+15 8.335839927667599582e-06
1.423510079999999990e+23 6.268363774349250924e-27 8.794924872221146344e-12 9.093100665193864176e-09 6.370139076802982733e-03 3.885354976710489439e+01 1.154105549770387000e+15 8.335839927667599582e-06
1.424250720000000068e+23 6.265355681853748665e-27 8.790704321458778170e-12 9.093100668564454773e-09 6.367082143886829138e-03 3.886598489206375717e+01 1.154779021178220250e+15 8.335839927667599582e-06
1.424991359999999979e+23 6.262349032894983561e-27 8.786485796072984330e-12 9.093100671902841574e-09 6.364026677945168811e-03 3.887842399690386941e+01 1.155452492586299750e+15 8.335839927667599582e-06
1.425732000000000058e+23 6.259343826780228984e-27 8.782269295091825990e-12 9.093100675209333945e-09 6.360972678274029284e-03 3.889086708289899263e+01 1.156125963994622750e+15 8.335839927667599582e-06
1.426472639999999969e+23 6.256340062817096233e-27 8.778054817543834450e-12 9.093100678484234635e-09 6.357920144169779825e-03 3.890331415132325077e+01 1.156799435403187000e+15 8.335839927667599582e-06
1.427213280000000047e+23 6.253337740313527360e-27 8.773842362458006300e-12 9.093100681727849699e-09 6.354869074929125373e-03 3.891576520345120116e+01 1.157472906811990000e+15 8.335839927667599582e-06
1.427953919999999958e+23 6.250336858577800187e-27 8.769631928863814727e-12 9.093100684940471960e-09 6.351819469849113477e-03 3.892822024055779195e+01 1.158146378221029500e+15 8.335839927667599582e-06
1.428694560000000037e+23 6.247337416918521137e-27 8.765423515791183669e-12 9.093100688122402512e-09 6.348771328227123881e-03 3.894067926391839052e+01 1.158819849630303000e+15 8.335839927667599582e-06
1.429435199999999948e+23 6.244339414644634558e-27 8.761217122270521738e-12 9.093100691273930867e-09 6.345724649360881542e-03 3.895314227480874081e+01 1.159493321039808250e+15 8.335839927667599582e-06
1.430175840000000026e+23 6.241342851065412682e-27 8.757012747332689911e-12 9.093100694395349848e-09 6.342679432548443616e-03 3.896560927450501310e+01 1.160166792449543250e+15 8.335839927667599582e-06
1.430916479999999937e+23 6.238347725490465663e-27 8.752810390009025764e-12 9.093100697486948968e-09 6.339635677088210734e-03 3.897808026428377559e+01 1.160840263859505000e+15 8.335839927667599582e-06
1.431657120000000016e+23 6.235354037229734409e-27 8.748610049331330545e-12 9.093100700549006159e-09 6.336593382278919197e-03 3.899055524542199436e+01 1.161513735269692250e+15 8.335839927667599582e-06
1.432397759999999927e+23 6.232361785593492731e-27 8.744411724331877255e-12 9.093100703581810936e-09 6.333552547419645309e-03 3.900303421919701918e+01 1.162187206680102000e+15 8.335839927667599582e-06
1.433138400000000005e+23 6.229370969892345909e-27 8.740215414043396105e-12 9.093100706585641230e-09 6.330513171809801047e-03 3.901551718688663328e+01 1.162860678090732750e+15 8.335839927667599582e-06
1.433879039999999916e+23 6.226381589437236430e-27 8.736021117499093906e-12 9.093100709560771665e-09 6.327475254749140125e-03 3.902800414976898224e+01 1.163534149501581500e+15 8.335839927667599582e-06
1.434619679999999995e+23 6.223393643539435382e-27 8.731828833732642754e-12 9.093100712507476866e-09 6.324438795537751928e-03 3.904049510912265930e+01 1.164207620912647000e+15 8.335839927667599582e-06
1.435360320000000073e+23 6.220407131510549625e-27 8.727638561778178424e-12 9.093100715426028147e-09 6.321403793476065847e-03 3.905299006622661295e+01 1.164881092323926750e+15 8.335839927667599582e-06
1.436100959999999984e+23 6.217422052662505291e-27 8.723450300670289052e-12 9.093100718316696825e-09 6.318370247864836531e-03 3.906548902236025356e+01 1.165554563735418750e+15 8.335839927667599582e-06
1.436841600000000063e+23 6.214438406307501867e-27 8.719264049443945668e-12 9.093100721179747596e-09 6.315338158005096188e-03 3.907799197880365227e+01 1.166228035147121000e+15 8.335839927667599582e-06
1.437582239999999974e+23 6.211456191758117661e-27 8.715079807134652447e-12 9.093100724015445158e-09 6.312307523198262132e-03 3.909049893683707211e+01 1.166901506559031500e+15 8.335839927667599582e-06
1.438322880000000052e+23 6.208475408327263884e-27 8.710897572778377238e-12 9.093100726824049247e-09 6.309278342746089084e-03 3.910300989774118108e+01 1.167574977971148250e+15 8.335839927667599582e-06
1.439063519999999963e+23 6.205496055328182499e-27 8.706717345411551561e-12 9.093100729605821251e-09 6.306250615950668298e-03 3.911552486279705931e+01 1.168248449383469000e+15 8.335839927667599582e-06
1.439804160000000042e+23 6.202518132074436177e-27 8.702539124071062534e-12 9.093100732361015942e-09 6.303224342114418892e-03 3.912804383328619906e+01 1.168921920795992500e+15 8.335839927667599582e-06
1.440544799999999953e+23 6.199541637879926228e-27 8.698362907794264179e-12 9.093100735089886437e-09 6.300199520540100857e-03 3.914056681049051178e+01 1.169595392208716500e+15 8.335839927667599582e-06
1.441285440000000031e+23 6.196566572058873957e-27 8.694188695618970961e-12 9.093100737792685854e-09 6.297176150530801181e-03 3.915309379569233528e+01 1.170268863621639250e+15 8.335839927667599582e-06
1.442026079999999942e+23 6.193592933925832134e-27 8.690016486583448091e-12 9.093100740469660692e-09 6.294154231389944253e-03 3.916562479017439813e+01 1.170942335034758500e+15 8.335839927667599582e-06
1.442766720000000021e+23 6.190620722795679977e-27 8.685846279726430919e-12 9.093100743121060759e-09 6.291133762421284928e-03 3.917815979521986947e+01 1.171615806448073000e+15 8.335839927667599582e-06
1.443507359999999932e+23 6.187649937983627454e-27 8.681678074087115236e-12 9.093100745747127594e-09 6.288114742928914598e-03 3.919069881211230211e+01 1.172289277861580750e+15 8.335839927667599582e-06
1.444248000000000010e+23 6.184680578805209546e-27 8.677511868705147582e-12 9.093100748348109349e-09 6.285097172217255120e-03 3.920324184213568941e+01 1.172962749275280000e+15 8.335839927667599582e-06
1.444988639999999921e+23 6.181712644576291984e-27 8.673347662620643018e-12 9.093100750924235981e-09 6.282081049591064018e-03 3.921578888657442263e+01 1.173636220689169000e+15 8.335839927667599582e-06
1.445729280000000000e+23 6.178746134613066230e-27 8.669185454874177045e-12 9.093100753475753989e-09 6.279066374355431017e-03 3.922833994671330515e+01 1.174309692103246500e+15 8.335839927667599582e-06
1.446469920000000079e+23 6.175781048232054495e-27 8.665025244506782379e-12 9.093100756002891677e-09 6.276053145815780644e-03 3.924089502383755956e+01 1.174983163517510000e+15 8.335839927667599582e-06
1.447210559999999990e+23 6.172817384750104002e-27 8.660867030559953789e-12 9.093100758505887271e-09 6.273041363277868758e-03 3.925345411923280636e+01 1.175656634931958500e+15 8.335839927667599582e-06
1.447951200000000068e+23 6.169855143484392726e-27 8.656710812075644876e-12 9.093100760984967419e-09 6.270031026047786019e-03 3.926601723418508527e+01 1.176330106346590500e+15 8.335839927667599582e-06
1.448691839999999979e+23 6.166894323752426525e-27 8.652556588096271295e-12 9.093100763440362078e-09 6.267022133431957021e-03 3.927858436998084812e+01 1.177003577761403750e+15 8.335839927667599582e-06
1.449432480000000058e+23 6.163934924872036264e-27 8.648404357664707529e-12 9.093100765872299548e-09 6.264014684737137691e-03 3.929115552790696597e+01 1.177677049176397500e+15 8.335839927667599582e-06
1.450173119999999969e+23 6.160976946161386434e-27 8.644254119824291735e-12 9.093100768281003170e-09 6.261008679270421359e-03 3.930373070925067935e+01 1.178350520591569500e+15 8.335839927667599582e-06
1.450913760000000047e+23 6.158020386938962948e-27 8.640105873618816049e-12 9.093100770666689664e-09 6.258004116339228352e-03 3.931630991529967645e+01 1.179023992006918750e+15 8.335839927667599582e-06
1.451654399999999958e+23 6.155065246523586774e-27 8.635959618092541128e-12 9.093100773029585677e-09 6.255000995251319869e-03 3.932889314734203623e+01 1.179697463422443750e+15 8.335839927667599582e-06
1.452395040000000037e+23 6.152111524234399589e-27 8.631815352290178379e-12 9.093100775369906278e-09 6.251999315314784103e-03 3.934148040666624269e+01 1.180370934838143000e+15 8.335839927667599582e-06
1.453135679999999948e+23 6.149159219390878842e-27 8.627673075256909342e-12 9.093100777687864878e-09 6.248999075838047521e-03 3.935407169456121323e+01 1.181044406254015000e+15 8.335839927667599582e-06
1.453876320000000026e+23 6.146208331312824124e-27 8.623532786038369539e-12 9.093100779983681507e-09 6.246000276129867051e-03 3.936666701231622056e+01 1.181717877670058500e+15 8.335839927667599582e-06
1.454616959999999937e+23 6.143258859320366496e-27 8.619394483680658165e-12 9.093100782257561306e-09 6.243002915499334428e-03 3.937926636122097790e+01 1.182391349086272000e+15 8.335839927667599582e-06
1.455357600000000016e+23 6.140310802733963464e-27 8.615258167230331627e-12 9.093100784509716034e-09 6.240006993255874448e-03 3.939186974256561058e+01 1.183064820502654500e+15 8.335839927667599582e-06
1.456098239999999927e+23 6.137364160874401133e-27 8.611123835734408387e-12 9.093100786740355793e-09 6.237012508709244979e-03 3.940447715764061343e+01 1.183738291919204250e+15 8.335839927667599582e-06
1.456838880000000005e+23 6.134418933062794207e-27 8.606991488240368969e-12 9.093100788949682418e-09 6.234019461169537819e-03 3.941708860773691470e+01 1.184411763335920500e+15 8.335839927667599582e-06
1.457579520000000084e+23 6.131475118620584556e-27 8.602861123796151105e-12 9.093100791137901047e-09 6.231027849947177837e-03 3.942970409414585475e+01 1.185085234752801750e+15 8.335839927667599582e-06
1.458320159999999995e+23 6.128532716869542644e-27 8.598732741450154587e-12 9.093100793305213514e-09 6.228037674352923832e-03 3.944232361815912924e+01 1.185758706169846750e+15 8.335839927667599582e-06
1.459060800000000073e+23 6.125591727131758930e-27 8.594606340251228339e-12 9.093100795451818341e-09 6.225048933697858999e-03 3.945494718106890986e+01 1.186432177587054500e+15 8.335839927667599582e-06
1.459801439999999984e+23 6.122652148729592201e-27 8.590481919248599332e-12 9.093100797577917360e-09 6.222061627293340620e-03 3.946757478416801490e+01 1.187105649004423500e+15 8.335839927667599582e-06
1.460542080000000063e+23 6.119713980985765718e-27 8.586359477491996987e-12 9.093100799683700824e-09 6.219075754451093736e-03 3.948020642874951847e+01 1.187779120421953250e+15 8.335839927667599582e-06
1.461282719999999974e+23 6.116777223223337797e-27 8.582239014031635397e-12 9.093100801769363947e-09 6.216091314483186865e-03 3.949284211610684281e+01 1.188452591839642000e+15 8.335839927667599582e-06
1.462023360000000052e+23 6.113841874765686026e-27 8.578120527918164868e-12 9.093100803835103597e-09 6.213108306702012050e-03 3.950548184753385783e+01 1.189126063257489000e+15 8.335839927667599582e-06
1.462763999999999963e+23 6.110907934936518027e-27 8.574004018202704223e-12 9.093100805881106718e-09 6.210126730420295268e-03 3.951812562432485265e+01 1.189799534675493250e+15 8.335839927667599582e-06
1.463504640000000042e+23 6.107975403059857825e-27 8.569889483936814958e-12 9.093100807907558598e-09 6.207146584951086024e-03 3.953077344777450719e+01 1.190473006093653500e+15 8.335839927667599582e-06
1.464245279999999953e+23 6.105044278460058760e-27 8.565776924172520626e-12 9.093100809914654452e-09 6.204167869607766887e-03 3.954342531917795611e+01 1.191146477511961750e+15 8.335839927667599582e-06
1.464985920000000031e+23 6.102114560461792009e-27 8.561666337962289066e-12 9.093100811902572951e-09 6.201190583704044822e-03 3.955608123983073199e+01 1.191819948930414000e+15 8.335839927667599582e-06
1.465726559999999942e+23 6.099186248390056630e-27 8.557557724359051791e-12 9.093100813871497728e-09 6.198214726553958991e-03 3.956874121102878661e+01 1.192493420349009250e+15 8.335839927667599582e-06
1.466467200000000021e+23 6.096259341570170956e-27 8.553451082416186216e-12 9.093100815821610763e-09 6.195240297471873818e-03 3.958140523406849809e+01 1.193166891767746250e+15 8.335839927667599582e-06
1.467207839999999932e+23 6.093333839327779761e-27 8.549346411187525352e-12 9.093100817753094037e-09 6.192267295772484192e-03 3.959407331024665666e+01 1.193840363186623500e+15 8.335839927667599582e-06
1.467948480000000010e+23 6.090409740988848531e-27 8.545243709727357805e-12 9.093100819666124566e-09 6.189295720770812866e-03 3.960674544086045756e+01 1.194513834605640750e+15 8.335839927667599582e-06
1.468689119999999921e+23 6.087487045879669196e-27 8.541142977090424546e-12 9.093100821560876058e-09 6.186325571782212186e-03 3.961942162720753657e+01 1.195187306024796000e+15 8.335839927667599582e-06
1.469429760000000000e+23 6.084565753326853674e-27 8.537044212331920525e-12 9.093100823437523875e-09 6.183356848122360631e-03 3.963210187058593448e+01 1.195860777444088500e+15 8.335839927667599582e-06
1.470170400000000079e+23 6.081645862657338899e-27 8.532947414507491442e-12 9.093100825296243379e-09 6.180389549107268010e-03 3.964478617229409707e+01 1.196534248863517000e+15 8.335839927667599582e-06
1.470911039999999990e+23 6.078727373198383941e-27 8.528852582673238591e-12 9.093100827137204969e-09 6.177423674053270260e-03 3.965747453363088937e+01 1.197207720283080500e+15 8.335839927667599582e-06
1.471651680000000068e+23 6.075810284277572887e-27 8.524759715885720479e-12 9.093100828960577392e-09 6.174459222277033782e-03 3.967016695589559561e+01 1.197881191702778000e+15 8.335839927667599582e-06
1.472392319999999979e+23 6.072894595222811962e-27 8.520668813201943129e-12 9.093100830766529390e-09 6.171496193095551974e-03 3.968286344038791924e+01 1.198554663122608000e+15 8.335839927667599582e-06
1.473132960000000058e+23 6.069980305362329533e-27 8.516579873679366545e-12 9.093100832555228056e-09 6.168534585826146964e-03 3.969556398840795453e+01 1.199228134542569750e+15 8.335839927667599582e-06
1.473873599999999969e+23 6.067067414024680415e-27 8.512492896375911174e-12 9.093100834326837169e-09 6.165574399786470476e-03 3.970826860125622915e+01 1.199901605962662000e+15 8.335839927667599582e-06
1.474614240000000047e+23 6.064155920538738695e-27 8.508407880349941747e-12 9.093100836081518859e-09 6.162615634294501231e-03 3.972097728023367580e+01 1.200575077382884000e+15 8.335839927667599582e-06
1.475354879999999958e+23 6.061245824233704905e-27 8.504324824660285056e-12 9.093100837819436907e-09 6.159658288668548413e-03 3.973369002664162508e+01 1.201248548803234000e+15 8.335839927667599582e-06
1.476095520000000037e+23 6.058337124439101720e-27 8.500243728366213792e-12 9.093100839540750131e-09 6.156702362227247337e-03 3.974640684178184813e+01 1.201922020223711500e+15 8.335839927667599582e-06
1.476836159999999948e+23 6.055429820484775390e-27 8.496164590527462707e-12 9.093100841245619004e-09 6.153747854289564646e-03 3.975912772695648556e+01 1.202595491644315000e+15 8.335839927667599582e-06
1.477576800000000026e+23 6.052523911700892873e-27 8.492087410204209221e-12 9.093100842934197382e-09 6.150794764174791381e-03 3.977185268346812563e+01 1.203268963065044000e+15 8.335839927667599582e-06
1.478317439999999937e+23 6.049619397417949726e-27 8.488012186457094429e-12 9.093100844606645739e-09 6.147843091202552512e-03 3.978458171261974741e+01 1.203942434485896750e+15 8.335839927667599582e-06
1.479058080000000016e+23 6.046716276966758625e-27 8.483938918347206944e-12 9.093100846263112966e-09 6.144892834692795673e-03 3.979731481571474205e+01 1.204615905906872750e+15 8.335839927667599582e-06
1.479798719999999927e+23 6.043814549678461563e-27 8.479867604936092589e-12 9.093100847903756227e-09 6.141943993965802429e-03 3.981005199405689154e+01 1.205289377327970750e+15 8.335839927667599582e-06
1.480539360000000005e+23 6.040914214884517651e-27 8.475798245285747937e-12 9.093100849528724417e-09 6.138996568342178738e-03 3.982279324895041839e+01 1.205962848749189750e+15 8.335839927667599582e-06
1.481279999999999916e+23 6.038015271916715317e-27 8.471730838458625155e-12 9.093100851138164771e-09 6.136050557142862759e-03 3.983553858169991457e+01 1.206636320170528500e+15 8.335839927667599582e-06
1.482020639999999995e+23 6.035117720107156523e-27 8.467665383517620699e-12 9.093100852732231147e-09 6.133105959689111840e-03 3.984828799361043394e+01 1.207309791591986250e+15 8.335839927667599582e-06
1.482761280000000073e+23 6.032221558788213712e-27 8.463601879526010685e-12 9.093100854311069128e-09 6.130162775302459149e-03 3.986104148598766272e+01 1.207983263013561750e+15 8.335839927667599582e-06
1.483501919999999984e+23 6.029326787292602996e-27 8.459540325547549445e-12 9.093100855874817680e-09 6.127221003304786535e-03 3.987379906013757846e+01 1.208656734435254250e+15 8.335839927667599582e-06
1.484242560000000063e+23 6.026433404953379127e-27 8.455480720646472755e-12 9.093100857423630659e-09 6.124280643018320189e-03 3.988656071736653530e+01 1.209330205857062500e+15 8.335839927667599582e-06
1.484983199999999974e+23 6.023541411103915413e-27 8.451423063887457446e-12 9.093100858957645377e-09 6.121341693765609826e-03 3.989932645898129948e+01 1.210003677278985500e+15 8.335839927667599582e-06
1.485723840000000052e+23 6.020650805077900848e-27 8.447367354335624637e-12 9.093100860477004109e-09 6.118404154869525220e-03 3.991209628628905648e+01 1.210677148701022500e+15 8.335839927667599582e-06
1.486464479999999963e+23 6.017761586209347283e-27 8.443313591056551041e-12 9.093100861981844166e-09 6.115468025653265742e-03 3.992487020059741099e+01 1.211350620123172000e+15 8.335839927667599582e-06
1.487205120000000042e+23 6.014873753832581536e-27 8.439261773116252810e-12 9.093100863472309479e-09 6.112533305440349951e-03 3.993764820321440823e+01 1.212024091545433500e+15 8.335839927667599582e-06
1.487945759999999953e+23 6.011987307282250417e-27 8.435211899581195232e-12 9.093100864948532396e-09 6.109599993554621668e-03 3.995043029544850555e+01 1.212697562967806000e+15 8.335839927667599582e-06
1.488686400000000031e+23 6.009102245893317134e-27 8.431163969518291111e-12 9.093100866410653538e-09 6.106668089320246504e-03 3.996321647860857951e+01 1.213371034390288250e+15 8.335839927667599582e-06
1.489427039999999942e+23 6.006218569001068474e-27 8.427117981994900767e-12 9.093100867858806908e-09 6.103737592061717933e-03 3.997600675400393300e+01 1.214044505812879250e+15 8.335839927667599582e-06
1.490167680000000021e+23 6.003336275941103322e-27 8.423073936078827195e-12 9.093100869293121547e-09 6.100808501103848619e-03 3.998880112294430944e+01 1.214717977235578250e+15 8.335839927667599582e-06
1.490908319999999932e+23 6.000455366049342703e-27 8.419031830838325750e-12 9.093100870713733111e-09 6.097880815771777353e-03 4.000159958673982885e+01 1.215391448658384250e+15 8.335839927667599582e-06
1.491648960000000010e+23 5.997575838662026197e-27 8.414991665342094461e-12 9.093100872120772296e-09 6.094954535390965586e-03 4.001440214670106599e+01 1.216064920081296250e+15 8.335839927667599582e-06
1.492389599999999921e+23 5.994697693115711939e-27 8.410953438659282104e-12 9.093100873514371451e-09 6.092029659287200027e-03 4.002720880413900773e+01 1.216738391504313000e+15 8.335839927667599582e-06
1.493130240000000000e+23 5.991820928747273746e-27 8.406917149859478511e-12 9.093100874894651343e-09 6.089106186786587445e-03 4.004001956036505305e+01 1.217411862927434250e+15 8.335839927667599582e-06
1.493870880000000079e+23 5.988945544893907581e-27 8.402882798012727495e-12 9.093100876261745976e-09 6.086184117215563336e-03 4.005283441669102018e+01 1.218085334350658500e+15 8.335839927667599582e-06
1.494611519999999990e+23 5.986071540893125087e-27 8.398850382189513921e-12 9.093100877615781082e-09 6.083263449900882386e-03 4.006565337442916785e+01 1.218758805773985000e+15 8.335839927667599582e-06
1.495352160000000068e+23 5.983198916082757182e-27 8.394819901460771792e-12 9.093100878956877429e-09 6.080344184169624543e-03 4.007847643489214562e+01 1.219432277197412750e+15 8.335839927667599582e-06
1.496092799999999979e+23 5.980327669800956924e-27 8.390791354897884240e-12 9.093100880285160748e-09 6.077426319349195881e-03 4.009130359939302934e+01 1.220105748620940750e+15 8.335839927667599582e-06
1.496833440000000058e+23 5.977457801386187317e-27 8.386764741572675454e-12 9.093100881600753462e-09 6.074509854767319930e-03 4.010413486924529991e+01 1.220779220044568250e+15 8.335839927667599582e-06
1.497574079999999969e+23 5.974589310177239964e-27 8.382740060557421988e-12 9.093100882903777993e-09 6.071594789752051552e-03 4.011697024576286452e+01 1.221452691468294250e+15 8.335839927667599582e-06
1.498314720000000047e+23 5.971722195513217845e-27 8.378717310924846297e-12 9.093100884194351803e-09 6.068681123631763062e-03 4.012980973026007092e+01 1.222126162892118000e+15 8.335839927667599582e-06
1.499055359999999958e+23 5.968856456733544651e-27 8.374696491748113507e-12 9.093100885472598966e-09 6.065768855735153772e-03 4.014265332405162212e+01 1.222799634316038500e+15 8.335839927667599582e-06
1.499796000000000037e+23 5.965992093177962623e-27 8.370677602100841109e-12 9.093100886738630327e-09 6.062857985391245652e-03 4.015550102845269009e+01 1.223473105740054750e+15 8.335839927667599582e-06
1.500536639999999948e+23 5.963129104186533278e-27 8.366660641057089265e-12 9.093100887992566652e-09 6.059948511929384198e-03 4.016835284477883050e+01 1.224146577164166000e+15 8.335839927667599582e-06
1.501277280000000026e+23 5.960267489099634532e-27 8.362645607691368885e-12 9.093100889234522093e-09 6.057040434679238430e-03 4.018120877434603244e+01 1.224820048588371250e+15 8.335839927667599582e-06
1.502017919999999937e+23 5.957407247257964292e-27 8.358632501078633550e-12 9.093100890464612456e-09 6.054133752970801766e-03 4.019406881847066870e+01 1.225493520012669500e+15 8.335839927667599582e-06
1.502758560000000016e+23 5.954548378002539018e-27 8.354621320294287590e-12 9.093100891682951891e-09 6.051228466134390277e-03 4.020693297846955261e+01 1.226166991437060250e+15 8.335839927667599582e-06
1.503499199999999927e+23 5.951690880674695160e-27 8.350612064414179622e-12 9.093100892889649586e-09 6.048324573500646166e-03 4.021980125565988828e+01 1.226840462861542500e+15 8.335839927667599582e-06
1.504239840000000005e+23 5.948834754616081983e-27 8.346604732514602549e-12 9.093100894084818038e-09 6.045422074400530824e-03 4.023267365135931328e+01 1.227513934286115250e+15 8.335839927667599582e-06
1.504980480000000084e+23 5.945979999168671611e-27 8.342599323672303253e-12 9.093100895268568088e-09 6.042520968165330901e-03 4.024555016688585596e+01 1.228187405710777750e+15 8.335839927667599582e-06
1.505721119999999995e+23 5.943126613674700911e-27 8.338595836964392124e-12 9.093100896441010580e-09 6.039621254126604534e-03 4.025843080355819126e+01 1.228860877135529000e+15 8.335839927667599582e-06
1.506461760000000073e+23 5.940274597476734635e-27 8.334594271468444843e-12 9.093100897602249737e-09 6.036722931616241190e-03 4.027131556269539914e+01 1.229534348560368250e+15 8.335839927667599582e-06
1.507202399999999984e+23 5.937423949917675457e-27 8.330594626262513685e-12 9.093100898752394748e-09 6.033825999966475548e-03 4.028420444561681535e+01 1.230207819985294750e+15 8.335839927667599582e-06
1.507943040000000063e+23 5.934574670340741021e-27 8.326596900425090369e-12 9.093100899891549837e-09 6.030930458509861473e-03 4.029709745364224460e+01 1.230881291410307750e+15 8.335839927667599582e-06
1.508683679999999974e+23 5.931726758089463218e-27 8.322601093035104435e-12 9.093100901019822539e-09 6.028036306579272023e-03 4.030999458809191793e+01 1.231554762835406000e+15 8.335839927667599582e-06
1.509424320000000052e+23 5.928880212507685321e-27 8.318607203171926479e-12 9.093100902137317076e-09 6.025143543507896840e-03 4.032289585028648560e+01 1.232228234260589250e+15 8.335839927667599582e-06
1.510164959999999963e+23 5.926035032939567721e-27 8.314615229915368155e-12 9.093100903244134367e-09 6.022252168629247358e-03 4.033580124154702418e+01 1.232901705685856250e+15 8.335839927667599582e-06
1.510905600000000042e+23 5.923191218729580754e-27 8.310625172345682167e-12 9.093100904340373672e-09 6.019362181277151599e-03 4.034871076319505079e+01 1.233575177111206250e+15 8.335839927667599582e-06
1.511646239999999953e+23 5.920348769222513312e-27 8.306637029543562280e-12 9.093100905426142524e-09 6.016473580785759376e-03 4.036162441655248756e+01 1.234248648536638500e+15 8.335839927667599582e-06
1.512386879999999864e+23 5.917507683763463512e-27 8.302650800590138463e-12 9.093100906501538532e-09 6.013586366489536220e-03 4.037454220294169716e+01 1.234922119962152250e+15 8.335839927667599582e-06
1.513127520000000110e+23 5.914667961697843722e-27 8.298666484566981743e-12 9.093100907566659302e-09 6.010700537723265985e-03 4.038746412368548278e+01 1.235595591387747000e+15 8.335839927667599582e-06
1.513868160000000021e+23 5.911829602371384146e-27 8.294684080556109048e-12 9.093100908621602442e-09 6.007816093822056051e-03 4.040039018010703131e+01 1.236269062813421250e+15 8.335839927667599582e-06
1.514608799999999932e+23 5.908992605130126369e-27 8.290703587639971899e-12 9.093100909666467213e-09 6.004933034121329519e-03 4.041332037352999151e+01 1.236942534239174500e+15 8.335839927667599582e-06
1.515349439999999843e+23 5.906156969320422637e-27 8.286725004901464489e-12 9.093100910701349569e-09 6.002051357956826941e-03 4.042625470527841713e+01 1.237616005665006250e+15 8.335839927667599582e-06
1.516090080000000089e+23 5.903322694288943033e-27 8.282748331423915601e-12 9.093100911726343807e-09 5.999171064664609795e-03 4.043919317667679536e+01 1.238289477090915750e+15 8.335839927667599582e-06
1.516830720000000000e+23 5.900489779382671173e-27 8.278773566291104770e-12 9.093100912741547536e-09 5.996292153581058750e-03 4.045213578905001839e+01 1.238962948516902000e+15 8.335839927667599582e-06
1.517571359999999911e+23 5.897658223948902053e-27 8.274800708587242891e-12 9.093100913747050091e-09 5.993414624042872792e-03 4.046508254372343316e+01 1.239636419942964000e+15 8.335839927667599582e-06
1.518312000000000157e+23 5.894828027335245635e-27 8.270829757396985146e-12 9.093100914742947424e-09 5.990538475387068365e-03 4.047803344202277742e+01 1.240309891369101750e+15 8.335839927667599582e-06
1.519052640000000068e+23 5.891999188889627565e-27 8.266860711805427773e-12 9.093100915729328872e-09 5.987663706950983704e-03 4.049098848527422234e+01 1.240983362795313500e+15 8.335839927667599582e-06
1.519793279999999979e+23 5.889171707960283436e-27 8.262893570898101601e-12 9.093100916706285423e-09 5.984790318072272762e-03 4.050394767480436542e+01 1.241656834221599250e+15 8.335839927667599582e-06
1.520533919999999890e+23 5.886345583895766675e-27 8.258928333760986595e-12 9.093100917673909724e-09 5.981918308088911285e-03 4.051691101194019495e+01 1.242330305647958000e+15 8.335839927667599582e-06
1.521274560000000136e+23 5.883520816044939222e-27 8.254964999480490847e-12 9.093100918632289453e-09 5.979047676339189869e-03 4.052987849800917530e+01 1.243003777074389500e+15 8.335839927667599582e-06
1.522015200000000047e+23 5.880697403756983721e-27 8.251003567143478048e-12 9.093100919581508984e-09 5.976178422161723507e-03 4.054285013433913321e+01 1.243677248500892000e+15 8.335839927667599582e-06
1.522755839999999958e+23 5.877875346381392045e-27 8.247044035837238403e-12 9.093100920521662616e-09 5.973310544895442040e-03 4.055582592225833594e+01 1.244350719927465750e+15 8.335839927667599582e-06
1.523496479999999869e+23 5.875054643267968881e-27 8.243086404649509633e-12 9.093100921452836376e-09 5.970444043879594501e-03 4.056880586309547709e+01 1.245024191354109250e+15 8.335839927667599582e-06
1.524237120000000115e+23 5.872235293766835318e-27 8.239130672668467284e-12 9.093100922375109671e-09 5.967578918453749111e-03 4.058178995817965529e+01 1.245697662780822750e+15 8.335839927667599582e-06
1.524977760000000026e+23 5.869417297228426696e-27 8.235176838982727959e-12 9.093100923288571839e-09 5.964715167957795015e-03 4.059477820884038834e+01 1.246371134207604750e+15 8.335839927667599582e-06
1.525718399999999937e+23 5.866600653003489733e-27 8.231224902681349314e-12 9.093100924193308906e-09 5.961852791731937946e-03 4.060777061640761332e+01 1.247044605634454500e+15 8.335839927667599582e-06
1.526459039999999848e+23 5.863785360443086831e-27 8.227274862853828446e-12 9.093100925089400281e-09 5.958991789116702825e-03 4.062076718221167226e+01 1.247718077061372000e+15 8.335839927667599582e-06
1.527199680000000094e+23 5.860971418898591056e-27 8.223326718590100276e-12 9.093100925976930337e-09 5.956132159452932895e-03 4.063376790758334067e+01 1.248391548488356250e+15 8.335839927667599582e-06
1.527940320000000005e+23 5.858158827721694745e-27 8.219380468980545626e-12 9.093100926855983445e-09 5.953273902081793190e-03 4.064677279385378483e+01 1.249065019915406250e+15 8.335839927667599582e-06
1.528680959999999916e+23 5.855347586264354980e-27 8.215436113115916904e-12 9.093100927726635708e-09 5.950417016344719361e-03 4.065978184235480342e+01 1.249738491342521500e+15 8.335839927667599582e-06
1.529421600000000163e+23 5.852537693878837352e-27 8.211493650087402727e-12 9.093100928588969842e-09 5.947561501583460176e-03 4.067279505441864984e+01 1.250411962769701750e+15 8.335839927667599582e-06
1.530162240000000073e+23 5.849729149917751836e-27 8.207553078986669924e-12 9.093100929443065257e-09 5.944707357140113953e-03 4.068581243137782621e+01 1.251085434196945750e+15 8.335839927667599582e-06
1.530902879999999984e+23 5.846921953734013328e-27 8.203614398905818303e-12 9.093100930288999709e-09 5.941854582357090388e-03 4.069883397456530361e+01 1.251758905624253000e+15 8.335839927667599582e-06
1.531643519999999895e+23 5.844116104680850977e-27 8.199677608937382265e-12 9.093100931126852606e-09 5.939003176577115767e-03 4.071185968531446520e+01 1.252432377051622750e+15 8.335839927667599582e-06
1.532384160000000142e+23 5.841311602111795264e-27 8.195742708174327572e-12 9.093100931956701703e-09 5.936153139143226024e-03 4.072488956495913470e+01 1.253105848479055250e+15 8.335839927667599582e-06
1.533124800000000052e+23 5.838508445380694507e-27 8.191809695710059425e-12 9.093100932778623101e-09 5.933304469398777148e-03 4.073792361483356217e+01 1.253779319906548500e+15 8.335839927667599582e-06
1.533865439999999963e+23 5.835706633841701948e-27 8.187878570638409541e-12 9.093100933592691247e-09 5.930457166687436513e-03 4.075096183627243818e+01 1.254452791334102500e+15 8.335839927667599582e-06
1.534606079999999874e+23 5.832906166849280056e-27 8.183949332053649078e-12 9.093100934398978931e-09 5.927611230353185476e-03 4.076400423061087253e+01 1.255126262761716750e+15 8.335839927667599582e-06
1.535346720000000121e+23 5.830107043758199092e-27 8.180021979050477322e-12 9.093100935197567219e-09 5.924766659740317645e-03 4.077705079918442976e+01 1.255799734189391000e+15 8.335839927667599582e-06
1.536087360000000031e+23 5.827309263923542133e-27 8.176096510724036231e-12 9.093100935988523938e-09 5.921923454193445818e-03 4.079010154332905813e+01 1.256473205617123500e+15 8.335839927667599582e-06
1.536827999999999942e+23 5.824512826700697892e-27 8.172172926169891047e-12 9.093100936771921881e-09 5.919081613057492440e-03 4.080315646438118193e+01 1.257146677044914500e+15 8.335839927667599582e-06
1.537568639999999853e+23 5.821717731445366467e-27 8.168251224484048068e-12 9.093100937547838802e-09 5.916241135677696543e-03 4.081621556367762338e+01 1.257820148472763000e+15 8.335839927667599582e-06
1.538309280000000100e+23 5.818923977513554311e-27 8.164331404762943336e-12 9.093100938316339222e-09 5.913402021399607675e-03 4.082927884255565942e+01 1.258493619900668750e+15 8.335839927667599582e-06
1.539049920000000010e+23 5.816131564261581408e-27 8.160413466103449104e-12 9.093100939077497587e-09 5.910564269569095440e-03 4.084234630235297203e+01 1.259167091328631000e+15 8.335839927667599582e-06
1.539790559999999921e+23 5.813340491046073384e-27 8.156497407602868985e-12 9.093100939831386688e-09 5.907727879532339958e-03 4.085541794440767660e+01 1.259840562756649000e+15 8.335839927667599582e-06
1.540531199999999832e+23 5.810550757223965808e-27 8.152583228358944417e-12 9.093100940578072701e-09 5.904892850635834467e-03 4.086849377005832906e+01 1.260514034184722250e+15 8.335839927667599582e-06
1.541271840000000079e+23 5.807762362152502761e-27 8.148670927469843352e-12 9.093100941317621799e-09 5.902059182226387923e-03 4.088157378064388325e+01 1.261187505612850500e+15 8.335839927667599582e-06
1.542012479999999990e+23 5.804975305189239702e-27 8.144760504034178030e-12 9.093100942050108430e-09 5.899226873651125004e-03 4.089465797750374065e+01 1.261860977041032500e+15 8.335839927667599582e-06
1.542753119999999900e+23 5.802189585692039166e-27 8.140851957150983975e-12 9.093100942775593803e-09 5.896395924257481769e-03 4.090774636197772196e+01 1.262534448469268250e+15 8.335839927667599582e-06
1.543493760000000147e+23 5.799405203019070762e-27 8.136945285919732916e-12 9.093100943494150712e-09 5.893566333393207395e-03 4.092083893540607420e+01 1.263207919897557250e+15 8.335839927667599582e-06
1.544234400000000058e+23 5.796622156528821219e-27 8.133040489440337643e-12 9.093100944205842022e-09 5.890738100406371983e-03 4.093393569912944940e+01 1.263881391325898500e+15 8.335839927667599582e-06
1.544975039999999969e+23 5.793840445580077166e-27 8.129137566813135839e-12 9.093100944910732253e-09 5.887911224645351813e-03 4.094703665448896146e+01 1.264554862754291500e+15 8.335839927667599582e-06
1.545715679999999879e+23 5.791060069531938765e-27 8.125236517138901401e-12 9.093100945608887579e-09 5.885085705458840619e-03 4.096014180282611505e+01 1.265228334182736000e+15 8.335839927667599582e-06
1.546456320000000126e+23 5.788281027743814686e-27 8.121337339518846048e-12 9.093100946300374175e-09 5.882261542195846987e-03 4.097325114548283409e+01 1.265901805611231500e+15 8.335839927667599582e-06
1.547196960000000037e+23 5.785503319575422829e-27 8.117440033054608012e-12 9.093100946985253253e-09 5.879438734205692622e-03 4.098636468380149012e+01 1.266575277039777250e+15 8.335839927667599582e-06
1.547937599999999948e+23 5.782726944386791754e-27 8.113544596848268200e-12 9.093100947663589331e-09 5.876617280838014948e-03 4.099948241912484548e+01 1.267248748468372500e+15 8.335839927667599582e-06
1.548678239999999858e+23 5.779951901538255662e-27 8.109651030002332415e-12 9.093100948335445277e-09 5.873797181442762770e-03 4.101260435279611016e+01 1.267922219897017000e+15 8.335839927667599582e-06
1.549418880000000105e+23 5.777178190390458698e-27 8.105759331619744285e-12 9.093100949000882302e-09 5.870978435370199748e-03 4.102573048615890627e+01 1.268595691325710750e+15 8.335839927667599582e-06
1.550159520000000016e+23 5.774405810304358541e-27 8.101869500803882032e-12 9.093100949659959961e-09 5.868161041970906995e-03 4.103886082055724671e+01 1.269269162754452250e+15 8.335839927667599582e-06
1.550900159999999927e+23 5.771634760641217073e-27 8.097981536658556855e-12 9.093100950312742777e-09 5.865345000595776140e-03 4.105199535733559202e+01 1.269942634183241500e+15 8.335839927667599582e-06
1.551640799999999837e+23 5.768865040762574552e-27 8.094095438287967693e-12 9.093100950959288650e-09 5.862530310595980704e-03 4.106513409783899249e+01 1.270616105612078000e+15 8.335839927667599582e-06
1.552381440000000084e+23 5.766096650030253203e-27 8.090211204796709304e-12 9.093100951599655484e-09 5.859716971322982172e-03 4.107827704341298869e+01 1.271289577040961500e+15 8.335839927667599582e-06
1.553122079999999995e+23 5.763329587806423936e-27 8.086328835289865969e-12 9.093100952233906145e-09 5.856904982128595047e-03 4.109142419540339830e+01 1.271963048469891000e+15 8.335839927667599582e-06
1.553862719999999906e+23 5.760563853453561149e-27 8.082448328872945254e-12 9.093100952862095227e-09 5.854094342364941743e-03 4.110457555515645112e+01 1.272636519898866000e+15 8.335839927667599582e-06
1.554603360000000152e+23 5.757799446334441293e-27 8.078569684651884470e-12 9.093100953484285594e-09 5.851285051384453456e-03 4.111773112401885300e+01 1.273309991327886750e+15 8.335839927667599582e-06
1.555344000000000063e+23 5.755036365812148612e-27 8.074692901733047444e-12 9.093100954100528533e-09 5.848477108539873633e-03 4.113089090333772191e+01 1.273983462756952000e+15 8.335839927667599582e-06
1.556084639999999974e+23 5.752274611250070119e-27 8.070817979223221284e-12 9.093100954710885255e-09 5.845670513184251897e-03 4.114405489446061637e+01 1.274656934186061500e+15 8.335839927667599582e-06
1.556825279999999885e+23 5.749514182011898467e-27 8.066944916229629311e-12 9.093100955315410353e-09 5.842865264670950125e-03 4.115722309873551410e+01 1.275330405615215000e+15 8.335839927667599582e-06
1.557565920000000131e+23 5.746755077461628364e-27 8.063073711859914895e-12 9.093100955914158422e-09 5.840061362353637237e-03 4.117039551751086179e+01 1.276003877044412250e+15 8.335839927667599582e-06
1.558306560000000042e+23 5.743997296963563742e-27 8.059204365222151154e-12 9.093100956507190673e-09 5.837258805586294404e-03 4.118357215213551115e+01 1.276677348473652000e+15 8.335839927667599582e-06
1.559047199999999953e+23 5.741240839882309154e-27 8.055336875424839335e-12 9.093100957094551774e-09 5.834457593723210711e-03 4.119675300395876150e+01 1.277350819902934500e+15 8.335839927667599582e-06
1.559787839999999864e+23 5.738485705582774072e-27 8.051471241576903971e-12 9.093100957676302935e-09 5.831657726118984024e-03 4.120993807433034561e+01 1.278024291332259000e+15 8.335839927667599582e-06
1.560528480000000110e+23 5.735731893430171459e-27 8.047607462787699340e-12 9.093100958252497098e-09 5.828859202128520989e-03 4.122312736460043681e+01 1.278697762761625500e+15 8.335839927667599582e-06
1.561269120000000021e+23 5.732979402790025656e-27 8.043745538167014313e-12 9.093100958823185546e-09 5.826062021107043104e-03 4.123632087611961339e+01 1.279371234191033000e+15 8.335839927667599582e-06
1.562009759999999932e+23 5.730228233028157317e-27 8.039885466825052966e-12 9.093100959388419565e-09 5.823266182410075445e-03 4.124951861023891553e+01 1.280044705620481250e+15 8.335839927667599582e-06
1.562750399999999843e+23 5.727478383510694889e-27 8.036027247872450739e-12 9.093100959948255404e-09 5.820471685393454470e-03 4.126272056830980262e+01 1.280718177049969750e+15 8.335839927667599582e-06
1.563491040000000089e+23 5.724729853604070306e-27 8.032170880420271200e-12 9.093100960502742692e-09 5.817678529413324549e-03 4.127592675168417458e+01 1.281391648479498750e+15 8.335839927667599582e-06
1.564231680000000000e+23 5.721982642675024011e-27 8.028316363580010897e-12 9.093100961051932716e-09 5.814886713826145775e-03 4.128913716171432213e+01 1.282065119909067000e+15 8.335839927667599582e-06
1.564972319999999911e+23 5.719236750090596351e-27 8.024463696463584812e-12 9.093100961595875107e-09 5.812096237988680081e-03 4.130235179975302628e+01 1.282738591338674500e+15 8.335839927667599582e-06
1.565712960000000157e+23 5.716492175218132590e-27 8.020612878183337676e-12 9.093100962134619494e-09 5.809307101258001649e-03 4.131557066715345883e+01 1.283412062768321000e+15 8.335839927667599582e-06
1.566453600000000068e+23 5.713748917425287225e-27 8.016763907852047196e-12 9.093100962668218818e-09 5.806519302991496913e-03 4.132879376526922499e+01 1.284085534198005750e+15 8.335839927667599582e-06
1.567194239999999979e+23 5.711006976080013214e-27 8.012916784582909516e-12 9.093100963196717746e-09 5.803732842546858485e-03 4.134202109545437054e+01 1.284759005627728500e+15 8.335839927667599582e-06
1.567934879999999890e+23 5.708266350550572744e-27 8.009071507489553758e-12 9.093100963720169218e-09 5.800947719282089493e-03 4.135525265906333914e+01 1.285432477057488750e+15 8.335839927667599582e-06
1.568675520000000136e+23 5.705527040205526468e-27 8.005228075686032327e-12 9.093100964238619557e-09 5.798163932555500111e-03 4.136848845745105052e+01 1.286105948487286750e+15 8.335839927667599582e-06
1.569416160000000047e+23 5.702789044413750006e-27 8.001386488286833838e-12 9.093100964752113428e-09 5.795381481725717099e-03 4.138172849197278680e+01 1.286779419917121500e+15 8.335839927667599582e-06
1.570156799999999958e+23 5.700052362544412419e-27 7.997546744406862109e-12 9.093100965260703774e-09 5.792600366151668193e-03 4.139497276398432035e+01 1.287452891346992500e+15 8.335839927667599582e-06
1.570897439999999869e+23 5.697316993966993432e-27 7.993708843161455555e-12 9.093100965764436914e-09 5.789820585192595979e-03 4.140822127484180015e+01 1.288126362776900000e+15 8.335839927667599582e-06
1.571638080000000115e+23 5.694582938051275542e-27 7.989872783666379102e-12 9.093100966263354210e-09 5.787042138208050093e-03 4.142147402590182281e+01 1.288799834206843750e+15 8.335839927667599582e-06
1.572378720000000026e+23 5.691850194167347599e-27 7.986038565037824194e-12 9.093100966757506945e-09 5.784265024557891550e-03 4.143473101852140417e+01 1.289473305636822500e+15 8.335839927667599582e-06
1.573119359999999937e+23 5.689118761685601226e-27 7.982206186392408788e-12 9.093100967246938132e-09 5.781489243602290148e-03 4.144799225405798637e+01 1.290146777066836750e+15 8.335839927667599582e-06
1.573859999999999848e+23 5.686388639976732252e-27 7.978375646847180588e-12 9.093100967731694096e-09 5.778714794701723598e-03 4.146125773386943081e+01 1.290820248496885500e+15 8.335839927667599582e-06
1.574600640000000094e+23 5.683659828411719184e-27 7.974546945519579887e-12 9.093100968211816193e-09 5.775941677216957573e-03 4.147452745931413176e+01 1.291493719926969500e+15 8.335839927667599582e-06
1.575341280000000005e+23 5.680932326361807429e-27 7.970720081527421791e-12 9.093100968687352401e-09 5.773169890509028367e-03 4.148780143175108748e+01 1.292167191357087000e+15 8.335839927667599582e-06
1.576081919999999916e+23 5.678206133198583189e-27 7.966895053989001239e-12 9.093100969158345733e-09 5.770399433939320082e-03 4.150107965253953068e+01 1.292840662787238750e+15 8.335839927667599582e-06
1.576822560000000163e+23 5.675481248293934716e-27 7.963071862023038067e-12 9.093100969624839202e-09 5.767630306869522133e-03 4.151436212303915596e+01 1.293514134217424500e+15 8.335839927667599582e-06
1.577563200000000073e+23 5.672757671020054471e-27 7.959250504748673779e-12 9.093100970086875823e-09 5.764862508661633585e-03 4.152764884461004158e+01 1.294187605647643000e+15 8.335839927667599582e-06
1.578303839999999984e+23 5.670035400749430508e-27 7.955430981285471549e-12 9.093100970544496953e-09 5.762096038677954474e-03 4.154093981861275608e+01 1.294861077077894500e+15 8.335839927667599582e-06
1.579044479999999895e+23 5.667314436854854370e-27 7.951613290753414603e-12 9.093100970997745607e-09 5.759330896281091884e-03 4.155423504640829435e+01 1.295534548508179000e+15 8.335839927667599582e-06
1.579785120000000142e+23 5.664594778709412477e-27 7.947797432272901373e-12 9.093100971446664797e-09 5.756567080833953874e-03 4.156753452935809889e+01 1.296208019938496000e+15 8.335839927667599582e-06
1.580525760000000052e+23 5.661876425686498324e-27 7.943983404964764882e-12 9.093100971891295883e-09 5.753804591699760752e-03 4.158083826882401013e+01 1.296881491368845000e+15 8.335839927667599582e-06
1.581266399999999963e+23 5.659159377159799567e-27 7.940171207950245285e-12 9.093100972331678569e-09 5.751043428242030332e-03 4.159414626616838007e+01 1.297554962799226000e+15 8.335839927667599582e-06
1.582007039999999874e+23 5.656443632503307350e-27 7.936360840351012479e-12 9.093100972767852561e-09 5.748283589824590076e-03 4.160745852275392309e+01 1.298228434229638500e+15 8.335839927667599582e-06
1.582747680000000121e+23 5.653729191091309130e-27 7.932552301289151569e-12 9.093100973199862525e-09 5.745525075811568419e-03 4.162077503994386518e+01 1.298901905660082750e+15 8.335839927667599582e-06
1.583488320000000031e+23 5.651016052298399437e-27 7.928745589887174175e-12 9.093100973627743203e-09 5.742767885567404314e-03 4.163409581910179469e+01 1.299575377090557750e+15 8.335839927667599582e-06
1.584228959999999942e+23 5.648304215499464094e-27 7.924940705268008738e-12 9.093100974051534301e-09 5.740012018456835952e-03 4.164742086159179024e+01 1.300248848521063500e+15 8.335839927667599582e-06
1.584969599999999853e+23 5.645593680069694564e-27 7.921137646555005368e-12 9.093100974471275522e-09 5.737257473844908570e-03 4.166075016877837101e+01 1.300922319951600000e+15 8.335839927667599582e-06
1.585710240000000100e+23 5.642884445384580773e-27 7.917336412871934226e-12 9.093100974887009881e-09 5.734504251096972718e-03 4.167408374202644694e+01 1.301595791382167250e+15 8.335839927667599582e-06
1.586450880000000010e+23 5.640176510819913267e-27 7.913537003342991990e-12 9.093100975298770463e-09 5.731752349578685124e-03 4.168742158270140408e+01 1.302269262812764250e+15 8.335839927667599582e-06
1.587191519999999921e+23 5.637469875751782491e-27 7.909739417092790542e-12 9.093100975706598629e-09 5.729001768656004356e-03 4.170076369216903345e+01 1.302942734243391250e+15 8.335839927667599582e-06
1.587932160000000168e+23 5.634764539556576639e-27 7.905943653246361819e-12 9.093100976110527466e-09 5.726252507695195164e-03 4.171411007179558084e+01 1.303616205674048000e+15 8.335839927667599582e-06
1.588672800000000079e+23 5.632060501610988110e-27 7.902149710929164270e-12 9.093100976510599987e-09 5.723504566062828473e-03 4.172746072294771835e+01 1.304289677104734250e+15 8.335839927667599582e-06
1.589413439999999990e+23 5.629357761292006333e-27 7.898357589267076400e-12 9.093100976906849279e-09 5.720757943125779656e-03 4.174081564699255154e+01 1.304963148535449750e+15 8.335839927667599582e-06
1.590154079999999900e+23 5.626656317976921353e-27 7.894567287386390301e-12 9.093100977299311738e-09 5.718012638251226791e-03 4.175417484529761936e+01 1.305636619966194250e+15 8.335839927667599582e-06
1.590894720000000147e+23 5.623956171043323120e-27 7.890778804413827814e-12 9.093100977688023760e-09 5.715268650806655006e-03 4.176753831923089422e+01 1.306310091396967750e+15 8.335839927667599582e-06
1.591635360000000058e+23 5.621257319869103631e-27 7.886992139476527599e-12 9.093100978073026704e-09 5.712525980159854737e-03 4.178090607016077485e+01 1.306983562827770000e+15 8.335839927667599582e-06
1.592375999999999969e+23 5.618559763832451917e-27 7.883207291702049986e-12 9.093100978454348695e-09 5.709784625678919999e-03 4.179427809945608630e+01 1.307657034258600500e+15 8.335839927667599582e-06
1.593116639999999879e+23 5.615863502311857627e-27 7.879424260218375357e-12 9.093100978832026128e-09 5.707044586732249250e-03 4.180765440848610126e+01 1.308330505689459250e+15 8.335839927667599582e-06
1.593857280000000126e+23 5.613168534686111742e-27 7.875643044153907379e-12 9.093100979206097053e-09 5.704305862688547127e-03 4.182103499862050455e+01 1.309003977120346500e+15 8.335839927667599582e-06
1.594597920000000037e+23 5.610474860334305865e-27 7.871863642637468154e-12 9.093100979576592904e-09 5.701568452916823578e-03 4.183441987122940731e+01 1.309677448551261500e+15 8.335839927667599582e-06
1.595338559999999948e+23 5.607782478635830062e-27 7.868086054798304685e-12 9.093100979943550076e-09 5.698832356786392994e-03 4.184780902768336830e+01 1.310350919982204250e+15 8.335839927667599582e-06
1.596079199999999858e+23 5.605091388970373581e-27 7.864310279766079180e-12 9.093100980306998348e-09 5.696097573666872478e-03 4.186120246935335842e+01 1.311024391413174750e+15 8.335839927667599582e-06
1.596819840000000105e+23 5.602401590717927724e-27 7.860536316670877130e-12 9.093100980666975770e-09 5.693364102928186177e-03 4.187460019761077490e+01 1.311697862844172750e+15 8.335839927667599582e-06
1.597560480000000016e+23 5.599713083258769345e-27 7.856764164643187927e-12 9.093100981023515429e-09 5.690631943940550538e-03 4.188800221382752653e+01 1.312371334275198000e+15 8.335839927667599582e-06
1.598301119999999927e+23 5.597025865973425690e-27 7.852993822813849924e-12 9.093100981376648759e-09 5.687901096074432679e-03 4.190140851937616873e+01 1.313044805706250500e+15 8.335839927667599582e-06
1.599041759999999837e+23 5.594339938242760499e-27 7.849225290314176460e-12 9.093100981726407192e-09 5.685171558700645791e-03 4.191481911562952689e+01 1.313718277137330000e+15 8.335839927667599582e-06
1.599782400000000084e+23 5.591655299447941717e-27 7.845458566275902542e-12 9.093100982072823815e-09 5.682443331190309248e-03 4.192823400396081013e+01 1.314391748568436500e+15 8.335839927667599582e-06
1.600523039999999995e+23 5.588971948970432882e-27 7.841693649831184845e-12 9.093100982415931715e-09 5.679716412914844262e-03 4.194165318574368939e+01 1.315065219999569750e+15 8.335839927667599582e-06
1.601263679999999906e+23 5.586289886191989543e-27 7.837930540112582325e-12 9.093100982755759018e-09 5.676990803245967818e-03 4.195507666235228328e+01 1.315738691430729750e+15 8.335839927667599582e-06
1.602004320000000152e+23 5.583609110494665713e-27 7.834169236253077222e-12 9.093100983092342118e-09 5.674266501555701343e-03 4.196850443516115803e+01 1.316412162861916500e+15 8.335839927667599582e-06
1.602744960000000063e+23 5.580929621260810999e-27 7.830409737386066981e-12 9.093100983425710794e-09 5.671543507216365507e-03 4.198193650554532041e+01 1.317085634293129500e+15 8.335839927667599582e-06
1.603485599999999974e+23 5.578251417873070607e-27 7.826652042645359408e-12 9.093100983755891516e-09 5.668821819600581950e-03 4.199537287488020354e+01 1.317759105724368750e+15 8.335839927667599582e-06
1.604226239999999885e+23 5.575574499714383183e-27 7.822896151165180744e-12 9.093100984082919025e-09 5.666101438081270689e-03 4.200881354454172367e+01 1.318432577155634250e+15 8.335839927667599582e-06
1.604966880000000131e+23 5.572898866167982253e-27 7.819142062080165976e-12 9.093100984406819792e-09 5.663382362031651844e-03 4.202225851590621630e+01 1.319106048586926250e+15 8.335839927667599582e-06
1.605707520000000042e+23 5.570224516617404113e-27 7.815389774525374987e-12 9.093100984727628558e-09 5.660664590825251717e-03 4.203570779035045035e+01 1.319779520018244250e+15 8.335839927667599582e-06
1.606448159999999953e+23 5.567551450446471325e-27 7.811639287636271560e-12 9.093100985045373447e-09 5.657948123835888909e-03 4.204916136925165659e+01 1.320452991449587750e+15 8.335839927667599582e-06
1.607188799999999864e+23 5.564879667039309942e-27 7.807890600548742760e-12 9.093100985360080928e-09 5.655232960437689069e-03 4.206261925398749213e+01 1.321126462880954750e+15 8.335839927667599582e-06
1.607929440000000110e+23 5.562209165780333719e-27 7.804143712399082781e-12 9.093100985671780781e-09 5.652519100005071878e-03 4.207608144593606880e+01 1.321799934312344000e+15 8.335839927667599582e-06
1.608670080000000021e+23 5.559539946054259180e-27 7.800398622324007485e-12 9.093100985980502783e-09 5.649806541912764067e-03 4.208954794647592479e+01 1.322473405743754500e+15 8.335839927667599582e-06
1.609410719999999932e+23 5.556872007246094858e-27 7.796655329460644708e-12 9.093100986286276714e-09 5.647095285535789003e-03 4.210301875698605301e+01 1.323146877175186500e+15 8.335839927667599582e-06
1.610151359999999843e+23 5.554205348741146319e-27 7.792913832946535877e-12 9.093100986589125735e-09 5.644385330249471026e-03 4.211649387884585849e+01 1.323820348606639750e+15 8.335839927667599582e-06
1.610892000000000089e+23 5.551539969925011132e-27 7.789174131919636008e-12 9.093100986889087894e-09 5.641676675429431985e-03 4.212997331343523655e+01 1.324493820038114750e+15 8.335839927667599582e-06
1.611632640000000000e+23 5.548875870183588206e-27 7.785436225518318557e-12 9.093100987186178083e-09 5.638969320451601638e-03 4.214345706213444487e+01 1.325167291469610250e+15 8.335839927667599582e-06
1.612373279999999911e+23 5.546213048903068455e-27 7.781700112881372183e-12 9.093100987480434351e-09 5.636263264692202915e-03 4.215694512632424562e+01 1.325840762901126750e+15 8.335839927667599582e-06
1.613113920000000157e+23 5.543551505469936238e-27 7.777965793147992674e-12 9.093100987771873242e-09 5.633558507527760585e-03 4.217043750738581309e+01 1.326514234332664250e+15 8.335839927667599582e-06
1.613854560000000068e+23 5.540891239270979400e-27 7.774233265457805565e-12 9.093100988060532806e-09 5.630855048335104730e-03 4.218393420670073368e+01 1.327187705764222250e+15 8.335839927667599582e-06
1.614595199999999979e+23 5.538232249693271340e-27 7.770502528950830592e-12 9.093100988346432896e-09 5.628152886491358600e-03 4.219743522565108407e+01 1.327861177195800500e+15 8.335839927667599582e-06
1.615335839999999890e+23 5.535574536124188941e-27 7.766773582767518855e-12 9.093100988629601635e-09 5.625452021373950756e-03 4.221094056561931751e+01 1.328534648627399000e+15 8.335839927667599582e-06
1.616076480000000136e+23 5.532918097951398226e-27 7.763046426048728582e-12 9.093100988910063839e-09 5.622752452360606397e-03 4.222445022798837755e+01 1.329208120059018000e+15 8.335839927667599582e-06
1.616817120000000047e+23 5.530262934562868705e-27 7.759321057935738052e-12 9.093100989187849286e-09 5.620054178829356900e-03 4.223796421414158431e+01 1.329881591490656500e+15 8.335839927667599582e-06
1.617557759999999958e+23 5.527609045346858311e-27 7.755597477570232673e-12 9.093100989462977830e-09 5.617357200158528546e-03 4.225148252546272687e+01 1.330555062922315250e+15 8.335839927667599582e-06
1.618298399999999869e+23 5.524956429691924157e-27 7.751875684094319520e-12 9.093100989735480902e-09 5.614661515726750325e-03 4.226500516333602064e+01 1.331228534353993250e+15 8.335839927667599582e-06
1.619039040000000115e+23 5.522305086986915366e-27 7.748155676650512798e-12 9.093100990005378356e-09 5.611967124912948732e-03 4.227853212914612158e+01 1.331902005785691250e+15 8.335839927667599582e-06
1.619779680000000026e+23 5.519655016620983112e-27 7.744437454381753227e-12 9.093100990272696660e-09 5.609274027096357307e-03 4.229206342427808352e+01 1.332575477217408500e+15 8.335839927667599582e-06
1.620520319999999937e+23 5.517006217983560534e-27 7.740721016431374111e-12 9.093100990537462285e-09 5.606582221656494953e-03 4.230559905011747190e+01 1.333248948649145000e+15 8.335839927667599582e-06
1.621260959999999848e+23 5.514358690464323993e-27 7.737006361943052880e-12 9.093100990799698391e-09 5.603891707973129507e-03 4.231913900805053430e+01 1.333922420080900250e+15 8.335839927667599582e-06
1.622001600000000094e+23 5.511712433453278445e-27 7.733293490060922553e-12 9.093100991059428140e-09 5.601202485426361004e-03 4.233268329946380248e+01 1.334595891512675000e+15 8.335839927667599582e-06
1.622742240000000005e+23 5.509067446340733054e-27 7.729582399929552363e-12 9.093100991316676348e-09 5.598514553396599994e-03 4.234623192574415640e+01 1.335269362944468250e+15 8.335839927667599582e-06
1.623482879999999916e+23 5.506423728517283969e-27 7.725873090693905744e-12 9.093100991571467829e-09 5.595827911264548461e-03 4.235978488827897337e+01 1.335942834376280250e+15 8.335839927667599582e-06
1.624223520000000163e+23 5.503781279373820066e-27 7.722165561499359719e-12 9.093100991823824090e-09 5.593142558411205029e-03 4.237334218845608547e+01 1.336616305808111000e+15 8.335839927667599582e-06
1.624964160000000073e+23 5.501140098301522227e-27 7.718459811491703289e-12 9.093100992073769947e-09 5.590458494217865823e-03 4.238690382766373688e+01 1.337289777239959750e+15 8.335839927667599582e-06
1.625704799999999984e+23 5.498500184691862626e-27 7.714755839817129348e-12 9.093100992321326906e-09 5.587775718066121874e-03 4.240046980729066206e+01 1.337963248671827000e+15 8.335839927667599582e-06
1.626445439999999895e+23 5.495861537936601139e-27 7.711053645622241152e-12 9.093100992566519784e-09 5.585094229337859116e-03 4.241404012872600759e+01 1.338636720103712000e+15 8.335839927667599582e-06
1.627186080000000142e+23 5.493224157427792523e-27 7.707353228054045853e-12 9.093100992809368431e-09 5.582414027415260119e-03 4.242761479335940322e+01 1.339310191535615500e+15 8.335839927667599582e-06
1.627926720000000052e+23 5.490588042557784258e-27 7.703654586259972270e-12 9.093100993049899318e-09 5.579735111680806693e-03 4.244119380258089080e+01 1.339983662967536500e+15 8.335839927667599582e-06
1.628667359999999963e+23 5.487953192719210093e-27 7.699957719387841812e-12 9.093100993288128989e-09 5.577057481517271216e-03 4.245477715778098826e+01 1.340657134399475000e+15 8.335839927667599582e-06
1.629407999999999874e+23 5.485319607304996503e-27 7.696262626585895939e-12 9.093100993524083913e-09 5.574381136307724437e-03 4.246836486035065406e+01 1.341330605831431250e+15 8.335839927667599582e-06
1.630148640000000121e+23 5.482687285708364123e-27 7.692569307002778393e-12 9.093100993757785597e-09 5.571706075435532875e-03 4.248195691168127297e+01 1.342004077263405000e+15 8.335839927667599582e-06
1.630889280000000031e+23 5.480056227322822011e-27 7.688877759787544889e-12 9.093100993989255548e-09 5.569032298284360555e-03 4.249555331316469164e+01 1.342677548695395750e+15 8.335839927667599582e-06
1.631629919999999942e+23 5.477426431542171229e-27 7.685187984089658272e-12 9.093100994218513618e-09 5.566359804238165537e-03 4.250915406619321146e+01 1.343351020127403750e+15 8.335839927667599582e-06
1.632370559999999853e+23 5.474797897760504135e-27 7.681499979058990130e-12 9.093100994445578005e-09 5.563688592681201653e-03 4.252275917215954593e+01 1.344024491559428750e+15 8.335839927667599582e-06
1.633111200000000100e+23 5.472170625372202221e-27 7.677813743845819178e-12 9.093100994670476833e-09 5.561018662998018502e-03 4.253636863245689170e+01 1.344697962991470750e+15 8.335839927667599582e-06
1.633851840000000010e+23 5.469544613771944010e-27 7.674129277600836107e-12 9.093100994893224991e-09 5.558350014573464927e-03 4.254998244847885047e+01 1.345371434423529250e+15 8.335839927667599582e-06
1.634592479999999921e+23 5.466919862354692144e-27 7.670446579475138736e-12 9.093100995113845641e-09 5.555682646792681201e-03 4.256360062161949287e+01 1.346044905855604250e+15 8.335839927667599582e-06
1.635333119999999832e+23 5.464296370515704140e-27 7.666765648620232011e-12 9.093100995332356980e-09 5.553016559041105971e-03 4.257722315327333007e+01 1.346718377287695750e+15 8.335839927667599582e-06
1.636073760000000079e+23 5.461674137650526655e-27 7.663086484188028006e-12 9.093100995548782170e-09 5.550351750704471919e-03 4.259085004483529246e+01 1.347391848719804000e+15 8.335839927667599582e-06
1.636814399999999990e+23 5.459053163155003376e-27 7.659409085330855616e-12 9.093100995763139409e-09 5.547688221168811835e-03 4.260448129770077230e+01 1.348065320151928000e+15 8.335839927667599582e-06
1.637555039999999900e+23 5.456433446425262105e-27 7.655733451201441173e-12 9.093100995975448548e-09 5.545025969820450810e-03 4.261811691326558815e+01 1.348738791584068000e+15 8.335839927667599582e-06
1.638295680000000147e+23 5.453814986857722653e-27 7.652059580952926213e-12 9.093100996185727785e-09 5.542364996046007970e-03 4.263175689292602044e+01 1.349412263016224500e+15 8.335839927667599582e-06
1.639036320000000058e+23 5.451197783849102580e-27 7.648387473738862630e-12 9.093100996394001938e-09 5.539705299232406017e-03 4.264540123807874750e+01 1.350085734448396250e+15 8.335839927667599582e-06
1.639776959999999969e+23 5.448581836796402842e-27 7.644717128713202986e-12 9.093100996600280930e-09 5.537046878766854752e-03 4.265904995012093792e+01 1.350759205880583500e+15 8.335839927667599582e-06
1.640517599999999879e+23 5.445967145096920712e-27 7.641048545030318278e-12 9.093100996804592887e-09 5.534389734036865814e-03 4.267270303045015112e+01 1.351432677312786500e+15 8.335839927667599582e-06
1.641258240000000126e+23 5.443353708148240444e-27 7.637381721844976940e-12 9.093100997006951043e-09 5.531733864430243147e-03 4.268636048046441545e+01 1.352106148745005250e+15 8.335839927667599582e-06
1.641998880000000037e+23 5.440741525348241891e-27 7.633716658312369071e-12 9.093100997207378560e-09 5.529079269335089933e-03 4.270002230156217138e+01 1.352779620177239000e+15 8.335839927667599582e-06
1.642739519999999948e+23 5.438130596095094044e-27 7.630053353588082206e-12 9.093100997405887018e-09 5.526425948139803389e-03 4.271368849514230703e+01 1.353453091609487750e+15 8.335839927667599582e-06
1.643480159999999858e+23 5.435520919787251444e-27 7.626391806828111010e-12 9.093100997602502886e-09 5.523773900233072166e-03 4.272735906260417238e+01 1.354126563041751500e+15 8.335839927667599582e-06
1.644220800000000105e+23 5.432912495823408264e-27 7.622732017188782955e-12 9.093100997797239401e-09 5.521123125003826043e-03 4.274103400534783503e+01 1.354800034474030500e+15 8.335839927667599582e-06
1.644961440000000016e+23 5.430305323602577235e-27 7.619073983826873033e-12 9.093100997990113104e-09 5.518473621841320925e-03 4.275471332477362552e+01 1.355473505906324000e+15 8.335839927667599582e-06
1.645702079999999927e+23 5.427699402524067397e-27 7.615417705899576289e-12 9.093100998181145503e-09 5.515825390135112825e-03 4.276839702228231488e+01 1.356146977338632000e+15 8.335839927667599582e-06
1.646442719999999837e+23 5.425094731987478367e-27 7.611763182564486817e-12 9.093100998370353142e-09 5.513178429275052660e-03 4.278208509927509340e+01 1.356820448770954750e+15 8.335839927667599582e-06
1.647183360000000084e+23 5.422491311392693875e-27 7.608110412979604224e-12 9.093100998557754219e-09 5.510532738651280175e-03 4.279577755715360610e+01 1.357493920203292000e+15 8.335839927667599582e-06
1.647923999999999995e+23 5.419889140139888943e-27 7.604459396303333628e-12 9.093100998743361968e-09 5.507888317654231758e-03 4.280947439731996695e+01 1.358167391635643250e+15 8.335839927667599582e-06
1.648664639999999906e+23 5.417288217629521992e-27 7.600810131694480814e-12 9.093100998927197896e-09 5.505245165674631756e-03 4.282317562117671628e+01 1.358840863068008750e+15 8.335839927667599582e-06
1.649405280000000152e+23 5.414688543262336276e-27 7.597162618312249002e-12 9.093100999109278547e-09 5.502603282103493351e-03 4.283688123012689886e+01 1.359514334500388500e+15 8.335839927667599582e-06
1.650145920000000063e+23 5.412090116439368491e-27 7.593516855316253385e-12 9.093100999289617155e-09 5.499962666332128096e-03 4.285059122557395739e+01 1.360187805932781750e+15 8.335839927667599582e-06
1.650886559999999974e+23 5.409492936561937300e-27 7.589872841866503360e-12 9.093100999468233573e-09 5.497323317752134640e-03 4.286430560892180353e+01 1.360861277365188750e+15 8.335839927667599582e-06
1.651627199999999885e+23 5.406897003031648347e-27 7.586230577123415452e-12 9.093100999645144345e-09 5.494685235755403067e-03 4.287802438157482499e+01 1.361534748797609500e+15 8.335839927667599582e-06
1.652367840000000131e+23 5.404302315250394267e-27 7.582590060247800390e-12 9.093100999820364360e-09 5.492048419734114027e-03 4.289174754493785713e+01 1.362208220230044250e+15 8.335839927667599582e-06
1.653108480000000042e+23 5.401708872620358983e-27 7.578951290400888954e-12 9.093100999993910161e-09 5.489412869080745674e-03 4.290547510041612611e+01 1.362881691662492000e+15 8.335839927667599582e-06
1.653849119999999953e+23 5.399116674544006946e-27 7.575314266744296435e-12 9.093101000165798293e-09 5.486778583188061525e-03 4.291920704941538389e+01 1.363555163094953000e+15 8.335839927667599582e-06
1.654589759999999864e+23 5.396525720424093183e-27 7.571678988440051715e-12 9.093101000336045298e-09 5.484145561449118265e-03 4.293294339334180165e+01 1.364228634527427250e+15 8.335839927667599582e-06
1.655330400000000110e+23 5.393936009663658269e-27 7.568045454650577876e-12 9.093101000504664411e-09 5.481513803257264013e-03 4.294668413360199821e+01 1.364902105959915000e+15 8.335839927667599582e-06
1.656071040000000021e+23 5.391347541666031201e-27 7.564413664538708364e-12 9.093101000671672177e-09 5.478883308006140922e-03 4.296042927160302582e+01 1.365575577392415000e+15 8.335839927667599582e-06
1.656811679999999932e+23 5.388760315834826529e-27 7.560783617267677286e-12 9.093101000837085138e-09 5.476254075089679978e-03 4.297417880875239149e+01 1.366249048824928250e+15 8.335839927667599582e-06
1.657552319999999843e+23 5.386174331573945785e-27 7.557155312001116186e-12 9.093101001000916530e-09 5.473626103902104467e-03 4.298793274645807827e+01 1.366922520257454000e+15 8.335839927667599582e-06
1.658292960000000089e+23 5.383589588287577491e-27 7.553528747903063736e-12 9.093101001163182897e-09 5.470999393837928243e-03 4.300169108612849556e+01 1.367595991689992750e+15 8.335839927667599582e-06
1.659033600000000000e+23 5.381006085380197870e-27 7.549903924137960888e-12 9.093101001323900781e-09 5.468373944291959193e-03 4.301545382917248617e+01 1.368269463122543750e+15 8.335839927667599582e-06
1.659774239999999911e+23 5.378423822256567978e-27 7.546280839870649260e-12 9.093101001483081764e-09 5.465749754659294038e-03 4.302922097699934056e+01 1.368942934555107000e+15 8.335839927667599582e-06
1.660514880000000157e+23 5.375842798321738011e-27 7.542659494266374367e-12 9.093101001640740734e-09 5.463126824335322665e-03 4.304299253101881106e+01 1.369616405987683000e+15 8.335839927667599582e-06
1.661255520000000068e+23 5.373263012981044433e-27 7.539039886490784005e-12 9.093101001796895890e-09 5.460505152715726396e-03 4.305676849264108341e+01 1.370289877420270500e+15 8.335839927667599582e-06
1.661996159999999979e+23 5.370684465640109976e-27 7.535422015709929868e-12 9.093101001951558812e-09 5.457884739196477986e-03 4.307054886327677679e+01 1.370963348852870250e+15 8.335839927667599582e-06
1.662736799999999890e+23 5.368107155704845075e-27 7.531805881090264314e-12 9.093101002104741081e-09 5.455265583173841623e-03 4.308433364433697221e+01 1.371636820285482000e+15 8.335839927667599582e-06
1.663477440000000136e+23 5.365531082581444283e-27 7.528191481798638751e-12 9.093101002256462549e-09 5.452647684044370328e-03 4.309812283723319126e+01 1.372310291718106000e+15 8.335839927667599582e-06
1.664218080000000047e+23 5.362956245676394159e-27 7.524578817002316563e-12 9.093101002406734797e-09 5.450031041204914627e-03 4.311191644337737472e+01 1.372983763150741250e+15 8.335839927667599582e-06
1.664958719999999958e+23 5.360382644396465380e-27 7.520967885868955336e-12 9.093101002555569404e-09 5.447415654052613007e-03 4.312571446418192522e+01 1.373657234583388000e+15 8.335839927667599582e-06
1.665699359999999869e+23 5.357810278148712736e-27 7.517358687566616553e-12 9.093101002702986224e-09 5.444801521984893658e-03 4.313951690105967174e+01 1.374330706016046250e+15 8.335839927667599582e-06
1.666440000000000115e+23 5.355239146340480159e-27 7.513751221263763980e-12 9.093101002848990220e-09 5.442188644399477068e-03 4.315332375542391219e+01 1.375004177448716500e+15 8.335839927667599582e-06
1.667180640000000026e+23 5.352669248379349777e-27 7.510145486129199038e-12 9.093101002993601243e-09 5.439577020694327456e-03 4.316713502868861951e+01 1.375677648881397500e+15 8.335839927667599582e-06
1.667921279999999937e+23 5.350100583673201467e-27 7.506541481332133509e-12 9.093101003136830875e-09 5.436966650267710012e-03 4.318095072226815034e+01 1.376351120314089500e+15 8.335839927667599582e-06
1.668661919999999848e+23 5.347533151630217158e-27 7.502939206042212152e-12 9.093101003278690696e-09 5.434357532518198711e-03 4.319477083757721658e+01 1.377024591746793000e+15 8.335839927667599582e-06
1.669402560000000094e+23 5.344966951658864330e-27 7.499338659429473928e-12 9.093101003419192286e-09 5.431749666844655489e-03 4.320859537603098488e+01 1.377698063179507500e+15 8.335839927667599582e-06
1.670143200000000005e+23 5.342401983167893145e-27 7.495739840664356849e-12 9.093101003558355498e-09 5.429143052646231982e-03 4.322242433904506953e+01 1.378371534612232500e+15 8.335839927667599582e-06
1.670883839999999916e+23 5.339838245566334292e-27 7.492142748917693131e-12 9.093101003696190258e-09 5.426537689322362586e-03 4.323625772803556799e+01 1.379045006044968250e+15 8.335839927667599582e-06
1.671624480000000163e+23 5.337275738263500426e-27 7.488547383360709193e-12 9.093101003832704837e-09 5.423933576272770528e-03 4.325009554441901116e+01 1.379718477477715250e+15 8.335839927667599582e-06
1.672365120000000073e+23 5.334714460668991186e-27 7.484953743165035349e-12 9.093101003967917435e-09 5.421330712897468734e-03 4.326393778961239889e+01 1.380391948910472250e+15 8.335839927667599582e-06
1.673105759999999984e+23 5.332154412192686023e-27 7.481361827502691271e-12 9.093101004101837976e-09 5.418729098596754626e-03 4.327778446503319998e+01 1.381065420343239750e+15 8.335839927667599582e-06
1.673846399999999895e+23 5.329595592244744199e-27 7.477771635546095682e-12 9.093101004234479696e-09 5.416128732771212720e-03 4.329163557209932378e+01 1.381738891776017500e+15 8.335839927667599582e-06
1.674587040000000142e+23 5.327038000235611246e-27 7.474183166468061506e-12 9.093101004365850866e-09 5.413529614821713763e-03 4.330549111222915570e+01 1.382412363208806000e+15 8.335839927667599582e-06
1.675327680000000052e+23 5.324481635576016809e-27 7.470596419441805566e-12 9.093101004495969685e-09 5.410931744149421671e-03 4.331935108684149327e+01 1.383085834641604250e+15 8.335839927667599582e-06
1.676068319999999963e+23 5.321926497676969631e-27 7.467011393640935654e-12 9.093101004624846079e-09 5.408335120155781384e-03 4.333321549735562428e+01 1.383759306074412500e+15 8.335839927667599582e-06
1.676808959999999874e+23 5.319372585949762566e-27 7.463428088239455385e-12 9.093101004752488319e-09 5.405739742242527540e-03 4.334708434519129128e+01 1.384432777507230750e+15 8.335839927667599582e-06
1.677549600000000121e+23 5.316819899805969001e-27 7.459846502411762574e-12 9.093101004878912950e-09 5.403145609811679274e-03 4.336095763176870577e+01 1.385106248940059250e+15 8.335839927667599582e-06
1.678290240000000031e+23 5.314268438657449306e-27 7.456266635332662164e-12 9.093101005004129897e-09 5.400552722265548021e-03 4.337483535850847716e+01 1.385779720372897250e+15 8.335839927667599582e-06
1.679030879999999942e+23 5.311718201916342948e-27 7.452688486177345227e-12 9.093101005128149086e-09 5.397961079006728842e-03 4.338871752683170513e+01 1.386453191805744750e+15 8.335839927667599582e-06
1.679771519999999853e+23 5.309169188995073507e-27 7.449112054121405111e-12 9.093101005250983753e-09 5.395370679438104763e-03 4.340260413815994411e+01 1.387126663238601750e+15 8.335839927667599582e-06
1.680512160000000100e+23 5.306621399306345811e-27 7.445537338340824525e-12 9.093101005372645477e-09 5.392781522962845041e-03 4.341649519391519618e+01 1.387800134671468500e+15 8.335839927667599582e-06
1.681252800000000010e+23 5.304074832263149521e-27 7.441964338011993303e-12 9.093101005493145840e-09 5.390193608984408628e-03 4.343039069551991105e+01 1.388473606104344500e+15 8.335839927667599582e-06
1.681993439999999921e+23 5.301529487278755543e-27 7.438393052311690636e-12 9.093101005612493113e-09 5.387606936906539842e-03 4.344429064439697896e+01 1.389147077537229750e+15 8.335839927667599582e-06
1.682734080000000168e+23 5.298985363766716032e-27 7.434823480417091535e-12 9.093101005730700531e-09 5.385021506133269228e-03 4.345819504196975913e+01 1.389820548970124500e+15 8.335839927667599582e-06
1.683474720000000079e+23 5.296442461140868691e-27 7.431255621505771676e-12 9.093101005847779675e-09 5.382437316068917899e-03 4.347210388966204420e+01 1.390494020403027750e+15 8.335839927667599582e-06
1.684215359999999990e+23 5.293900778815332471e-27 7.427689474755704170e-12 9.093101005963738817e-09 5.379854366118091459e-03 4.348601718889808154e+01 1.391167491835940250e+15 8.335839927667599582e-06
1.684955999999999900e+23 5.291360316204509722e-27 7.424125039345253099e-12 9.093101006078589536e-09 5.377272655685684348e-03 4.349993494110255909e+01 1.391840963268861750e+15 8.335839927667599582e-06
1.685696640000000147e+23 5.288821072723081886e-27 7.420562314453179979e-12 9.093101006192345068e-09 5.374692184176874631e-03 4.351385714770063373e+01 1.392514434701792250e+15 8.335839927667599582e-06
1.686437280000000058e+23 5.286283047786018109e-27 7.417001299258651840e-12 9.093101006305012031e-09 5.372112950997133540e-03 4.352778381011787445e+01 1.393187906134731000e+15 8.335839927667599582e-06
1.687177919999999969e+23 5.283746240808567350e-27 7.413441992941218606e-12 9.093101006416605313e-09 5.369534955552215071e-03 4.354171492978032632e+01 1.393861377567678750e+15 8.335839927667599582e-06
1.687918559999999879e+23 5.281210651206261247e-27 7.409884394680837328e-12 9.093101006527129877e-09 5.366958197248161179e-03 4.355565050811446781e+01 1.394534849000634750e+15 8.335839927667599582e-06
1.688659200000000126e+23 5.278676278394914838e-27 7.406328503657856029e-12 9.093101006636600614e-09 5.364382675491301787e-03 4.356959054654721797e+01 1.395208320433599500e+15 8.335839927667599582e-06
1.689399840000000037e+23 5.276143121790625122e-27 7.402774319053020168e-12 9.093101006745022486e-09 5.361808389688253913e-03 4.358353504650595056e+01 1.395881791866572500e+15 8.335839927667599582e-06
1.690140479999999948e+23 5.273611180809731606e-27 7.399221840047417706e-12 9.093101006852410382e-09 5.359235339245880039e-03 4.359748400941868596e+01 1.396555263299553750e+15 8.335839927667599582e-06
1.690881119999999858e+23 5.271080454868851452e-27 7.395671065822522732e-12 9.093101006958770919e-09 5.356663523571325407e-03 4.361143743671394901e+01 1.397228734732543000e+15 8.335839927667599582e-06
1.691621760000000105e+23 5.268550943384908897e-27 7.392121995560242311e-12 9.093101007064115679e-09 5.354092942072048375e-03 4.362539532982054169e+01 1.397902206165540750e+15 8.335839927667599582e-06
1.692362400000000016e+23 5.266022645775109426e-27 7.388574628442879325e-12 9.093101007168452933e-09 5.351523594155790063e-03 4.363935769016771360e+01 1.398575677598546250e+15 8.335839927667599582e-06
1.693103039999999927e+23 5.263495561456933312e-27 7.385028963653117939e-12 9.093101007271795915e-09 5.348955479230574350e-03 4.365332451918522594e+01 1.399249149031559750e+15 8.335839927667599582e-06
1.693843679999999837e+23 5.260969689848140640e-27 7.381485000374038133e-12 9.093101007374151244e-09 5.346388596704707008e-03 4.366729581830328044e+01 1.399922620464581000e+15 8.335839927667599582e-06
1.694584320000000084e+23 5.258445030366769871e-27 7.377942737789109246e-12 9.093101007475528846e-09 5.343822945986777435e-03 4.368127158895253359e+01 1.400596091897610500e+15 8.335839927667599582e-06
1.695324959999999995e+23 5.255921582431139276e-27 7.374402175082196433e-12 9.093101007575935337e-09 5.341258526485660393e-03 4.369525183256411083e+01 1.401269563330647250e+15 8.335839927667599582e-06
1.696065599999999906e+23 5.253399345459844070e-27 7.370863311437546130e-12 9.093101007675385608e-09 5.338695337610509933e-03 4.370923655056960655e+01 1.401943034763691500e+15 8.335839927667599582e-06
1.696806240000000152e+23 5.250878318871754971e-27 7.367326146039798975e-12 9.093101007773882966e-09 5.336133378770762867e-03 4.372322574440106990e+01 1.402616506196743750e+15 8.335839927667599582e-06
1.697546880000000063e+23 5.248358502086028969e-27 7.363790678073996274e-12 9.093101007871440648e-09 5.333572649376144836e-03 4.373721941549100478e+01 1.403289977629803000e+15 8.335839927667599582e-06
1.698287519999999974e+23 5.245839894522094972e-27 7.360256906725552529e-12 9.093101007968068578e-09 5.331013148836657306e-03 4.375121756527239114e+01 1.403963449062869750e+15 8.335839927667599582e-06
1.699028159999999885e+23 5.243322495599661698e-27 7.356724831180286144e-12 9.093101008063770067e-09 5.328454876562588836e-03 4.376522019517864948e+01 1.404636920495943750e+15 8.335839927667599582e-06
1.699768800000000131e+23 5.240806304738716243e-27 7.353194450624400029e-12 9.093101008158556693e-09 5.325897831964508146e-03 4.377922730664369766e+01 1.405310391929025000e+15 8.335839927667599582e-06
1.700509440000000042e+23 5.238291321359525512e-27 7.349665764244489683e-12 9.093101008252441692e-09 5.323342014453270182e-03 4.379323890110185147e+01 1.405983863362113500e+15 8.335839927667599582e-06
1.701250079999999953e+23 5.235777544882635508e-27 7.346138771227543193e-12 9.093101008345425065e-09 5.320787423440011786e-03 4.380725497998791695e+01 1.406657334795208750e+15 8.335839927667599582e-06
1.701990719999999864e+23 5.233264974728866300e-27 7.342613470760936386e-12 9.093101008437521700e-09 5.318234058336150823e-03 4.382127554473718334e+01 1.407330806228311000e+15 8.335839927667599582e-06
1.702731360000000110e+23 5.230753610319320643e-27 7.339089862032434446e-12 9.093101008528738215e-09 5.315681918553388785e-03 4.383530059678536617e+01 1.408004277661420500e+15 8.335839927667599582e-06
1.703472000000000021e+23 5.228243451075379667e-27 7.335567944230198377e-12 9.093101008619086190e-09 5.313131003503713395e-03 4.384933013756862152e+01 1.408677749094536500e+15 8.335839927667599582e-06
1.704212639999999932e+23 5.225734496418699288e-27 7.332047716542773690e-12 9.093101008708567280e-09 5.310581312599390799e-03 4.386336416852359577e+01 1.409351220527659250e+15 8.335839927667599582e-06
1.704953279999999843e+23 5.223226745771218825e-27 7.328529178159103333e-12 9.093101008797194720e-09 5.308032845252973371e-03 4.387740269108736157e+01 1.410024691960788500e+15 8.335839927667599582e-06
1.705693920000000089e+23 5.220720198555150231e-27 7.325012328268513147e-12 9.093101008884975126e-09 5.305485600877292776e-03 4.389144570669748902e+01 1.410698163393924750e+15 8.335839927667599582e-06
1.706434560000000000e+23 5.218214854192989575e-27 7.321497166060728024e-12 9.093101008971920081e-09 5.302939578885468644e-03 4.390549321679193184e+01 1.411371634827067250e+15 8.335839927667599582e-06
1.707175199999999911e+23 5.215710712107509153e-27 7.317983690725857363e-12 9.093101009058031237e-09 5.300394778690900761e-03 4.391954522280916251e+01 1.412045106260216250e+15 8.335839927667599582e-06
1.707915840000000157e+23 5.213207771721756045e-27 7.314471901454401539e-12 9.093101009143316867e-09 5.297851199707269074e-03 4.393360172618807979e+01 1.412718577693372000e+15 8.335839927667599582e-06
1.708656480000000068e+23 5.210706032459063604e-27 7.310961797437256743e-12 9.093101009227793514e-09 5.295308841348543225e-03 4.394766272836802301e+01 1.413392049126533500e+15 8.335839927667599582e-06
1.709397119999999979e+23 5.208205493743037099e-27 7.307453377865703677e-12 9.093101009311459524e-09 5.292767703028970414e-03 4.396172823078879333e+01 1.414065520559701250e+15 8.335839927667599582e-06
1.710137759999999890e+23 5.205706154997560896e-27 7.303946641931417245e-12 9.093101009394326478e-09 5.290227784163081468e-03 4.397579823489066086e+01 1.414738991992875250e+15 8.335839927667599582e-06
1.710878400000000136e+23 5.203208015646800603e-27 7.300441588826461709e-12 9.093101009476402647e-09 5.287689084165691708e-03 4.398987274211431497e+01 1.415412463426055500e+15 8.335839927667599582e-06
1.711619040000000047e+23 5.200711075115200209e-27 7.296938217743293919e-12 9.093101009557696303e-09 5.285151602451900951e-03 4.400395175390089975e+01 1.416085934859241750e+15 8.335839927667599582e-06
1.712359679999999958e+23 5.198215332827477770e-27 7.293436527874758463e-12 9.093101009638209101e-09 5.282615338437086569e-03 4.401803527169203534e+01 1.416759406292433750e+15 8.335839927667599582e-06
1.713100319999999869e+23 5.195720788208605329e-27 7.289936518414048899e-12 9.093101009717954275e-09 5.280080291536883540e-03 4.403212329692991034e+01 1.417432877725631750e+15 8.335839927667599582e-06
1.713840960000000115e+23 5.193227440683806038e-27 7.286438188554719060e-12 9.093101009796938443e-09 5.277546461167183581e-03 4.404621583105734572e+01 1.418106349158835750e+15 8.335839927667599582e-06
1.714581600000000026e+23 5.190735289678620171e-27 7.282941537490762218e-12 9.093101009875168222e-09 5.275013846744199333e-03 4.406031287551736142e+01 1.418779820592045250e+15 8.335839927667599582e-06
1.715322239999999937e+23 5.188244334618857049e-27 7.279446564416552923e-12 9.093101009952650230e-09 5.272482447684417525e-03 4.407441443175349605e+01 1.419453292025260250e+15 8.335839927667599582e-06
1.716062879999999848e+23 5.185754574930602219e-27 7.275953268526852661e-12 9.093101010029391084e-09 5.269952263404605909e-03 4.408852050120975008e+01 1.420126763458481000e+15 8.335839927667599582e-06
1.716803520000000094e+23 5.183266010040216016e-27 7.272461649016805002e-12 9.093101010105399056e-09 5.267423293321809794e-03 4.410263108533056453e+01 1.420800234891707750e+15 8.335839927667599582e-06
1.717544160000000005e+23 5.180778639374331412e-27 7.268971705081939640e-12 9.093101010180680764e-09 5.264895536853354645e-03 4.411674618556087069e+01 1.421473706324939500e+15 8.335839927667599582e-06
1.718284799999999916e+23 5.178292462359859038e-27 7.265483435918174014e-12 9.093101010255244479e-09 5.262368993416844352e-03 4.413086580334605458e+01 1.422147177758176750e+15 8.335839927667599582e-06
1.719025440000000163e+23 5.175807478423979291e-27 7.261996840721804415e-12 9.093101010329096818e-09 5.259843662430159494e-03 4.414498994013200672e+01 1.422820649191419500e+15 8.335839927667599582e-06
1.719766080000000073e+23 5.173323686994150227e-27 7.258511918689518914e-12 9.093101010402241091e-09 5.257319543311462541e-03 4.415911859736502976e+01 1.423494120624667500e+15 8.335839927667599582e-06
1.720506719999999984e+23 5.170841087498103975e-27 7.255028669018386862e-12 9.093101010474685569e-09 5.254796635479193519e-03 4.417325177649191659e+01 1.424167592057920500e+15 8.335839927667599582e-06
1.721247359999999895e+23 5.168359679363845299e-27 7.251547090905861312e-12 9.093101010546440179e-09 5.252274938352070877e-03 4.418738947895991487e+01 1.424841063491178750e+15 8.335839927667599582e-06
1.721988000000000142e+23 5.165879462019653035e-27 7.248067183549779017e-12 9.093101010617509882e-09 5.249754451349089752e-03 4.420153170621678385e+01 1.425514534924442500e+15 8.335839927667599582e-06
1.722728640000000052e+23 5.163400434894082961e-27 7.244588946148369319e-12 9.093101010687897989e-09 5.247235173889528911e-03 4.421567845971067356e+01 1.426188006357711000e+15 8.335839927667599582e-06
1.723469279999999963e+23 5.160922597415963491e-27 7.241112377900238801e-12 9.093101010757614426e-09 5.244717105392942072e-03 4.422982974089024566e+01 1.426861477790984500e+15 8.335839927667599582e-06
1.724209919999999874e+23 5.158445949014397828e-27 7.237637478004381783e-12 9.093101010826667463e-09 5.242200245279163111e-03 4.424398555120460230e+01 1.427534949224262750e+15 8.335839927667599582e-06
1.724950560000000121e+23 5.155970489118761812e-27 7.234164245660176291e-12 9.093101010895055448e-09 5.239684592968303460e-03 4.425814589210333594e+01 1.428208420657546250e+15 8.335839927667599582e-06
1.725691200000000031e+23 5.153496217158708225e-27 7.230692680067387283e-12 9.093101010962794922e-09 5.237170147880755577e-03 4.427231076503645113e+01 1.428881892090834500e+15 8.335839927667599582e-06
1.726431839999999942e+23 5.151023132564161766e-27 7.227222780426163416e-12 9.093101011029884233e-09 5.234656909437188609e-03 4.428648017145447113e+01 1.429555363524127250e+15 8.335839927667599582e-06
1.727172479999999853e+23 5.148551234765324077e-27 7.223754545937037862e-12 9.093101011096334961e-09 5.232144877058551857e-03 4.430065411280833132e+01 1.430228834957424750e+15 8.335839927667599582e-06
1.727913120000000100e+23 5.146080523192668003e-27 7.220287975800926682e-12 9.093101011162148759e-09 5.229634050166071316e-03 4.431483259054945734e+01 1.430902306390727250e+15 8.335839927667599582e-06
1.728653760000000010e+23 5.143610997276942609e-27 7.216823069219134489e-12 9.093101011227335554e-09 5.227124428181254001e-03 4.432901560612971537e+01 1.431575777824034000e+15 8.335839927667599582e-06
1.729394399999999921e+23 5.141142656449173189e-27 7.213359825393352020e-12 9.093101011291898655e-09 5.224616010525886221e-03 4.434320316100143344e+01 1.432249249257345500e+15 8.335839927667599582e-06
1.730135039999999832e+23 5.138675500140653365e-27 7.209898243525648868e-12 9.093101011355844680e-09 5.222108796622029238e-03 4.435739525661740856e+01 1.432922720690661250e+15 8.335839927667599582e-06
1.730875680000000079e+23 5.136209527782955137e-27 7.206438322818481558e-12 9.093101011419180245e-09 5.219602785892025337e-03 4.437159189443089957e+01 1.433596192123981750e+15 8.335839927667599582e-06
1.731616319999999990e+23 5.133744738807928164e-27 7.202980062474697589e-12 9.093101011481911968e-09 5.217097977758498699e-03 4.438579307589557033e+01 1.434269663557306500e+15 8.335839927667599582e-06
1.732356959999999900e+23 5.131281132647690435e-27 7.199523461697522504e-12 9.093101011544041504e-09 5.214594371644347588e-03 4.439999880246560338e+01 1.434943134990635500e+15 8.335839927667599582e-06
1.733097600000000147e+23 5.128818708734634012e-27 7.196068519690565552e-12 9.093101011605578778e-09 5.212091966972748694e-03 4.441420907559561471e+01 1.435616606423969000e+15 8.335839927667599582e-06
1.733838240000000058e+23 5.126357466501432205e-27 7.192615235657827759e-12 9.093101011666528755e-09 5.209590763167163199e-03 4.442842389674064663e+01 1.436290077857306500e+15 8.335839927667599582e-06
1.734578879999999969e+23 5.123897405381026652e-27 7.189163608803691431e-12 9.093101011726894741e-09 5.207090759651325507e-03 4.444264326735624593e+01 1.436963549290648250e+15 8.335839927667599582e-06
1.735319519999999879e+23 5.121438524806633782e-27 7.185713638332921766e-12 9.093101011786686665e-09 5.204591955849251043e-03 4.445686718889837152e+01 1.437637020723994000e+15 8.335839927667599582e-06
1.736060160000000126e+23 5.118980824211722573e-27 7.182265323450637780e-12 9.093101011845902871e-09 5.202094351185209374e-03 4.447109566282358628e+01 1.438310492157344250e+15 8.335839927667599582e-06
1.736800800000000037e+23 5.116524303030007374e-27 7.178818663362303412e-12 9.093101011904556593e-09 5.199597945083719863e-03 4.448532869058907835e+01 1.438983963590698250e+15 8.335839927667599582e-06
1.737541439999999948e+23 5.114068960695506022e-27 7.175373657273810734e-12 9.093101011962649488e-09 5.197102736969612391e-03 4.449956627365228456e+01 1.439657435024056000e+15 8.335839927667599582e-06
1.738282079999999858e+23 5.111614796642511143e-27 7.171930304391433096e-12 9.093101012020188171e-09 5.194608726267993526e-03 4.451380841347114625e+01 1.440330906457418000e+15 8.335839927667599582e-06
1.739022720000000105e+23 5.109161810305584413e-27 7.168488603921824320e-12 9.093101012077177607e-09 5.192115912404243923e-03 4.452805511150401685e+01 1.441004377890784000e+15 8.335839927667599582e-06
1.739763360000000016e+23 5.106710001119558709e-27 7.165048555072018697e-12 9.093101012133619449e-09 5.189624294804021792e-03 4.454230636920978270e+01 1.441677849324153750e+15 8.335839927667599582e-06
1.740503999999999927e+23 5.104259368519537392e-27 7.161610157049426951e-12 9.093101012189523623e-09 5.187133872893256829e-03 4.455656218804775648e+01 1.442351320757527000e+15 8.335839927667599582e-06
1.741244639999999837e+23 5.101809911940892156e-27 7.158173409061841892e-12 9.093101012244893439e-09 5.184644646098154550e-03 4.457082256947774823e+01 1.443024792190904250e+15 8.335839927667599582e-06
1.741985280000000084e+23 5.099361630819266612e-27 7.154738310317431145e-12 9.093101012299737168e-09 5.182156613845194555e-03 4.458508751496003697e+01 1.443698263624285500e+15 8.335839927667599582e-06
1.742725919999999995e+23 5.096914524590575576e-27 7.151304860024748463e-12 9.093101012354053156e-09 5.179669775561133137e-03 4.459935702595535645e+01 1.444371735057670000e+15 8.335839927667599582e-06
1.743466559999999906e+23 5.094468592691000041e-27 7.147873057392718374e-12 9.093101012407852983e-09 5.177184130672998069e-03 4.461363110392493070e+01 1.445045206491058250e+15 8.335839927667599582e-06
1.744207200000000152e+23 5.092023834556995790e-27 7.144442901630650724e-12 9.093101012461134995e-09 5.174699678608093815e-03 4.462790975033044560e+01 1.445718677924450250e+15 8.335839927667599582e-06
1.744947840000000063e+23 5.089580249625286219e-27 7.141014391948232599e-12 9.093101012513912427e-09 5.172216418793998925e-03 4.464219296663405601e+01 1.446392149357845750e+15 8.335839927667599582e-06
1.745688479999999974e+23 5.087137837332866644e-27 7.137587527555529941e-12 9.093101012566181969e-09 5.169734350658566902e-03 4.465648075429837860e+01 1.447065620791244500e+15 8.335839927667599582e-06
1.746429119999999885e+23 5.084696597117000714e-27 7.134162307662989160e-12 9.093101012617955204e-09 5.167253473629926201e-03 4.467077311478651325e+01 1.447739092224646750e+15 8.335839927667599582e-06
1.747169760000000131e+23 5.082256528415222561e-27 7.130738731481431485e-12 9.093101012669232130e-09 5.164773787136476765e-03 4.468507004956201456e+01 1.448412563658053000e+15 8.335839927667599582e-06
1.747910400000000042e+23 5.079817630665339671e-27 7.127316798222065885e-12 9.093101012720019365e-09 5.162295290606898693e-03 4.469937156008890611e+01 1.449086035091462000e+15 8.335839927667599582e-06
1.748651039999999953e+23 5.077379903305424992e-27 7.123896507096471299e-12 9.093101012770320218e-09 5.159817983470141832e-03 4.471367764783168042e+01 1.449759506524874500e+15 8.335839927667599582e-06
1.749391679999999864e+23 5.074943345773825545e-27 7.120477857316611174e-12 9.093101012820139652e-09 5.157341865155433587e-03 4.472798831425528476e+01 1.450432977958290500e+15 8.335839927667599582e-06
1.750132320000000110e+23 5.072507957509155963e-27 7.117060848094825390e-12 9.093101012869487593e-09 5.154866935092273714e-03 4.474230356082515669e+01 1.451106449391709750e+15 8.335839927667599582e-06
1.750872960000000021e+23 5.070073737950302801e-27 7.113645478643835913e-12 9.093101012918360733e-09 5.152393192710438656e-03 4.475662338900716719e+01 1.451779920825132250e+15 8.335839927667599582e-06
1.751613599999999932e+23 5.067640686536424530e-27 7.110231748176743566e-12 9.093101012966768997e-09 5.149920637439979812e-03 4.477094780026765619e+01 1.452453392258557750e+15 8.335839927667599582e-06
1.752354239999999843e+23 5.065208802706943649e-27 7.106819655907023985e-12 9.093101013014712385e-09 5.147449268711220063e-03 4.478527679607346101e+01 1.453126863691986500e+15 8.335839927667599582e-06
1.753094880000000089e+23 5.062778085901558167e-27 7.103409201048533280e-12 9.093101013062197515e-09 5.144979085954758113e-03 4.479961037789183820e+01 1.453800335125418750e+15 8.335839927667599582e-06
1.753835520000000000e+23 5.060348535560237289e-27 7.100000382815514491e-12 9.093101013109231005e-09 5.142510088601471088e-03 4.481394854719052745e+01 1.454473806558853750e+15 8.335839927667599582e-06
1.754576159999999911e+23 5.057920151123216404e-27 7.096593200422580630e-12 9.093101013155814508e-09 5.140042276082505864e-03 4.482829130543770901e+01 1.455147277992291750e+15 8.335839927667599582e-06
1.755316800000000157e+23 5.055492932031002817e-27 7.093187653084725178e-12 9.093101013201951334e-09 5.137575647829285136e-03 4.484263865410206762e+01 1.455820749425733250e+15 8.335839927667599582e-06
1.756057440000000068e+23 5.053066877724374320e-27 7.089783740017325320e-12 9.093101013247649754e-09 5.135110203273508291e-03 4.485699059465269301e+01 1.456494220859177250e+15 8.335839927667599582e-06
1.756798079999999979e+23 5.050641987644379904e-27 7.086381460436134670e-12 9.093101013292911423e-09 5.132645941847147932e-03 4.487134712855917229e+01 1.457167692292624500e+15 8.335839927667599582e-06
1.757538719999999890e+23 5.048218261232337612e-27 7.082980813557284892e-12 9.093101013337739649e-09 5.130182862982450749e-03 4.488570825729153313e+01 1.457841163726074500e+15 8.335839927667599582e-06
1.758279360000000136e+23 5.045795697929833100e-27 7.079581798597287312e-12 9.093101013382139395e-09 5.127720966111937520e-03 4.490007398232027214e+01 1.458514635159527750e+15 8.335839927667599582e-06
1.759020000000000047e+23 5.043374297178715332e-27 7.076184414773015146e-12 9.093101013426115626e-09 5.125260250668392699e-03 4.491444430511641173e+01 1.459188106592983750e+15 8.335839927667599582e-06
1.759760639999999958e+23 5.040954058421052819e-27 7.072788661301658268e-12 9.093101013469669994e-09 5.122800716084827989e-03 4.492881922715169907e+01 1.459861578026442500e+15 8.335839927667599582e-06
1.760501279999999869e+23 5.038534981099224016e-27 7.069394537400833873e-12 9.093101013512810771e-09 5.120342361794566477e-03 4.494319874989813712e+01 1.460535049459904000e+15 8.335839927667599582e-06
1.761241920000000115e+23 5.036117064655876427e-27 7.066002042288541242e-12 9.093101013555539613e-09 5.117885187231207070e-03 4.495758287482815518e+01 1.461208520893368500e+15 8.335839927667599582e-06
1.761982560000000026e+23 5.033700308533924451e-27 7.062611175183153666e-12 9.093101013597858173e-09 5.115429191828619292e-03 4.497197160341467992e+01 1.461881992326835750e+15 8.335839927667599582e-06
1.762723199999999937e+23 5.031284712176547236e-27 7.059221935303413596e-12 9.093101013639774723e-09 5.112974375020941549e-03 4.498636493713110696e+01 1.462555463760305750e+15 8.335839927667599582e-06
1.763463839999999848e+23 5.028870275027191540e-27 7.055834321868439915e-12 9.093101013681287610e-09 5.110520736242583732e-03 4.500076287745132930e+01 1.463228935193778500e+15 8.335839927667599582e-06
1.764204480000000094e+23 5.026456996529567433e-27 7.052448334097723901e-12 9.093101013722403449e-09 5.108068274928224614e-03 4.501516542584970182e+01 1.463902406627254000e+15 8.335839927667599582e-06
1.764945120000000005e+23 5.024044876127658338e-27 7.049063971211134069e-12 9.093101013763130514e-09 5.105616990512818788e-03 4.502957258380104122e+01 1.464575878060732000e+15 8.335839927667599582e-06
1.765685759999999916e+23 5.021633913265705967e-27 7.045681232428909712e-12 9.093101013803467149e-09 5.103166882431585394e-03 4.504398435278067581e+01 1.465249349494212750e+15 8.335839927667599582e-06
1.766426400000000163e+23 5.019224107388219643e-27 7.042300116971659285e-12 9.093101013843418318e-09 5.100717950120015054e-03 4.505840073426438863e+01 1.465922820927696500e+15 8.335839927667599582e-06
1.767167040000000073e+23 5.016815457939981330e-27 7.038920624060372521e-12 9.093101013882985676e-09 5.098270193013873346e-03 4.507282172972841749e+01 1.466596292361182250e+15 8.335839927667599582e-06
1.767907679999999984e+23 5.014407964366032711e-27 7.035542752916411548e-12 9.093101013922175839e-09 5.095823610549192993e-03 4.508724734064949757e+01 1.467269763794670750e+15 8.335839927667599582e-06
1.768648319999999895e+23 5.012001626111682367e-27 7.032166502761503613e-12 9.093101013960992116e-09 5.093378202162275603e-03 4.510167756850485432e+01 1.467943235228162000e+15 8.335839927667599582e-06
1.769388960000000142e+23 5.009596442622507928e-27 7.028791872817759668e-12 9.093101013999437817e-09 5.090933967289696868e-03 4.511611241477214662e+01 1.468616706661656000e+15 8.335839927667599582e-06
1.770129600000000052e+23 5.007192413344351051e-27 7.025418862307659017e-12 9.093101014037517904e-09 5.088490905368301363e-03 4.513055188092953074e+01 1.469290178095152000e+15 8.335839927667599582e-06
1.770870239999999963e+23 5.004789537723320292e-27 7.022047470454057398e-12 9.093101014075230722e-09 5.086049015835205148e-03 4.514499596845562479e+01 1.469963649528650750e+15 8.335839927667599582e-06
1.771610879999999874e+23 5.002387815205790383e-27 7.018677696480180515e-12 9.093101014112584544e-09 5.083608298127793163e-03 4.515944467882950875e+01 1.470637120962152000e+15 8.335839927667599582e-06
1.772351520000000121e+23 4.999987245238400802e-27 7.015309539609626468e-12 9.093101014149581024e-09 5.081168751683720099e-03 4.517389801353078127e+01 1.471310592395656000e+15 8.335839927667599582e-06
1.773092160000000031e+23 4.997587827268062231e-27 7.011942999066376251e-12 9.093101014186225125e-09 5.078730375940917335e-03 4.518835597403943183e+01 1.471984063829162000e+15 8.335839927667599582e-06
1.773832799999999942e+23 4.995189560741945069e-27 7.008578074074774362e-12 9.093101014222520156e-09 5.076293170337579062e-03 4.520281856183596858e+01 1.472657535262670750e+15 8.335839927667599582e-06
1.774573439999999853e+23 4.992792445107490923e-27 7.005214763859544158e-12 9.093101014258466117e-09 5.073857134312175290e-03 4.521728577840137575e+01 1.473331006696181750e+15 8.335839927667599582e-06
1.775314080000000100e+23 4.990396479812403986e-27 7.001853067645777347e-12 9.093101014294071279e-09 5.071422267303442311e-03 4.523175762521707810e+01 1.474004478129695500e+15 8.335839927667599582e-06
1.776054720000000010e+23 4.988001664304656789e-27 6.998492984658945301e-12 9.093101014329333989e-09 5.068988568750391367e-03 4.524623410376497645e+01 1.474677949563211250e+15 8.335839927667599582e-06
1.776795359999999921e+23 4.985607998032490189e-27 6.995134514124891787e-12 9.093101014364260863e-09 5.066556038092302587e-03 4.526071521552744059e+01 1.475351420996729500e+15 8.335839927667599582e-06
1.777536000000000168e+23 4.983215480444404768e-27 6.991777655269829729e-12 9.093101014398851902e-09 5.064124674768724112e-03 4.527520096198730926e+01 1.476024892430250250e+15 8.335839927667599582e-06
1.778276640000000079e+23 4.980824110989173029e-27 6.988422407320348488e-12 9.093101014433115377e-09 5.061694478219478169e-03 4.528969134462787594e+01 1.476698363863773250e+15 8.335839927667599582e-06
1.779017279999999990e+23 4.978433889115833652e-27 6.985068769503413852e-12 9.093101014467049635e-09 5.059265447884656736e-03 4.530418636493290307e+01 1.477371835297298500e+15 8.335839927667599582e-06
1.779757919999999900e+23 4.976044814273688625e-27 6.981716741046360774e-12 9.093101014500661292e-09 5.056837583204621539e-03 4.531868602438662919e+01 1.478045306730826000e+15 8.335839927667599582e-06
1.780498560000000147e+23 4.973656885912306120e-27 6.978366321176897406e-12 9.093101014533950348e-09 5.054410883620003188e-03 4.533319032447372621e+01 1.478718778164356250e+15 8.335839927667599582e-06
1.781239200000000058e+23 4.971270103481523355e-27 6.975017509123109141e-12 9.093101014566923422e-09 5.051985348571707245e-03 4.534769926667935636e+01 1.479392249597888500e+15 8.335839927667599582e-06
1.781979839999999969e+23 4.968884466431434401e-27 6.971670304113441646e-12 9.093101014599580512e-09 5.049560977500897746e-03 4.536221285248918633e+01 1.480065721031423000e+15 8.335839927667599582e-06
1.782720479999999879e+23 4.966499974212350721e-27 6.968324705376646744e-12 9.093101014631923274e-09 5.047137769848962507e-03 4.537673108338962891e+01 1.480739192464960000e+15 8.335839927667599582e-06
1.783461120000000126e+23 4.964116626274880092e-27 6.964980712141889846e-12 9.093101014663958325e-09 5.044715725057588585e-03 4.539125396086738107e+01 1.481412663898499500e+15 8.335839927667599582e-06
1.784201760000000037e+23 4.961734422069906513e-27 6.961638323638725721e-12 9.093101014695685665e-09 5.042294842568744058e-03 4.540578148640954481e+01 1.482086135332040750e+15 8.335839927667599582e-06
1.784942399999999948e+23 4.959353361048569402e-27 6.958297539097068606e-12 9.093101014727113565e-09 5.039875121824658084e-03 4.542031366150374083e+01 1.482759606765584500e+15 8.335839927667599582e-06
1.785683039999999858e+23 4.956973442662273638e-27 6.954958357747201092e-12 9.093101014758240371e-09 5.037456562267826968e-03 4.543485048763805878e+01 1.483433078199130500e+15 8.335839927667599582e-06
1.786423680000000105e+23 4.954594666362683824e-27 6.951620778819774122e-12 9.093101014789069393e-09 5.035039163341013292e-03 4.544939196630107858e+01 1.484106549632679000e+15 8.335839927667599582e-06
1.787164320000000016e+23 4.952217031601730740e-27 6.948284801545811843e-12 9.093101014819602283e-09 5.032622924487249391e-03 4.546393809898184202e+01 1.484780021066229500e+15 8.335839927667599582e-06
1.787904959999999927e+23 4.949840537831606324e-27 6.944950425156700290e-12 9.093101014849845661e-09 5.030207845149831276e-03 4.547848888716988114e+01 1.485453492499782000e+15 8.335839927667599582e-06
1.788645599999999837e+23 4.947465184504762238e-27 6.941617648884196278e-12 9.093101014879797871e-09 5.027793924772322107e-03 4.549304433235522538e+01 1.486126963933337000e+15 8.335839927667599582e-06
1.789386240000000084e+23 4.945090971073914168e-27 6.938286471960423359e-12 9.093101014909465531e-09 5.025381162798550454e-03 4.550760443602836602e+01 1.486800435366894500e+15 8.335839927667599582e-06
1.790126879999999995e+23 4.942717896992041113e-27 6.934956893617875054e-12 9.093101014938850295e-09 5.022969558672614639e-03 4.552216919968026332e+01 1.487473906800454000e+15 8.335839927667599582e-06
1.790867519999999906e+23 4.940345961712383227e-27 6.931628913089410815e-12 9.093101014967953818e-09 5.020559111838876661e-03 4.553673862480239620e+01 1.488147378234015500e+15 8.335839927667599582e-06
1.791608160000000152e+23 4.937975164688441104e-27 6.928302529608257642e-12 9.093101014996776099e-09 5.018149821741964799e-03 4.555131271288668415e+01 1.488820849667579750e+15 8.335839927667599582e-06
1.792348800000000063e+23 4.935605505373981517e-27 6.924977742408013308e-12 9.093101015025327065e-09 5.015741687826776214e-03 4.556589146542552982e+01 1.489494321101146000e+15 8.335839927667599582e-06
1.793089439999999974e+23 4.933236983223031680e-27 6.921654550722643136e-12 9.093101015053605061e-09 5.013334709538474349e-03 4.558047488391181901e+01 1.490167792534714250e+15 8.335839927667599582e-06
1.793830079999999885e+23 4.930869597689879246e-27 6.918332953786475954e-12 9.093101015081611742e-09 5.010928886322485454e-03 4.559506296983892071e+01 1.490841263968285000e+15 8.335839927667599582e-06
1.794570720000000131e+23 4.928503348229076613e-27 6.915012950834213791e-12 9.093101015109350417e-09 5.008524217624506399e-03 4.560965572470067997e+01 1.491514735401858000e+15 8.335839927667599582e-06
1.795311360000000042e+23 4.926138234295438770e-27 6.911694541100926223e-12 9.093101015136824394e-09 5.006120702890500332e-03 4.562425314999138948e+01 1.492188206835433250e+15 8.335839927667599582e-06
1.796051999999999953e+23 4.923774255344039712e-27 6.908377723822046333e-12 9.093101015164035327e-09 5.003718341566694081e-03 4.563885524720584641e+01 1.492861678269010500e+15 8.335839927667599582e-06
1.796792639999999864e+23 4.921411410830220330e-27 6.905062498233381210e-12 9.093101015190986526e-09 5.001317133099584221e-03 4.565346201783931690e+01 1.493535149702590000e+15 8.335839927667599582e-06
1.797533280000000110e+23 4.919049700209579086e-27 6.901748863571101453e-12 9.093101015217681299e-09 4.998917076935931007e-03 4.566807346338752183e+01 1.494208621136172250e+15 8.335839927667599582e-06
1.798273920000000021e+23 4.916689122937980620e-27 6.898436819071747629e-12 9.093101015244119646e-09 4.996518172522764444e-03 4.568268958534666524e+01 1.494882092569756250e+15 8.335839927667599582e-06
1.799014559999999932e+23 4.914329678471549296e-27 6.895126363972227045e-12 9.093101015270306529e-09 4.994120419307377344e-03 4.569731038521343436e+01 1.495555564003342500e+15 8.335839927667599582e-06
1.799755199999999843e+23 4.911971366266674221e-27 6.891817497509818590e-12 9.093101015296241950e-09 4.991723816737333140e-03 4.571193586448497825e+01 1.496229035436931250e+15 8.335839927667599582e-06
1.800495840000000089e+23 4.909614185780001355e-27 6.888510218922162239e-12 9.093101015321930871e-09 4.989328364260456339e-03 4.572656602465890785e+01 1.496902506870522250e+15 8.335839927667599582e-06
1.801236480000000000e+23 4.907258136468447142e-27 6.885204527447273591e-12 9.093101015347373293e-09 4.986934061324844666e-03 4.574120086723331724e+01 1.497575978304115500e+15 8.335839927667599582e-06
1.801977119999999911e+23 4.904903217789185596e-27 6.881900422323532558e-12 9.093101015372574177e-09 4.984540907378858660e-03 4.575584039370675526e+01 1.498249449737711000e+15 8.335839927667599582e-06
1.802717760000000157e+23 4.902549429199650453e-27 6.878597902789684178e-12 9.093101015397533525e-09 4.982148901871123400e-03 4.577048460557826104e+01 1.498922921171309000e+15 8.335839927667599582e-06
1.803458400000000068e+23 4.900196770157542347e-27 6.875296968084847493e-12 9.093101015422254645e-09 4.979758044250534588e-03 4.578513350434731422e+01 1.499596392604909000e+15 8.335839927667599582e-06
1.804199039999999979e+23 4.897845240120823068e-27 6.871997617448507480e-12 9.093101015446737537e-09 4.977368333966253333e-03 4.579978709151387761e+01 1.500269864038511250e+15 8.335839927667599582e-06
1.804939679999999890e+23 4.895494838547712694e-27 6.868699850120507774e-12 9.093101015470988818e-09 4.974979770467701824e-03 4.581444536857840433e+01 1.500943335472115750e+15 8.335839927667599582e-06
1.805680320000000136e+23 4.893145564896640802e-27 6.865403665340994124e-12 9.093101015495006834e-09 4.972592353204518222e-03 4.582910833704213616e+01 1.501616806905723000e+15 8.335839927667599582e-06
1.806420960000000047e+23 4.890797418626331130e-27 6.862109062350518602e-12 9.093101015518798203e-09 4.970206081626637323e-03 4.584377599840657069e+01 1.502290278339332500e+15 8.335839927667599582e-06
1.807161599999999958e+23 4.888450399195772879e-27 6.858816040390007284e-12 9.093101015542359615e-09 4.967820955184263677e-03 4.585844835417367449e+01 1.502963749772944000e+15 8.335839927667599582e-06
1.807902239999999869e+23 4.886104506064213535e-27 6.855524598700751374e-12 9.093101015565697689e-09 4.965436973327866377e-03 4.587312540584589016e+01 1.503637221206558000e+15 8.335839927667599582e-06
1.808642880000000115e+23 4.883759738691160309e-27 6.852234736524399925e-12 9.093101015588810770e-09 4.963054135508175591e-03 4.588780715492615059e+01 1.504310692640174750e+15 8.335839927667599582e-06
1.809383520000000026e+23 4.881416096536380132e-27 6.848946453102973575e-12 9.093101015611703821e-09 4.960672441176186900e-03 4.590249360291784342e+01 1.504984164073793500e+15 8.335839927667599582e-06
1.810124159999999937e+23 4.879073579059895353e-27 6.845659747678848393e-12 9.093101015634378496e-09 4.958291889783156964e-03 4.591718475132487498e+01 1.505657635507414500e+15 8.335839927667599582e-06
1.810864799999999848e+23 4.876732185721990197e-27 6.842374619494766378e-12 9.093101015656836449e-09 4.955912480780605249e-03 4.593188060165162767e+01 1.506331106941036750e+15 8.335839927667599582e-06
1.811605440000000094e+23 4.874391915983202152e-27 6.839091067793825765e-12 9.093101015679080990e-09 4.953534213620310565e-03 4.594658115540298837e+01 1.507004578374661000e+15 8.335839927667599582e-06
1.812346080000000005e+23 4.872052769304332736e-27 6.835809091819497182e-12 9.093101015701110464e-09 4.951157087754320604e-03 4.596128641408429871e+01 1.507678049808286000e+15 8.335839927667599582e-06
1.813086719999999916e+23 4.869714745146438880e-27 6.832528690815609110e-12 9.093101015722931489e-09 4.948781102634941531e-03 4.597599637920139770e+01 1.508351521241912750e+15 8.335839927667599582e-06
1.813827360000000163e+23 4.867377842970835090e-27 6.829249864026348692e-12 9.093101015744544064e-09 4.946406257714741454e-03 4.599071105226060752e+01 1.509024992675541000e+15 8.335839927667599582e-06
1.814568000000000073e+23 4.865042062239097025e-27 6.825972610696272229e-12 9.093101015765949844e-09 4.944032552446553895e-03 4.600543043476874061e+01 1.509698464109170250e+15 8.335839927667599582e-06
1.815308639999999984e+23 4.862707402413055763e-27 6.822696930070293069e-12 9.093101015787148828e-09 4.941659986283472583e-03 4.602015452823307839e+01 1.510371935542801000e+15 8.335839927667599582e-06
1.816049279999999895e+23 4.860373862954804976e-27 6.819422821393693722e-12 9.093101015808149290e-09 4.939288558678856661e-03 4.603488333416137124e+01 1.511045406976433000e+15 8.335839927667599582e-06
1.816789920000000142e+23 4.858041443326689445e-27 6.816150283912107280e-12 9.093101015828944610e-09 4.936918269086322010e-03 4.604961685406190952e+01 1.511718878410066750e+15 8.335839927667599582e-06
1.817530560000000052e+23 4.855710142991320851e-27 6.812879316871545689e-12 9.093101015849546371e-09 4.934549116959755129e-03 4.606435508944339574e+01 1.512392349843701500e+15 8.335839927667599582e-06
1.818271199999999963e+23 4.853379961411564857e-27 6.809609919518372286e-12 9.093101015869946299e-09 4.932181101753300122e-03 4.607909804181504398e+01 1.513065821277337500e+15 8.335839927667599582e-06
1.819011839999999874e+23 4.851050898050543976e-27 6.806342091099312301e-12 9.093101015890154321e-09 4.929814222921363037e-03 4.609384571268653730e+01 1.513739292710975000e+15 8.335839927667599582e-06
1.819752480000000121e+23 4.848722952371641881e-27 6.803075830861460124e-12 9.093101015910167129e-09 4.927448479918614468e-03 4.610859810356807031e+01 1.514412764144614000e+15 8.335839927667599582e-06
1.820493120000000031e+23 4.846396123838501249e-27 6.799811138052267189e-12 9.093101015929991340e-09 4.925083872199988687e-03 4.612335521597026400e+01 1.515086235578254000e+15 8.335839927667599582e-06
1.821233759999999942e+23 4.844070411915020174e-27 6.796548011919553286e-12 9.093101015949625299e-09 4.922720399220680172e-03 4.613811705140423669e+01 1.515759707011895500e+15 8.335839927667599582e-06
1.821974399999999853e+23 4.841745816065357191e-27 6.793286451711492825e-12 9.093101015969070661e-09 4.920358060436146215e-03 4.615288361138161122e+01 1.516433178445538000e+15 8.335839927667599582e-06
1.822715040000000100e+23 4.839422335753927684e-27 6.790026456676627763e-12 9.093101015988330734e-09 4.917996855302106916e-03 4.616765489741445094e+01 1.517106649879182250e+15 8.335839927667599582e-06
1.823455680000000010e+23 4.837099970445408917e-27 6.786768026063864370e-12 9.093101016007407173e-09 4.915636783274547790e-03 4.618243091101529529e+01 1.517780121312827500e+15 8.335839927667599582e-06
1.824196319999999921e+23 4.834778719604732848e-27 6.783511159122467579e-12 9.093101016026301633e-09 4.913277843809712823e-03 4.619721165369718108e+01 1.518453592746474000e+15 8.335839927667599582e-06
1.824936959999999832e+23 4.832458582697090446e-27 6.780255855102065020e-12 9.093101016045014113e-09 4.910920036364110550e-03 4.621199712697360695e+01 1.519127064180121750e+15 8.335839927667599582e-06
1.825677600000000079e+23 4.830139559187931679e-27 6.777002113252648640e-12 9.093101016063549576e-09 4.908563360394510577e-03 4.622678733235854054e+01 1.519800535613771250e+15 8.335839927667599582e-06
1.826418239999999990e+23 4.827821648542966242e-27 6.773749932824573890e-12 9.093101016081906368e-09 4.906207815357948795e-03 4.624158227136641841e+01 1.520474007047421500e+15 8.335839927667599582e-06
1.827158879999999900e+23 4.825504850228159961e-27 6.770499313068555693e-12 9.093101016100089452e-09 4.903853400711720434e-03 4.625638194551216742e+01 1.521147478481073000e+15 8.335839927667599582e-06
1.827899520000000147e+23 4.823189163709736235e-27 6.767250253235670861e-12 9.093101016118098828e-09 4.901500115913380931e-03 4.627118635631118337e+01 1.521820949914726000e+15 8.335839927667599582e-06
1.828640160000000058e+23 4.820874588454132266e-27 6.764002752577294283e-12 9.093101016135934497e-09 4.899147960420705168e-03 4.628599550527962947e+01 1.522494421348380000e+15 8.335839927667599582e-06
1.829380799999999969e+23 4.818561123928057176e-27 6.760756810345186164e-12 9.093101016153599766e-09 4.896796933691743847e-03 4.630080939393403128e+01 1.523167892782035250e+15 8.335839927667599582e-06
1.830121439999999879e+23 4.816248769598492004e-27 6.757512425791483949e-12 9.093101016171097945e-09 4.894447035184823491e-03 4.631562802379130517e+01 1.523841364215691500e+15 8.335839927667599582e-06
1.830862080000000126e+23 4.813937524932671057e-27 6.754269598168684554e-12 9.093101016188425724e-09 4.892098264358528230e-03 4.633045139636890042e+01 1.524514835649349500e+15 8.335839927667599582e-06
1.831602720000000037e+23 4.811627389398086927e-27 6.751028326729644359e-12 9.093101016205593031e-09 4.889750620671704136e-03 4.634527951318467842e+01 1.525188307083008250e+15 8.335839927667599582e-06
1.832343359999999948e+23 4.809318362462482604e-27 6.747788610727571137e-12 9.093101016222593247e-09 4.887404103583453154e-03 4.636011237575706190e+01 1.525861778516668250e+15 8.335839927667599582e-06
1.833083999999999858e+23 4.807010443593857927e-27 6.744550449416034551e-12 9.093101016239431335e-09 4.885058712553137436e-03 4.637494998560494253e+01 1.526535249950329500e+15 8.335839927667599582e-06
1.833824640000000105e+23 4.804703632260465284e-27 6.741313842048957270e-12 9.093101016256107296e-09 4.882714447040375008e-03 4.638979234424770937e+01 1.527208721383992000e+15 8.335839927667599582e-06
1.834565280000000016e+23 4.802397927930816069e-27 6.738078787880626279e-12 9.093101016272626093e-09 4.880371306505047573e-03 4.640463945320521333e+01 1.527882192817655750e+15 8.335839927667599582e-06
1.835305919999999927e+23 4.800093330073670635e-27 6.734845286165679145e-12 9.093101016288986071e-09 4.878029290407291836e-03 4.641949131399783113e+01 1.528555664251320250e+15 8.335839927667599582e-06
1.836046559999999837e+23 4.797789838158048340e-27 6.731613336159112094e-12 9.093101016305190539e-09 4.875688398207503847e-03 4.643434792814640133e+01 1.529229135684986250e+15 8.335839927667599582e-06
1.836787200000000084e+23 4.795487451653218220e-27 6.728382937116278398e-12 9.093101016321239498e-09 4.873348629366337260e-03 4.644920929717228830e+01 1.529902607118653500e+15 8.335839927667599582e-06
1.837527839999999995e+23 4.793186170028710468e-27 6.725154088292890798e-12 9.093101016337132946e-09 4.871009983344707674e-03 4.646407542259728984e+01 1.530576078552321500e+15 8.335839927667599582e-06
1.838268479999999906e+23 4.790885992754304238e-27 6.721926788945017461e-12 9.093101016352879156e-09 4.868672459603787424e-03 4.647894630594373666e+01 1.531249549985991000e+15 8.335839927667599582e-06
1.839009120000000152e+23 4.788586919300035534e-27 6.718701038329081988e-12 9.093101016368471511e-09 4.866336057605005587e-03 4.649382194873443552e+01 1.531923021419661500e+15 8.335839927667599582e-06
1.839749760000000063e+23 4.786288949136195781e-27 6.715476835701869866e-12 9.093101016383914973e-09 4.864000776810054917e-03 4.650870235249264084e+01 1.532596492853333000e+15 8.335839927667599582e-06
1.840490399999999974e+23 4.783992081733328232e-27 6.712254180320518785e-12 9.093101016399211197e-09 4.861666616680881438e-03 4.652358751874216125e+01 1.533269964287005750e+15 8.335839927667599582e-06
1.841231039999999885e+23 4.781696316562232993e-27 6.709033071442525899e-12 9.093101016414363491e-09 4.859333576679693116e-03 4.653847744900723882e+01 1.533943435720679500e+15 8.335839927667599582e-06
1.841971680000000131e+23 4.779401653093962716e-27 6.705813508325744602e-12 9.093101016429368547e-09 4.857001656268954658e-03 4.655337214481261299e+01 1.534616907154354500e+15 8.335839927667599582e-06
1.842712320000000042e+23 4.777108090799829060e-27 6.702595490228388563e-12 9.093101016444231329e-09 4.854670854911392712e-03 4.656827160768349927e+01 1.535290378588030500e+15 8.335839927667599582e-06
1.843452959999999953e+23 4.774815629151393362e-27 6.699379016409025263e-12 9.093101016458953489e-09 4.852341172069989800e-03 4.658317583914561766e+01 1.535963850021707500e+15 8.335839927667599582e-06
1.844193599999999864e+23 4.772524267620471656e-27 6.696164086126577616e-12 9.093101016473531720e-09 4.850012607207986048e-03 4.659808484072516421e+01 1.536637321455385500e+15 8.335839927667599582e-06
1.844934240000000110e+23 4.770234005679136832e-27 6.692950698640328807e-12 9.093101016487972639e-09 4.847685159788882661e-03 4.661299861394879684e+01 1.537310792889065000e+15 8.335839927667599582e-06
1.845674880000000021e+23 4.767944842799717913e-27 6.689738853209923108e-12 9.093101016502276247e-09 4.845358829276441050e-03 4.662791716034365663e+01 1.537984264322745250e+15 8.335839927667599582e-06
1.846415519999999932e+23 4.765656778454794317e-27 6.686528549095353757e-12 9.093101016516440887e-09 4.843033615134676763e-03 4.664284048143738914e+01 1.538657735756426500e+15 8.335839927667599582e-06
1.847156159999999843e+23 4.763369812117202315e-27 6.683319785556975884e-12 9.093101016530473179e-09 4.840709516827868160e-03 4.665776857875809469e+01 1.539331207190108750e+15 8.335839927667599582e-06
1.847896800000000089e+23 4.761083943260030726e-27 6.680112561855498432e-12 9.093101016544369814e-09 4.838386533820547737e-03 4.667270145383437807e+01 1.540004678623792500e+15 8.335839927667599582e-06
1.848637440000000000e+23 4.758799171356627373e-27 6.676906877251993850e-12 9.093101016558130790e-09 4.836064665577512536e-03 4.668763910819529173e+01 1.540678150057476750e+15 8.335839927667599582e-06
1.849378079999999911e+23 4.756515495880589757e-27 6.673702731007886788e-12 9.093101016571764381e-09 4.833743911563814603e-03 4.670258154337037837e+01 1.541351621491162250e+15 8.335839927667599582e-06
1.850118720000000157e+23 4.754232916305771514e-27 6.670500122384955707e-12 9.093101016585265623e-09 4.831424271244762723e-03 4.671752876088967099e+01 1.542025092924849000e+15 8.335839927667599582e-06
1.850859360000000068e+23 4.751951432106283850e-27 6.667299050645348231e-12 9.093101016598639479e-09 4.829105744085931094e-03 4.673248076228364312e+01 1.542698564358536250e+15 8.335839927667599582e-06
1.851599999999999979e+23 4.749671042756448189e-27 6.664099515051499557e-12 9.093101016611885950e-09 4.826788329553105550e-03 4.674743754908354987e+01 1.543372035792224750e+15 8.335839927667599582e-06
1.852340639999999890e+23 4.747391747730845675e-27 6.660901514866214853e-12 9.093101016625006688e-09 4.824472027112336470e-03 4.676239912282107269e+01 1.544045507225914250e+15 8.335839927667599582e-06
1.853081280000000136e+23 4.745113546504327220e-27 6.657705049352674910e-12 9.093101016637998387e-09 4.822156836229948319e-03 4.677736548502827674e+01 1.544718978659605000e+15 8.335839927667599582e-06
1.853821920000000047e+23 4.742836438551999872e-27 6.654510117774420796e-12 9.093101016650867663e-09 4.819842756372525773e-03 4.679233663723767478e+01 1.545392450093296500e+15 8.335839927667599582e-06
1.854562559999999958e+23 4.740560423349218921e-27 6.651316719395340121e-12 9.093101016663614516e-09 4.817529787006905907e-03 4.680731258098231962e+01 1.546065921526988750e+15 8.335839927667599582e-06
1.855303199999999869e+23 4.738285500371590052e-27 6.648124853479675118e-12 9.093101016676237292e-09 4.815217927600179935e-03 4.682229331779575432e+01 1.546739392960682250e+15 8.335839927667599582e-06
1.856043840000000115e+23 4.736011669094969344e-27 6.644934519292016178e-12 9.093101016688742609e-09 4.812907177619693208e-03 4.683727884921200513e+01 1.547412864394376750e+15 8.335839927667599582e-06
1.856784480000000026e+23 4.733738928995466144e-27 6.641745716097312353e-12 9.093101016701127157e-09 4.810597536533050417e-03 4.685226917676558855e+01 1.548086335828072250e+15 8.335839927667599582e-06
1.857525119999999937e+23 4.731467279549438757e-27 6.638558443160858429e-12 9.093101016713392591e-09 4.808289003808106921e-03 4.686726430199153981e+01 1.548759807261768500e+15 8.335839927667599582e-06
1.858265759999999848e+23 4.729196720233495167e-27 6.635372699748300584e-12 9.093101016725540566e-09 4.805981578912972216e-03 4.688226422642538438e+01 1.549433278695465500e+15 8.335839927667599582e-06
1.859006400000000094e+23 4.726927250524495904e-27 6.632188485125641232e-12 9.093101016737574389e-09 4.803675261316014272e-03 4.689726895160312381e+01 1.550106750129164000e+15 8.335839927667599582e-06
1.859747040000000005e+23 4.724658869899551895e-27 6.629005798559233371e-12 9.093101016749490753e-09 4.801370050485853462e-03 4.691227847906127124e+01 1.550780221562863000e+15 8.335839927667599582e-06
1.860487679999999916e+23 4.722391577836026614e-27 6.625824639315780579e-12 9.093101016761297929e-09 4.799065945891366897e-03 4.692729281033680877e+01 1.551453692996563000e+15 8.335839927667599582e-06
1.861228320000000163e+23 4.720125373811528190e-27 6.622645006662336210e-12 9.093101016772987646e-09 4.796762947001682355e-03 4.694231194696725851e+01 1.552127164430264250e+15 8.335839927667599582e-06
1.861968960000000073e+23 4.717860257303924475e-27 6.619466899866313894e-12 9.093101016784566520e-09 4.794461053286189559e-03 4.695733589049056178e+01 1.552800635863966250e+15 8.335839927667599582e-06
1.862709599999999984e+23 4.715596227791326541e-27 6.616290318195468957e-12 9.093101016796036206e-09 4.792160264214526295e-03 4.697236464244522836e+01 1.553474107297669000e+15 8.335839927667599582e-06
1.863450239999999895e+23 4.713333284752100161e-27 6.613115260917913771e-12 9.093101016807395050e-09 4.789860579256587959e-03 4.698739820437020853e+01 1.554147578731372500e+15 8.335839927667599582e-06
1.864190880000000142e+23 4.711071427664859349e-27 6.609941727302109673e-12 9.093101016818646361e-09 4.787561997882524081e-03 4.700243657780494999e+01 1.554821050165077500e+15 8.335839927667599582e-06
1.864931520000000052e+23 4.708810656008472820e-27 6.606769716616876661e-12 9.093101016829790138e-09 4.785264519562741799e-03 4.701747976428939779e+01 1.555494521598782750e+15 8.335839927667599582e-06
1.865672159999999963e+23 4.706550969262056816e-27 6.603599228131378855e-12 9.093101016840826382e-09 4.782968143767899784e-03 4.703252776536399438e+01 1.556167993032489250e+15 8.335839927667599582e-06
1.866412799999999874e+23 4.704292366904979406e-27 6.600430261115136609e-12 9.093101016851756747e-09 4.780672869968913448e-03 4.704758058256962272e+01 1.556841464466196250e+15 8.335839927667599582e-06
1.867153440000000121e+23 4.702034848416856186e-27 6.597262814838017631e-12 9.093101016862584541e-09 4.778378697636949737e-03 4.706263821744772713e+01 1.557514935899904750e+15 8.335839927667599582e-06
1.867894080000000031e+23 4.699778413277561758e-27 6.594096888570249901e-12 9.093101016873309765e-09 4.776085626243436674e-03 4.707770067154017823e+01 1.558188407333613750e+15 8.335839927667599582e-06
1.868634719999999942e+23 4.697523060967212507e-27 6.590932481582403909e-12 9.093101016883930764e-09 4.773793655260051214e-03 4.709276794638935826e+01 1.558861878767323500e+15 8.335839927667599582e-06
1.869375359999999853e+23 4.695268790966180238e-27 6.587769593145406377e-12 9.093101016894449192e-09 4.771502784158727917e-03 4.710784004353813259e+01 1.559535350201034000e+15 8.335839927667599582e-06
1.870116000000000100e+23 4.693015602755087149e-27 6.584608222530537842e-12 9.093101016904870014e-09 4.769213012411655482e-03 4.712291696452983558e+01 1.560208821634745750e+15 8.335839927667599582e-06
1.870856640000000010e+23 4.690763495814805836e-27 6.581448369009426195e-12 9.093101016915188265e-09 4.766924339491278480e-03 4.713799871090830607e+01 1.560882293068458250e+15 8.335839927667599582e-06
1.871597279999999921e+23 4.688512469626460004e-27 6.578290031854055560e-12 9.093101016925408908e-09 4.764636764870295617e-03 4.715308528421785184e+01 1.561555764502171250e+15 8.335839927667599582e-06
1.872337920000000168e+23 4.686262523671421604e-27 6.575133210336758222e-12 9.093101016935531945e-09 4.762350288021658870e-03 4.716817668600326385e+01 1.562229235935885500e+15 8.335839927667599582e-06
1.873078560000000079e+23 4.684013657431318720e-27 6.571977903730220280e-12 9.093101016945560682e-09 4.760064908418578690e-03 4.718327291780983046e+01 1.562902707369600250e+15 8.335839927667599582e-06
1.873819199999999990e+23 4.681765870388024810e-27 6.568824111307480030e-12 9.093101016955488504e-09 4.757780625534517062e-03 4.719837398118329475e+01 1.563576178803316000e+15 8.335839927667599582e-06
1.874559839999999900e+23 4.679519162023637182e-27 6.565671832341885961e-12 9.093101016965326990e-09 4.755497438843162353e-03 4.721347987767009613e+01 1.564249650237032250e+15 8.335839927667599582e-06
1.875300480000000147e+23 4.677273531820488469e-27 6.562521066107113718e-12 9.093101016975067869e-09 4.753215347818441454e-03 4.722859060881724957e+01 1.564923121670749750e+15 8.335839927667599582e-06
1.876041120000000058e+23 4.675028979261188967e-27 6.559371811877234766e-12 9.093101016984717758e-09 4.750934351934564884e-03 4.724370617617208978e+01 1.565596593104468000e+15 8.335839927667599582e-06
1.876781759999999969e+23 4.672785503828595776e-27 6.556224068926662265e-12 9.093101016994273349e-09 4.748654450665992961e-03 4.725882658128240621e+01 1.566270064538186750e+15 8.335839927667599582e-06
1.877522399999999879e+23 4.670543105005814243e-27 6.553077836530159960e-12 9.093101017003739604e-09 4.746375643487438407e-03 4.727395182569652832e+01 1.566943535971906250e+15 8.335839927667599582e-06
1.878263040000000126e+23 4.668301782276192932e-27 6.549933113962832482e-12 9.093101017013113214e-09 4.744097929873862009e-03 4.728908191096331137e+01 1.567617007405627000e+15 8.335839927667599582e-06
1.879003680000000037e+23 4.666061535123335109e-27 6.546789900500138277e-12 9.093101017022399144e-09 4.741821309300481291e-03 4.730421683863202986e+01 1.568290478839348000e+15 8.335839927667599582e-06
1.879744319999999948e+23 4.663822363031082955e-27 6.543648195417878296e-12 9.093101017031597392e-09 4.739545781242759243e-03 4.731935661025254092e+01 1.568963950273070000e+15 8.335839927667599582e-06
1.880484959999999858e+23 4.661584265483530481e-27 6.540507997992199224e-12 9.093101017040704651e-09 4.737271345176412123e-03 4.733450122737517063e+01 1.569637421706792500e+15 8.335839927667599582e-06
1.881225600000000105e+23 4.659347241965015636e-27 6.537369307499595907e-12 9.093101017049725883e-09 4.734998000577406857e-03 4.734965069155073536e+01 1.570310893140516250e+15 8.335839927667599582e-06
1.881966240000000016e+23 4.657111291960127483e-27 6.534232123216912156e-12 9.093101017058662742e-09 4.732725746921962774e-03 4.736480500433057017e+01 1.570984364574240500e+15 8.335839927667599582e-06
1.882706879999999927e+23 4.654876414953699022e-27 6.531096444421335096e-12 9.093101017067510266e-09 4.730454583686549870e-03 4.737996416726648619e+01 1.571657836007965250e+15 8.335839927667599582e-06
1.883447519999999837e+23 4.652642610430811495e-27 6.527962270390399202e-12 9.093101017076278380e-09 4.728184510347887941e-03 4.739512818191081323e+01 1.572331307441691000e+15 8.335839927667599582e-06
1.884188160000000084e+23 4.650409877876790801e-27 6.524829600401983876e-12 9.093101017084960468e-09 4.725915526382946583e-03 4.741029704981638560e+01 1.573004778875417750e+15 8.335839927667599582e-06
1.884928799999999995e+23 4.648178216777215387e-27 6.521698433734321528e-12 9.093101017093558183e-09 4.723647631268952131e-03 4.742547077253647814e+01 1.573678250309144750e+15 8.335839927667599582e-06
1.885669439999999906e+23 4.645947626617904765e-27 6.518568769665983033e-12 9.093101017102076489e-09 4.721380824483375517e-03 4.744064935162493413e+01 1.574351721742872500e+15 8.335839927667599582e-06
1.886410080000000152e+23 4.643718106884928846e-27 6.515440607475892270e-12 9.093101017110512077e-09 4.719115105503942677e-03 4.745583278863605159e+01 1.575025193176601500e+15 8.335839927667599582e-06
1.887150720000000063e+23 4.641489657064604347e-27 6.512313946443315625e-12 9.093101017118866601e-09 4.716850473808629346e-03 4.747102108512462593e+01 1.575698664610330750e+15 8.335839927667599582e-06
1.887891359999999974e+23 4.639262276643494076e-27 6.509188785847869256e-12 9.093101017127141716e-09 4.714586928875662795e-03 4.748621424264596413e+01 1.576372136044060500e+15 8.335839927667599582e-06
1.888631999999999885e+23 4.637035965108408366e-27 6.506065124969513444e-12 9.093101017135335767e-09 4.712324470183520096e-03 4.750141226275585637e+01 1.577045607477791250e+15 8.335839927667599582e-06
1.889372640000000131e+23 4.634810721946403639e-27 6.502942963088555818e-12 9.093101017143455372e-09 4.710063097210930722e-03 4.751661514701056177e+01 1.577719078911522750e+15 8.335839927667599582e-06
1.890113280000000042e+23 4.632586546644785999e-27 6.499822299485649745e-12 9.093101017151495568e-09 4.707802809436874812e-03 4.753182289696686524e+01 1.578392550345254750e+15 8.335839927667599582e-06
1.890853919999999953e+23 4.630363438691106918e-27 6.496703133441800790e-12 9.093101017159458008e-09 4.705543606340584911e-03 4.754703551418203489e+01 1.579066021778987500e+15 8.335839927667599582e-06
1.891594559999999864e+23 4.628141397573163244e-27 6.493585464238352981e-12 9.093101017167344348e-09 4.703285487401540760e-03 4.756225300021381486e+01 1.579739493212721000e+15 8.335839927667599582e-06
1.892335200000000110e+23 4.625920422779001503e-27 6.490469291157000932e-12 9.093101017175156242e-09 4.701028452099477103e-03 4.757747535662046090e+01 1.580412964646455250e+15 8.335839927667599582e-06
1.893075840000000021e+23 4.623700513796915743e-27 6.487354613479788222e-12 9.093101017182893689e-09 4.698772499914379355e-03 4.759270258496069061e+01 1.581086436080190000e+15 8.335839927667599582e-06
1.893816479999999932e+23 4.621481670115443955e-27 6.484241430489100125e-12 9.093101017190558345e-09 4.696517630326480994e-03 4.760793468679374740e+01 1.581759907513925250e+15 8.335839927667599582e-06
1.894557119999999843e+23 4.619263891223373803e-27 6.481129741467672501e-12 9.093101017198146900e-09 4.694263842816270502e-03 4.762317166367932941e+01 1.582433378947661250e+15 8.335839927667599582e-06
1.895297760000000089e+23 4.617047176609736892e-27 6.478019545698584519e-12 9.093101017205665972e-09 4.692011136864482693e-03 4.763841351717763217e+01 1.583106850381398250e+15 8.335839927667599582e-06
1.896038400000000000e+23 4.614831525763818092e-27 6.474910842465265932e-12 9.093101017213110597e-09 4.689759511952109987e-03 4.765366024884932727e+01 1.583780321815135500e+15 8.335839927667599582e-06
1.896779039999999911e+23 4.612616938175143339e-27 6.471803631051491421e-12 9.093101017220485740e-09 4.687508967560390268e-03 4.766891186025559790e+01 1.584453793248873500e+15 8.335839927667599582e-06
1.897519680000000157e+23 4.610403413333465291e-27 6.468697910741349898e-12 9.093101017227789744e-09 4.685259503170792136e-03 4.768416835295825251e+01 1.585127264682612250e+15 8.335839927667599582e-06
1.898260320000000068e+23 4.608190950728759017e-27 6.465593680819242084e-12 9.093101017235024266e-09 4.683011118265008842e-03 4.769942972851975327e+01 1.585800736116351500e+15 8.335839927667599582e-06
1.899000959999999979e+23 4.605979549851275811e-27 6.462490940569958057e-12 9.093101017242189304e-09 4.680763812325015524e-03 4.771469598850284655e+01 1.586474207550091250e+15 8.335839927667599582e-06
1.899741599999999890e+23 4.603769210191509472e-27 6.459389689278627973e-12 9.093101017249286514e-09 4.678517584833034523e-03 4.772996713447078321e+01 1.587147678983831750e+15 8.335839927667599582e-06
1.900482240000000136e+23 4.601559931240199887e-27 6.456289926230723689e-12 9.093101017256314241e-09 4.676272435271535376e-03 4.774524316798733992e+01 1.587821150417573000e+15 8.335839927667599582e-06
1.901222880000000047e+23 4.599351712488330882e-27 6.453191650712063602e-12 9.093101017263277447e-09 4.674028363123238286e-03 4.776052409061673387e+01 1.588494621851314750e+15 8.335839927667599582e-06
1.901963519999999958e+23 4.597144553427126634e-27 6.450094862008802960e-12 9.093101017270172825e-09 4.671785367871107188e-03 4.777580990392377913e+01 1.589168093285057000e+15 8.335839927667599582e-06
1.902704159999999869e+23 4.594938453548055974e-27 6.446999559407439518e-12 9.093101017277002028e-09 4.669543448998354079e-03 4.779110060947373029e+01 1.589841564718799750e+15 8.335839927667599582e-06
1.903444800000000115e+23 4.592733412342833108e-27 6.443905742194811107e-12 9.093101017283766711e-09 4.667302605988439025e-03 4.780639620883237484e+01 1.590515036152543500e+15 8.335839927667599582e-06
1.904185440000000026e+23 4.590529429303412592e-27 6.440813409658102107e-12 9.093101017290466874e-09 4.665062838325070155e-03 4.782169670356600477e+01 1.591188507586287500e+15 8.335839927667599582e-06
1.904926079999999937e+23 4.588326503921995790e-27 6.437722561084834551e-12 9.093101017297100862e-09 4.662824145492201929e-03 4.783700209524139524e+01 1.591861979020032000e+15 8.335839927667599582e-06
1.905666719999999848e+23 4.586124635691023698e-27 6.434633195762870555e-12 9.093101017303671985e-09 4.660586526974036005e-03 4.785231238542584720e+01 1.592535450453777250e+15 8.335839927667599582e-06
1.906407360000000094e+23 4.583923824103182686e-27 6.431545312980415549e-12 9.093101017310181896e-09 4.658349982255020373e-03 4.786762757568717319e+01 1.593208921887523250e+15 8.335839927667599582e-06
1.907148000000000005e+23 4.581724068651403062e-27 6.428458912026018272e-12 9.093101017316628942e-09 4.656114510819853690e-03 4.788294766759364762e+01 1.593882393321269500e+15 8.335839927667599582e-06
1.907888639999999916e+23 4.579525368828857638e-27 6.425373992188566739e-12 9.093101017323014776e-09 4.653880112153479208e-03 4.789827266271408490e+01 1.594555864755016250e+15 8.335839927667599582e-06
1.908629280000000163e+23 4.577327724128961728e-27 6.422290552757289044e-12 9.093101017329337745e-09 4.651646785741087378e-03 4.791360256261779682e+01 1.595229336188764000e+15 8.335839927667599582e-06
1.909369920000000073e+23 4.575131134045377453e-27 6.419208593021760634e-12 9.093101017335604465e-09 4.649414531068118452e-03 4.792893736887456413e+01 1.595902807622512000e+15 8.335839927667599582e-06
1.910110559999999984e+23 4.572935598072005851e-27 6.416128112271891382e-12 9.093101017341809974e-09 4.647183347620257275e-03 4.794427708305469338e+01 1.596576279056260500e+15 8.335839927667599582e-06
1.910851199999999895e+23 4.570741115702993334e-27 6.413049109797934472e-12 9.093101017347952618e-09 4.644953234883436761e-03 4.795962170672900982e+01 1.597249750490009500e+15 8.335839927667599582e-06
1.911591840000000142e+23 4.568547686432730250e-27 6.409971584890488825e-12 9.093101017354040667e-09 4.642724192343837888e-03 4.797497124146878633e+01 1.597923221923759500e+15 8.335839927667599582e-06
1.912332480000000052e+23 4.566355309755852321e-27 6.406895536840492636e-12 9.093101017360067505e-09 4.640496219487890567e-03 4.799032568884581451e+01 1.598596693357509500e+15 8.335839927667599582e-06
1.913073119999999963e+23 4.564163985167233467e-27 6.403820964939222563e-12 9.093101017366038094e-09 4.638269315802268436e-03 4.800568505043241174e+01 1.599270164791260000e+15 8.335839927667599582e-06
1.913813759999999874e+23 4.561973712161994416e-27 6.400747868478299387e-12 9.093101017371952436e-09 4.636043480773894068e-03 4.802104932780135016e+01 1.599943636225011250e+15 8.335839927667599582e-06
1.914554400000000121e+23 4.559784490235498400e-27 6.397676246749685583e-12 9.093101017377808875e-09 4.633818713889937234e-03 4.803641852252592770e+01 1.600617107658763250e+15 8.335839927667599582e-06
1.915295040000000031e+23 4.557596318883354022e-27 6.394606099045685325e-12 9.093101017383609065e-09 4.631595014637817503e-03 4.805179263617990415e+01 1.601290579092515250e+15 8.335839927667599582e-06
1.916035679999999942e+23 4.555409197601410237e-27 6.391537424658941250e-12 9.093101017389356316e-09 4.629372382505197309e-03 4.806717167033757931e+01 1.601964050526268000e+15 8.335839927667599582e-06
1.916776319999999853e+23 4.553223125885760656e-27 6.388470222882444157e-12 9.093101017395045664e-09 4.627150816979990616e-03 4.808255562657370064e+01 1.602637521960021000e+15 8.335839927667599582e-06
1.917516960000000100e+23 4.551038103232742109e-27 6.385404493009515229e-12 9.093101017400683727e-09 4.624930317550354254e-03 4.809794450646354846e+01 1.603310993393775000e+15 8.335839927667599582e-06
1.918257600000000010e+23 4.548854129138936083e-27 6.382340234333829467e-12 9.093101017406267196e-09 4.622710883704697453e-03 4.811333831158285790e+01 1.603984464827529250e+15 8.335839927667599582e-06
1.918998239999999921e+23 4.546671203101167285e-27 6.379277446149399526e-12 9.093101017411794417e-09 4.620492514931674906e-03 4.812873704350786852e+01 1.604657936261283750e+15 8.335839927667599582e-06
1.919738879999999832e+23 4.544489324616500773e-27 6.376216127750572488e-12 9.093101017417270353e-09 4.618275210720185903e-03 4.814414070381533861e+01 1.605331407695039000e+15 8.335839927667599582e-06
1.920479520000000079e+23 4.542308493182232627e-27 6.373156278432022594e-12 9.093101017422695003e-09 4.616058970559364788e-03 4.815954929408258067e+01 1.606004879128794750e+15 8.335839927667599582e-06
1.921220159999999990e+23 4.540128708295869147e-27 6.370097897488718119e-12 9.093101017428068369e-09 4.613843793938558410e-03 4.817496281588766749e+01 1.606678350562550750e+15 8.335839927667599582e-06
1.921960799999999900e+23 4.537949969455187115e-27 6.367040984216007003e-12 9.093101017433387140e-09 4.611629680347389439e-03 4.819038127080892764e+01 1.607351821996307500e+15 8.335839927667599582e-06
1.922701440000000147e+23 4.535772276158206535e-27 6.363985537909578880e-12 9.093101017438657935e-09 4.609416629275727741e-03 4.820580466042521550e+01 1.608025293430064750e+15 8.335839927667599582e-06
1.923442080000000058e+23 4.533595627903189912e-27 6.360931557865461853e-12 9.093101017443877445e-09 4.607204640213689514e-03 4.822123298631585442e+01 1.608698764863822000e+15 8.335839927667599582e-06
1.924182719999999969e+23 4.531420024188637235e-27 6.357879043380020065e-12 9.093101017449048978e-09 4.604993712651632085e-03 4.823666625006072195e+01 1.609372236297580000e+15 8.335839927667599582e-06
1.924923359999999879e+23 4.529245464513289559e-27 6.354827993749955316e-12 9.093101017454167571e-09 4.602783846080158239e-03 4.825210445324017172e+01 1.610045707731338250e+15 8.335839927667599582e-06
1.925664000000000126e+23 4.527071948376124703e-27 6.351778408272298988e-12 9.093101017459239843e-09 4.600575039990111026e-03 4.826754759743509027e+01 1.610719179165097500e+15 8.335839927667599582e-06
1.926404640000000037e+23 4.524899475276365140e-27 6.348730286244426581e-12 9.093101017464264138e-09 4.598367293872581557e-03 4.828299568422687571e+01 1.611392650598856750e+15 8.335839927667599582e-06
1.927145279999999948e+23 4.522728044713471545e-27 6.345683626964051255e-12 9.093101017469237148e-09 4.596160607218903807e-03 4.829844871519740224e+01 1.612066122032616250e+15 8.335839927667599582e-06
1.927885919999999858e+23 4.520557656187140635e-27 6.342638429729213324e-12 9.093101017474165490e-09 4.593954979520652009e-03 4.831390669192911247e+01 1.612739593466376500e+15 8.335839927667599582e-06
1.928626560000000105e+23 4.518388309197312349e-27 6.339594693838294799e-12 9.093101017479045855e-09 4.591750410269645859e-03 4.832936961600491088e+01 1.613413064900137250e+15 8.335839927667599582e-06
1.929367200000000016e+23 4.516220003244166978e-27 6.336552418590016967e-12 9.093101017483878245e-09 4.589546898957951385e-03 4.834483748900823485e+01 1.614086536333898250e+15 8.335839927667599582e-06
1.930107839999999927e+23 4.514052737828124445e-27 6.333511603283436345e-12 9.093101017488667620e-09 4.587344445077876608e-03 4.836031031252298362e+01 1.614760007767659500e+15 8.335839927667599582e-06
1.930848479999999837e+23 4.511886512449841435e-27 6.330472247217940650e-12 9.093101017493409020e-09 4.585143048121970676e-03 4.837578808813365328e+01 1.615433479201421250e+15 8.335839927667599582e-06
1.931589120000000084e+23 4.509721326610216423e-27 6.327434349693259292e-12 9.093101017498105751e-09 4.582942707583028200e-03 4.839127081742514491e+01 1.616106950635183750e+15 8.335839927667599582e-06
1.932329759999999995e+23 4.507557179810388946e-27 6.324397910009457725e-12 9.093101017502757815e-09 4.580743422954090122e-03 4.840675850198293517e+01 1.616780422068946500e+15 8.335839927667599582e-06
1.933070399999999906e+23 4.505394071551736028e-27 6.321362927466933405e-12 9.093101017507365211e-09 4.578545193728436775e-03 4.842225114339296965e+01 1.617453893502709500e+15 8.335839927667599582e-06
1.933811040000000152e+23 4.503232001335875758e-27 6.318329401366427909e-12 9.093101017511927939e-09 4.576348019399594826e-03 4.843774874324171975e+01 1.618127364936473000e+15 8.335839927667599582e-06
1.934551680000000063e+23 4.501070968664666574e-27 6.315297331009012393e-12 9.093101017516447654e-09 4.574151899461334665e-03 4.845325130311613293e+01 1.618800836370236750e+15 8.335839927667599582e-06
1.935292319999999974e+23 4.498910973040204400e-27 6.312266715696096481e-12 9.093101017520924355e-09 4.571956833407667814e-03 4.846875882460369667e+01 1.619474307804001000e+15 8.335839927667599582e-06
1.936032959999999885e+23 4.496752013964828375e-27 6.309237554729428258e-12 9.093101017525359698e-09 4.569762820732852990e-03 4.848427130929236739e+01 1.620147779237765500e+15 8.335839927667599582e-06
1.936773600000000131e+23 4.494594090941112970e-27 6.306209847411089432e-12 9.093101017529750373e-09 4.567569860931389170e-03 4.849978875877062734e+01 1.620821250671530750e+15 8.335839927667599582e-06
1.937514240000000042e+23 4.492437203471878028e-27 6.303183593043500173e-12 9.093101017534098034e-09 4.565377953498022529e-03 4.851531117462742770e+01 1.621494722105296000e+15 8.335839927667599582e-06
1.938254879999999953e+23 4.490281351060178003e-27 6.300158790929416697e-12 9.093101017538405991e-09 4.563187097927740368e-03 4.853083855845224548e+01 1.622168193539061750e+15 8.335839927667599582e-06
1.938995519999999864e+23 4.488126533209309851e-27 6.297135440371931259e-12 9.093101017542674243e-09 4.560997293715773719e-03 4.854637091183506925e+01 1.622841664972827750e+15 8.335839927667599582e-06
1.939736160000000110e+23 4.485972749422808730e-27 6.294113540674468925e-12 9.093101017546899481e-09 4.558808540357597340e-03 4.856190823636636367e+01 1.623515136406594500e+15 8.335839927667599582e-06
1.940476800000000021e+23 4.483819999204451578e-27 6.291093091140798076e-12 9.093101017551086669e-09 4.556620837348932321e-03 4.857745053363707655e+01 1.624188607840361250e+15 8.335839927667599582e-06
1.941217439999999932e+23 4.481668282058254971e-27 6.288074091075022324e-12 9.093101017555230844e-09 4.554434184185740878e-03 4.859299780523866730e+01 1.624862079274128500e+15 8.335839927667599582e-06
1.941958079999999843e+23 4.479517597488472246e-27 6.285056539781574863e-12 9.093101017559335314e-09 4.552248580364228088e-03 4.860855005276312824e+01 1.625535550707896000e+15 8.335839927667599582e-06
1.942698720000000089e+23 4.477367944999599244e-27 6.282040436565233006e-12 9.093101017563403389e-09 4.550064025380844493e-03 4.862410727780289221e+01 1.626209022141664000e+15 8.335839927667599582e-06
1.943439360000000000e+23 4.475219324096363547e-27 6.279025780731094761e-12 9.093101017567433413e-09 4.547880518732275688e-03 4.863966948195098183e+01 1.626882493575432250e+15 8.335839927667599582e-06
1.944179999999999911e+23 4.473071734283688605e-27 6.276012571584536016e-12 9.093101017571420423e-09 4.545698059915407631e-03 4.865523666680120130e+01 1.627555965009200750e+15 8.335839927667599582e-06
1.944920640000000157e+23 4.470925175066766199e-27 6.273000808431309899e-12 9.093101017575372692e-09 4.543516648427398628e-03 4.867080883394764612e+01 1.628229436442969750e+15 8.335839927667599582e-06
1.945661280000000068e+23 4.468779645951034919e-27 6.269990490577512042e-12 9.093101017579286911e-09 4.541336283765655922e-03 4.868638598498488790e+01 1.628902907876739000e+15 8.335839927667599582e-06
1.946401919999999979e+23 4.466635146442164378e-27 6.266981617329566043e-12 9.093101017583159770e-09 4.539156965427823542e-03 4.870196812150801691e+01 1.629576379310508500e+15 8.335839927667599582e-06
1.947142559999999890e+23 4.464491676046063104e-27 6.263974187994229117e-12 9.093101017587001197e-09 4.536978692911788381e-03 4.871755524511264213e+01 1.630249850744278500e+15 8.335839927667599582e-06
1.947883200000000136e+23 4.462349234268872087e-27 6.260968201878585634e-12 9.093101017590802919e-09 4.534801465715673253e-03 4.873314735739489834e+01 1.630923322178048750e+15 8.335839927667599582e-06
1.948623840000000047e+23 4.460207820616977685e-27 6.257963658290060049e-12 9.093101017594568245e-09 4.532625283337848171e-03 4.874874445995139638e+01 1.631596793611819250e+15 8.335839927667599582e-06
1.949364479999999958e+23 4.458067434596991545e-27 6.254960556536400740e-12 9.093101017598300484e-09 4.530450145276916467e-03 4.876434655437930843e+01 1.632270265045590000e+15 8.335839927667599582e-06
1.950105119999999869e+23 4.455928075715769247e-27 6.251958895925688895e-12 9.093101017601996327e-09 4.528276051031724335e-03 4.877995364227630404e+01 1.632943736479361250e+15 8.335839927667599582e-06
1.950845760000000115e+23 4.453789743480396681e-27 6.248958675766338514e-12 9.093101017605654120e-09 4.526103000101356494e-03 4.879556572524058566e+01 1.633617207913133000e+15 8.335839927667599582e-06
1.951586400000000026e+23 4.451652437398201522e-27 6.245959895367094794e-12 9.093101017609277171e-09 4.523930991985140523e-03 4.881118280487082473e+01 1.634290679346904500e+15 8.335839927667599582e-06
1.952327039999999937e+23 4.449516156976744619e-27 6.242962554037034123e-12 9.093101017612867135e-09 4.521760026182642528e-03 4.882680488276624686e+01 1.634964150780676500e+15 8.335839927667599582e-06
1.953067679999999848e+23 4.447380901723823587e-27 6.239966651085565705e-12 9.093101017616424012e-09 4.519590102193668003e-03 4.884243196052656799e+01 1.635637622214448750e+15 8.335839927667599582e-06
1.953808320000000094e+23 4.445246671147472085e-27 6.236972185822425898e-12 9.093101017619944492e-09 4.517421219518262705e-03 4.885806403975204404e+01 1.636311093648221750e+15 8.335839927667599582e-06
1.954548960000000005e+23 4.443113464755961254e-27 6.233979157557687909e-12 9.093101017623431886e-09 4.515253377656713515e-03 4.887370112204342121e+01 1.636984565081994500e+15 8.335839927667599582e-06
1.955289599999999916e+23 4.440981282057796128e-27 6.230987565601754525e-12 9.093101017626886192e-09 4.513086576109546708e-03 4.888934320900192887e+01 1.637658036515767750e+15 8.335839927667599582e-06
1.956030240000000163e+23 4.438850122561719222e-27 6.227997409265357308e-12 9.093101017630305757e-09 4.510920814377527947e-03 4.890499030222937193e+01 1.638331507949541500e+15 8.335839927667599582e-06
1.956770880000000073e+23 4.436719985776709815e-27 6.225008687859561435e-12 9.093101017633697197e-09 4.508756091961664027e-03 4.892064240332801006e+01 1.639004979383315250e+15 8.335839927667599582e-06
1.957511519999999984e+23 4.434590871211984665e-27 6.222021400695766511e-12 9.093101017637052242e-09 4.506592408363202865e-03 4.893629951390062160e+01 1.639678450817089250e+15 8.335839927667599582e-06
1.958252159999999895e+23 4.432462778376992273e-27 6.219035547085697683e-12 9.093101017640377508e-09 4.504429763083629169e-03 4.895196163555051783e+01 1.640351922250863500e+15 8.335839927667599582e-06
1.958992800000000142e+23 4.430335706781420773e-27 6.216051126341412099e-12 9.093101017643669687e-09 4.502268155624668776e-03 4.896762876988150026e+01 1.641025393684638250e+15 8.335839927667599582e-06
1.959733440000000052e+23 4.428209655935194345e-27 6.213068137775305373e-12 9.093101017646928778e-09 4.500107585488290381e-03 4.898330091849786783e+01 1.641698865118413000e+15 8.335839927667599582e-06
1.960474079999999963e+23 4.426084625348473930e-27 6.210086580700099469e-12 9.093101017650159746e-09 4.497948052176700337e-03 4.899897808300442392e+01 1.642372336552188000e+15 8.335839927667599582e-06
1.961214719999999874e+23 4.423960614531653648e-27 6.207106454428844315e-12 9.093101017653357626e-09 4.495789555192344390e-03 4.901466026500650486e+01 1.643045807985963500e+15 8.335839927667599582e-06
1.961955360000000121e+23 4.421837622995365817e-27 6.204127758274926686e-12 9.093101017656527382e-09 4.493632094037909412e-03 4.903034746610993722e+01 1.643719279419739250e+15 8.335839927667599582e-06
1.962696000000000031e+23 4.419715650250481670e-27 6.201150491552065365e-12 9.093101017659665705e-09 4.491475668216323401e-03 4.904603968792102364e+01 1.644392750853515000e+15 8.335839927667599582e-06
1.963436639999999942e+23 4.417594695808103463e-27 6.198174653574306286e-12 9.093101017662772596e-09 4.489320277230752880e-03 4.906173693204660680e+01 1.645066222287291000e+15 8.335839927667599582e-06
1.964177279999999853e+23 4.415474759179574521e-27 6.195200243656031430e-12 9.093101017665851362e-09 4.487165920584605498e-03 4.907743920009401961e+01 1.645739693721067500e+15 8.335839927667599582e-06
1.964917920000000100e+23 4.413355839876469193e-27 6.192227261111946701e-12 9.093101017668900350e-09 4.485012597781525695e-03 4.909314649367109951e+01 1.646413165154844250e+15 8.335839927667599582e-06
1.965658560000000010e+23 4.411237937410603613e-27 6.189255705257098890e-12 9.093101017671921213e-09 4.482860308325404240e-03 4.910885881438615996e+01 1.647086636588621000e+15 8.335839927667599582e-06
1.966399199999999921e+23 4.409121051294021351e-27 6.186285575406854679e-12 9.093101017674912298e-09 4.480709051720360887e-03 4.912457616384809000e+01 1.647760108022398000e+15 8.335839927667599582e-06
1.967139840000000168e+23 4.407005181038960412e-27 6.183316870876848932e-12 9.093101017677875259e-09 4.478558827470714883e-03 4.914029854366658157e+01 1.648433579456175500e+15 8.335839927667599582e-06
1.967880480000000079e+23 4.404890326157919956e-27 6.180349590983089719e-12 9.093101017680810096e-09 4.476409635081050019e-03 4.915602595545161790e+01 1.649107050889953000e+15 8.335839927667599582e-06
1.968621119999999990e+23 4.402776486163639495e-27 6.177383735041914685e-12 9.093101017683715154e-09 4.474261474056193816e-03 4.917175840081370097e+01 1.649780522323730750e+15 8.335839927667599582e-06
1.969361759999999900e+23 4.400663660569090998e-27 6.174419302369996712e-12 9.093101017686593743e-09 4.472114343901212319e-03 4.918749588136379458e+01 1.650453993757508500e+15 8.335839927667599582e-06
1.970102400000000147e+23 4.398551848887481047e-27 6.171456292284326953e-12 9.093101017689445862e-09 4.469968244121406628e-03 4.920323839871343097e+01 1.651127465191287000e+15 8.335839927667599582e-06
1.970843040000000058e+23 4.396441050632247964e-27 6.168494704102230985e-12 9.093101017692268202e-09 4.467823174222315501e-03 4.921898595447463265e+01 1.651800936625065500e+15 8.335839927667599582e-06
1.971583679999999969e+23 4.394331265317063246e-27 6.165534537141356698e-12 9.093101017695065727e-09 4.465679133709714484e-03 4.923473855025996215e+01 1.652474408058844000e+15 8.335839927667599582e-06
1.972324319999999879e+23 4.392222492455829417e-27 6.162575790719679943e-12 9.093101017697835127e-09 4.463536122089614179e-03 4.925049618768250070e+01 1.653147879492622750e+15 8.335839927667599582e-06
1.973064960000000126e+23 4.390114731562682892e-27 6.159618464155499691e-12 9.093101017700578058e-09 4.461394138868261978e-03 4.926625886835584112e+01 1.653821350926402000e+15 8.335839927667599582e-06
1.973805600000000037e+23 4.388007982151994696e-27 6.156662556767446914e-12 9.093101017703296174e-09 4.459253183552143798e-03 4.928202659389410201e+01 1.654494822360181250e+15 8.335839927667599582e-06
1.974546239999999948e+23 4.385902243738365445e-27 6.153708067874474896e-12 9.093101017705987820e-09 4.457113255647978875e-03 4.929779936591192069e+01 1.655168293793960500e+15 8.335839927667599582e-06
1.975286879999999858e+23 4.383797515836631084e-27 6.150754996795868114e-12 9.093101017708652995e-09 4.454974354662726704e-03 4.931357718602444606e+01 1.655841765227740000e+15 8.335839927667599582e-06
1.976027520000000105e+23 4.381693797961857143e-27 6.147803342851229317e-12 9.093101017711293356e-09 4.452836480103578368e-03 4.932936005584737416e+01 1.656515236661520250e+15 8.335839927667599582e-06
1.976768160000000016e+23 4.379591089629344485e-27 6.144853105360496488e-12 9.093101017713907247e-09 4.450699631477966073e-03 4.934514797699687705e+01 1.657188708095300250e+15 8.335839927667599582e-06
1.977508799999999927e+23 4.377489390354627145e-27 6.141904283643929112e-12 9.093101017716497976e-09 4.448563808293557083e-03 4.936094095108964552e+01 1.657862179529080250e+15 8.335839927667599582e-06
1.978249439999999837e+23 4.375388699653470185e-27 6.138956877022116254e-12 9.093101017719062236e-09 4.446429010058253715e-03 4.937673897974293880e+01 1.658535650962860500e+15 8.335839927667599582e-06
1.978990080000000084e+23 4.373289017041870407e-27 6.136010884815969287e-12 9.093101017721604990e-09 4.444295236280195946e-03 4.939254206457446372e+01 1.659209122396641500e+15 8.335839927667599582e-06
1.979730719999999995e+23 4.371190342036060657e-27 6.133066306346729974e-12 9.093101017724121273e-09 4.442162486467760539e-03 4.940835020720249560e+01 1.659882593830422000e+15 8.335839927667599582e-06
1.980471359999999906e+23 4.369092674152503373e-27 6.130123140935965617e-12 9.093101017726611087e-09 4.440030760129560182e-03 4.942416340924579288e+01 1.660556065264203000e+15 8.335839927667599582e-06
1.981212000000000152e+23 4.366996012907895602e-27 6.127181387905569061e-12 9.093101017729081048e-09 4.437900056774444352e-03 4.943998167232362562e+01 1.661229536697984250e+15 8.335839927667599582e-06
1.981952640000000063e+23 4.364900357819167566e-27 6.124241046577760303e-12 9.093101017731526194e-09 4.435770375911499315e-03 4.945580499805578967e+01 1.661903008131765500e+15 8.335839927667599582e-06
1.982693279999999974e+23 4.362805708403479080e-27 6.121302116275085694e-12 9.093101017733948179e-09 4.433641717050046394e-03 4.947163338806259247e+01 1.662576479565547000e+15 8.335839927667599582e-06
1.983433919999999885e+23 4.360712064178227434e-27 6.118364596320421162e-12 9.093101017736345348e-09 4.431514079699646301e-03 4.948746684396483175e+01 1.663249950999328500e+15 8.335839927667599582e-06
1.984174560000000131e+23 4.358619424661035924e-27 6.115428486036960904e-12 9.093101017738722665e-09 4.429387463370091337e-03 4.950330536738385945e+01 1.663923422433110500e+15 8.335839927667599582e-06
1.984915200000000042e+23 4.356527789369768913e-27 6.112493784748235163e-12 9.093101017741075167e-09 4.427261867571416661e-03 4.951914895994148225e+01 1.664596893866892250e+15 8.335839927667599582e-06
1.985655839999999953e+23 4.354437157822517482e-27 6.109560491778097297e-12 9.093101017743404507e-09 4.425137291813889887e-03 4.953499762326004685e+01 1.665270365300674500e+15 8.335839927667599582e-06
1.986396479999999864e+23 4.352347529537606606e-27 6.106628606450722974e-12 9.093101017745712341e-09 4.423013735608014550e-03 4.955085135896241866e+01 1.665943836734456500e+15 8.335839927667599582e-06
1.987137120000000110e+23 4.350258904033594436e-27 6.103698128090618249e-12 9.093101017748000323e-09 4.420891198464531845e-03 4.956671016867193913e+01 1.666617308168239250e+15 8.335839927667599582e-06
1.987877760000000021e+23 4.348171280829273017e-27 6.100769056022617142e-12 9.093101017750263489e-09 4.418769679894421487e-03 4.958257405401246842e+01 1.667290779602021750e+15 8.335839927667599582e-06
1.988618399999999932e+23 4.346084659443665417e-27 6.097841389571879214e-12 9.093101017752505148e-09 4.416649179408897383e-03 4.959844301660839250e+01 1.667964251035804250e+15 8.335839927667599582e-06
1.989359039999999843e+23 4.343999039396027163e-27 6.094915128063885528e-12 9.093101017754726956e-09 4.414529696519408491e-03 4.961431705808459469e+01 1.668637722469587000e+15 8.335839927667599582e-06
1.990099680000000089e+23 4.341914420205801041e-27 6.091990270824385333e-12 9.093101017756928910e-09 4.412411230737596328e-03 4.963019618006678257e+01 1.669311193903370500e+15 8.335839927667599582e-06
1.990840320000000000e+23 4.339830801392685252e-27 6.089066817179481694e-12 9.093101017759106050e-09 4.410293781575359146e-03 4.964608038418104030e+01 1.669984665337153500e+15 8.335839927667599582e-06
1.991580959999999911e+23 4.337748182476611894e-27 6.086144766455609676e-12 9.093101017761264991e-09 4.408177348544836324e-03 4.966196967205392099e+01 1.670658136770936750e+15 8.335839927667599582e-06
1.992321600000000157e+23 4.335666562977750542e-27 6.083224117979534733e-12 9.093101017763402426e-09 4.406061931158404901e-03 4.967786404531245381e+01 1.671331608204720250e+15 8.335839927667599582e-06
1.993062240000000068e+23 4.333585942416496059e-27 6.080304871078339784e-12 9.093101017765520008e-09 4.403947528928674367e-03 4.969376350558422217e+01 1.672005079638503750e+15 8.335839927667599582e-06
1.993802879999999979e+23 4.331506320313473612e-27 6.077387025079430863e-12 9.093101017767616084e-09 4.401834141368485796e-03 4.970966805449732107e+01 1.672678551072287500e+15 8.335839927667599582e-06
1.994543519999999890e+23 4.329427696189535804e-27 6.074470579310532274e-12 9.093101017769693962e-09 4.399721767990912719e-03 4.972557769368039970e+01 1.673352022506071250e+15 8.335839927667599582e-06
1.995284160000000136e+23 4.327350069565768414e-27 6.071555533099695480e-12 9.093101017771750333e-09 4.397610408309263717e-03 4.974149242476259758e+01 1.674025493939855250e+15 8.335839927667599582e-06
1.996024800000000047e+23 4.325273439963481790e-27 6.068641885775288596e-12 9.093101017773786851e-09 4.395500061837078962e-03 4.975741224937362261e+01 1.674698965373639250e+15 8.335839927667599582e-06
1.996765439999999958e+23 4.323197806904220170e-27 6.065729636666006898e-12 9.093101017775805172e-09 4.393390728088132809e-03 4.977333716914365880e+01 1.675372436807423500e+15 8.335839927667599582e-06
1.997506079999999869e+23 4.321123169909753796e-27 6.062818785100861503e-12 9.093101017777803640e-09 4.391282406576431201e-03 4.978926718570344434e+01 1.676045908241207500e+15 8.335839927667599582e-06
1.998246720000000115e+23 4.319049528502082497e-27 6.059909330409187459e-12 9.093101017779782256e-09 4.389175096816212533e-03 4.980520230068427168e+01 1.676719379674992250e+15 8.335839927667599582e-06
1.998987360000000026e+23 4.316976882203437127e-27 6.057001271920644544e-12 9.093101017781742674e-09 4.387068798321951991e-03 4.982114251571787378e+01 1.677392851108776750e+15 8.335839927667599582e-06
1.999727999999999937e+23 4.314905230536276693e-27 6.054094608965210807e-12 9.093101017783684894e-09 4.384963510608353744e-03 4.983708783243658047e+01 1.678066322542561250e+15 8.335839927667599582e-06
2.000468639999999848e+23 4.312834573023289792e-27 6.051189340873185799e-12 9.093101017785608917e-09 4.382859233190356148e-03 4.985303825247321186e+01 1.678739793976346000e+15 8.335839927667599582e-06
2.001209280000000094e+23 4.310764909187391738e-27 6.048285466975189766e-12 9.093101017787514741e-09 4.380755965583130011e-03 4.986899377746110673e+01 1.679413265410131250e+15 8.335839927667599582e-06
2.001949920000000005e+23 4.308696238551731740e-27 6.045382986602170108e-12 9.093101017789402367e-09 4.378653707302081199e-03 4.988495440903413680e+01 1.680086736843916000e+15 8.335839927667599582e-06
2.002690559999999916e+23 4.306628560639686442e-27 6.042481899085391691e-12 9.093101017791268486e-09 4.376552457862848029e-03 4.990092014882668536e+01 1.680760208277701000e+15 8.335839927667599582e-06
2.003431200000000163e+23 4.304561874974858491e-27 6.039582203756439265e-12 9.093101017793119717e-09 4.374452216781297802e-03 4.991689099847366151e+01 1.681433679711486500e+15 8.335839927667599582e-06
2.004171840000000073e+23 4.302496181081085861e-27 6.036683899947224737e-12 9.093101017794954403e-09 4.372352983573537209e-03 4.993286695961047883e+01 1.682107151145271750e+15 8.335839927667599582e-06
2.004912479999999984e+23 4.300431478482429659e-27 6.033786986989975862e-12 9.093101017796769237e-09 4.370254757755901061e-03 4.994884803387309091e+01 1.682780622579057000e+15 8.335839927667599582e-06
2.005653119999999895e+23 4.298367766703185601e-27 6.030891464217247550e-12 9.093101017798567528e-09 4.368157538844960087e-03 4.996483422289793452e+01 1.683454094012842500e+15 8.335839927667599582e-06
2.006393760000000142e+23 4.296305045267872538e-27 6.027997330961909751e-12 9.093101017800349275e-09 4.366061326357514004e-03 4.998082552832201486e+01 1.684127565446628250e+15 8.335839927667599582e-06
2.007134400000000052e+23 4.294243313701246080e-27 6.025104586557164419e-12 9.093101017802114479e-09 4.363966119810601917e-03 4.999682195178278477e+01 1.684801036880413750e+15 8.335839927667599582e-06
2.007875039999999963e+23 4.292182571528285689e-27 6.022213230336522893e-12 9.093101017803859830e-09 4.361871918721490181e-03 5.001282349491826551e+01 1.685474508314199500e+15 8.335839927667599582e-06
2.008615679999999874e+23 4.290122818274202567e-27 6.019323261633827705e-12 9.093101017805590291e-09 4.359778722607681074e-03 5.002883015936696154e+01 1.686147979747985250e+15 8.335839927667599582e-06
2.009356320000000121e+23 4.288064053464433919e-27 6.016434679783237237e-12 9.093101017807304210e-09 4.357686530986907593e-03 5.004484194676793152e+01 1.686821451181771500e+15 8.335839927667599582e-06
2.010096960000000031e+23 4.286006276624650841e-27 6.013547484119234604e-12 9.093101017809003239e-09 4.355595343377138655e-03 5.006085885876069597e+01 1.687494922615557500e+15 8.335839927667599582e-06
2.010837599999999942e+23 4.283949487280751149e-27 6.010661673976625227e-12 9.093101017810684070e-09 4.353505159296574764e-03 5.007688089698530831e+01 1.688168394049343500e+15 8.335839927667599582e-06
2.011578239999999853e+23 4.281893684958861531e-27 6.007777248690532803e-12 9.093101017812348357e-09 4.351415978263648877e-03 5.009290806308233357e+01 1.688841865483129500e+15 8.335839927667599582e-06
2.012318880000000100e+23 4.279838869185336829e-27 6.004894207596403335e-12 9.093101017813997755e-09 4.349327799797025537e-03 5.010894035869286967e+01 1.689515336916916000e+15 8.335839927667599582e-06
2.013059520000000010e+23 4.277785039486729903e-27 6.002012550029957476e-12 9.093101017815630610e-09 4.347240623415569646e-03 5.012497778545875349e+01 1.690188808350702250e+15 8.335839927667599582e-06
2.013800159999999921e+23 4.275732195389821051e-27 5.999132275327238997e-12 9.093101017817250229e-09 4.345154448638378561e-03 5.014102034502237615e+01 1.690862279784488750e+15 8.335839927667599582e-06
2.014540799999999832e+23 4.273680336421635945e-27 5.996253382824634175e-12 9.093101017818853305e-09 4.343069274984799437e-03 5.015706803902645561e+01 1.691535751218275000e+15 8.335839927667599582e-06
2.015281440000000079e+23 4.271629462109429845e-27 5.993375871858848364e-12 9.093101017820439838e-09 4.340985101974411016e-03 5.017312086911427826e+01 1.692209222652062000e+15 8.335839927667599582e-06
2.016022079999999990e+23 4.269579571980682575e-27 5.990499741766906803e-12 9.093101017822011481e-09 4.338901929127021023e-03 5.018917883692962079e+01 1.692882694085848500e+15 8.335839927667599582e-06
2.016762719999999900e+23 4.267530665563098528e-27 5.987624991886148158e-12 9.093101017823569889e-09 4.336819755962666167e-03 5.020524194411682828e+01 1.693556165519635000e+15 8.335839927667599582e-06
2.017503360000000147e+23 4.265482742384609535e-27 5.984751621554228554e-12 9.093101017825111754e-09 4.334738582001613008e-03 5.022131019232077165e+01 1.694229636953422250e+15 8.335839927667599582e-06
2.018244000000000058e+23 4.263435801973371989e-27 5.981879630109123199e-12 9.093101017826638729e-09 4.332658406764357956e-03 5.023738358318684760e+01 1.694903108387209000e+15 8.335839927667599582e-06
2.018984639999999969e+23 4.261389843857770440e-27 5.979009016889120720e-12 9.093101017828150816e-09 4.330579229771626404e-03 5.025346211836099286e+01 1.695576579820995750e+15 8.335839927667599582e-06
2.019725279999999879e+23 4.259344867566411852e-27 5.976139781232828827e-12 9.093101017829649667e-09 4.328501050544373598e-03 5.026954579948964863e+01 1.696250051254782750e+15 8.335839927667599582e-06
2.020465920000000126e+23 4.257300872628129906e-27 5.973271922479169459e-12 9.093101017831135283e-09 4.326423868603782030e-03 5.028563462821984587e+01 1.696923522688570000e+15 8.335839927667599582e-06
2.021206560000000037e+23 4.255257858571989308e-27 5.970405439967389288e-12 9.093101017832604356e-09 4.324347683471270118e-03 5.030172860619905606e+01 1.697596994122357000e+15 8.335839927667599582e-06
2.021947199999999948e+23 4.253215824927272875e-27 5.967540333037041949e-12 9.093101017834061848e-09 4.322272494668478321e-03 5.031782773507536888e+01 1.698270465556144000e+15 8.335839927667599582e-06
2.022687839999999858e+23 4.251174771223494443e-27 5.964676601028002578e-12 9.093101017835502797e-09 4.320198301717281288e-03 5.033393201649733584e+01 1.698943936989931250e+15 8.335839927667599582e-06
2.023428480000000105e+23 4.249134696990389550e-27 5.961814243280462158e-12 9.093101017836930511e-09 4.318125104139780047e-03 5.035004145211408400e+01 1.699617408423718750e+15 8.335839927667599582e-06
2.024169120000000016e+23 4.247095601757925470e-27 5.958953259134933175e-12 9.093101017838344989e-09 4.316052901458308950e-03 5.036615604357520937e+01 1.700290879857506000e+15 8.335839927667599582e-06
2.024909759999999927e+23 4.245057485056291896e-27 5.956093647932239921e-12 9.093101017839746233e-09 4.313981693195430463e-03 5.038227579253087640e+01 1.700964351291293250e+15 8.335839927667599582e-06
2.025650399999999837e+23 4.243020346415902367e-27 5.953235409013521730e-12 9.093101017841134242e-09 4.311911478873933432e-03 5.039840070063177535e+01 1.701637822725080750e+15 8.335839927667599582e-06
2.026391040000000084e+23 4.240984185367399293e-27 5.950378541720241053e-12 9.093101017842509017e-09 4.309842258016840025e-03 5.041453076952912227e+01 1.702311294158868500e+15 8.335839927667599582e-06
2.027131679999999995e+23 4.238949001441650370e-27 5.947523045394172955e-12 9.093101017843870556e-09 4.307774030147400526e-03 5.043066600087461637e+01 1.702984765592656000e+15 8.335839927667599582e-06
2.027872319999999906e+23 4.236914794169750011e-27 5.944668919377412390e-12 9.093101017845218860e-09 4.305706794789095938e-03 5.044680639632052532e+01 1.703658237026443500e+15 8.335839927667599582e-06
2.028612960000000152e+23 4.234881563083015763e-27 5.941816163012366926e-12 9.093101017846553930e-09 4.303640551465634512e-03 5.046295195751961415e+01 1.704331708460231250e+15 8.335839927667599582e-06
2.029353600000000063e+23 4.232849307712994040e-27 5.938964775641765635e-12 9.093101017847875764e-09 4.301575299700956083e-03 5.047910268612518081e+01 1.705005179894019000e+15 8.335839927667599582e-06
2.030094239999999974e+23 4.230818027591454392e-27 5.936114756608652625e-12 9.093101017849186018e-09 4.299511039019229472e-03 5.049525858379102772e+01 1.705678651327806500e+15 8.335839927667599582e-06
2.030834879999999885e+23 4.228787722250395239e-27 5.933266105256387856e-12 9.093101017850484692e-09 4.297447768944852482e-03 5.051141965217149732e+01 1.706352122761594250e+15 8.335839927667599582e-06
2.031575520000000131e+23 4.226758391222036695e-27 5.930418820928647132e-12 9.093101017851768476e-09 4.295385489002451034e-03 5.052758589292147917e+01 1.707025594195382250e+15 8.335839927667599582e-06
2.032316160000000042e+23 4.224730034038830619e-27 5.927572902969430182e-12 9.093101017853042335e-09 4.293324198716886100e-03 5.054375730769627495e+01 1.707699065629170000e+15 8.335839927667599582e-06
2.033056799999999953e+23 4.222702650233449847e-27 5.924728350723044506e-12 9.093101017854302958e-09 4.291263897613241569e-03 5.055993389815181871e+01 1.708372537062957750e+15 8.335839927667599582e-06
2.033797439999999864e+23 4.220676239338793934e-27 5.921885163534120722e-12 9.093101017855550346e-09 4.289204585216834648e-03 5.057611566594451347e+01 1.709046008496745750e+15 8.335839927667599582e-06
2.034538080000000110e+23 4.218650800887988436e-27 5.919043340747601253e-12 9.093101017856787808e-09 4.287146261053209791e-03 5.059230261273128804e+01 1.709719479930534000e+15 8.335839927667599582e-06
2.035278720000000021e+23 4.216626334414388500e-27 5.916202881708751643e-12 9.093101017858013690e-09 4.285088924648144774e-03 5.060849474016956151e+01 1.710392951364321750e+15 8.335839927667599582e-06
2.036019359999999932e+23 4.214602839451540834e-27 5.913363785763109660e-12 9.093101017859224682e-09 4.283032575527614266e-03 5.062469204991752036e+01 1.711066422798109750e+15 8.335839927667599582e-06
2.036759999999999843e+23 4.212580315533212407e-27 5.910526052256519227e-12 9.093101017860429057e-09 4.280977213217814110e-03 5.064089454363394793e+01 1.711739894231897750e+15 8.335839927667599582e-06
2.037500640000000089e+23 4.210558762193412694e-27 5.907689680535165964e-12 9.093101017861618543e-09 4.278922837245189084e-03 5.065710222297796150e+01 1.712413365665686000e+15 8.335839927667599582e-06
2.038241280000000000e+23 4.208538178966383626e-27 5.904854669945558608e-12 9.093101017862796448e-09 4.276869447136417285e-03 5.067331508960919706e+01 1.713086837099474250e+15 8.335839927667599582e-06
2.038981919999999911e+23 4.206518565386579505e-27 5.902021019834507202e-12 9.093101017863964427e-09 4.274817042418395385e-03 5.068953314518785191e+01 1.713760308533262250e+15 8.335839927667599582e-06
2.039722560000000157e+23 4.204499920988682068e-27 5.899188729549140060e-12 9.093101017865120826e-09 4.272765622618249909e-03 5.070575639137466339e+01 1.714433779967050750e+15 8.335839927667599582e-06
2.040463200000000068e+23 4.202482245307596903e-27 5.896357798436898114e-12 9.093101017866265644e-09 4.270715187263334628e-03 5.072198482983088041e+01 1.715107251400839000e+15 8.335839927667599582e-06
2.041203839999999979e+23 4.200465537878449141e-27 5.893528225845533295e-12 9.093101017867400536e-09 4.268665735881227094e-03 5.073821846221831322e+01 1.715780722834627000e+15 8.335839927667599582e-06
2.041944479999999890e+23 4.198449798236587044e-27 5.890700011123107725e-12 9.093101017868523847e-09 4.266617267999731240e-03 5.075445729019929075e+01 1.716454194268415250e+15 8.335839927667599582e-06
2.042685120000000136e+23 4.196435025917581289e-27 5.887873153617995339e-12 9.093101017869635578e-09 4.264569783146876514e-03 5.077070131543671749e+01 1.717127665702203750e+15 8.335839927667599582e-06
2.043425760000000047e+23 4.194421220457227836e-27 5.885047652678889953e-12 9.093101017870739037e-09 4.262523280850923080e-03 5.078695053959396688e+01 1.717801137135992000e+15 8.335839927667599582e-06
2.044166399999999958e+23 4.192408381391540757e-27 5.882223507654789117e-12 9.093101017871830915e-09 4.260477760640351413e-03 5.080320496433499500e+01 1.718474608569780500e+15 8.335839927667599582e-06
2.044907039999999869e+23 4.190396508256760122e-27 5.879400717895003804e-12 9.093101017872909558e-09 4.258433222043870973e-03 5.081946459132428373e+01 1.719148080003568750e+15 8.335839927667599582e-06
2.045647680000000115e+23 4.188385600589345547e-27 5.876579282749160025e-12 9.093101017873981585e-09 4.256389664590415865e-03 5.083572942222686208e+01 1.719821551437357500e+15 8.335839927667599582e-06
2.046388320000000026e+23 4.186375657925983366e-27 5.873759201567196410e-12 9.093101017875042030e-09 4.254347087809149178e-03 5.085199945870824223e+01 1.720495022871145750e+15 8.335839927667599582e-06
2.047128959999999937e+23 4.184366679803577307e-27 5.870940473699360162e-12 9.093101017876090895e-09 4.252305491229456912e-03 5.086827470243451899e+01 1.721168494304934000e+15 8.335839927667599582e-06
2.047869599999999848e+23 4.182358665759259248e-27 5.868123098496215144e-12 9.093101017877131488e-09 4.250264874380954051e-03 5.088455515507228455e+01 1.721841965738722500e+15 8.335839927667599582e-06
2.048610240000000094e+23 4.180351615330376311e-27 5.865307075308630562e-12 9.093101017878163810e-09 4.248225236793477626e-03 5.090084081828869245e+01 1.722515437172511250e+15 8.335839927667599582e-06
2.049350880000000005e+23 4.178345528054506637e-27 5.862492403487797123e-12 9.093101017879182896e-09 4.246186577997096250e-03 5.091713169375140069e+01 1.723188908606299750e+15 8.335839927667599582e-06
2.050091519999999916e+23 4.176340403469443610e-27 5.859679082385210882e-12 9.093101017880195365e-09 4.244148897522099714e-03 5.093342778312860020e+01 1.723862380040088250e+15 8.335839927667599582e-06
2.050832160000000163e+23 4.174336241113208050e-27 5.856867111352679703e-12 9.093101017881196254e-09 4.242112194899006795e-03 5.094972908808902190e+01 1.724535851473877000e+15 8.335839927667599582e-06
2.051572800000000073e+23 4.172333040524040318e-27 5.854056489742330525e-12 9.093101017882188871e-09 4.240076469658562650e-03 5.096603561030190832e+01 1.725209322907665500e+15 8.335839927667599582e-06
2.052313439999999984e+23 4.170330801240405346e-27 5.851247216906595636e-12 9.093101017883171561e-09 4.238041721331736213e-03 5.098234735143704199e+01 1.725882794341454000e+15 8.335839927667599582e-06
2.053054079999999895e+23 4.168329522800988325e-27 5.848439292198223170e-12 9.093101017884142671e-09 4.236007949449724537e-03 5.099866431316472415e+01 1.726556265775242750e+15 8.335839927667599582e-06
2.053794720000000142e+23 4.166329204744698295e-27 5.845632714970269032e-12 9.093101017885108818e-09 4.233975153543949321e-03 5.101498649715578892e+01 1.727229737209031500e+15 8.335839927667599582e-06
2.054535360000000052e+23 4.164329846610668145e-27 5.842827484576109010e-12 9.093101017886060076e-09 4.231943333146060381e-03 5.103131390508157494e+01 1.727903208642820250e+15 8.335839927667599582e-06
2.055275999999999963e+23 4.162331447938251028e-27 5.840023600369423433e-12 9.093101017887004716e-09 4.229912487787932177e-03 5.104764653861396795e+01 1.728576680076608750e+15 8.335839927667599582e-06
2.056016639999999874e+23 4.160334008267023226e-27 5.837221061704209285e-12 9.093101017887941085e-09 4.227882617001665552e-03 5.106398439942536527e+01 1.729250151510397500e+15 8.335839927667599582e-06
2.056757280000000121e+23 4.158337527136782718e-27 5.834419867934772125e-12 9.093101017888869181e-09 4.225853720319585997e-03 5.108032748918871135e+01 1.729923622944186250e+15 8.335839927667599582e-06
2.057497920000000031e+23 4.156342004087553485e-27 5.831620018415735785e-12 9.093101017889787352e-09 4.223825797274249720e-03 5.109667580957740540e+01 1.730597094377975000e+15 8.335839927667599582e-06
2.058238559999999942e+23 4.154347438659579052e-27 5.828821512502031057e-12 9.093101017890697250e-09 4.221798847398434106e-03 5.111302936226544347e+01 1.731270565811763750e+15 8.335839927667599582e-06
2.058979199999999853e+23 4.152353830393304553e-27 5.826024349548873885e-12 9.093101017891598877e-09 4.219772870225124706e-03 5.112938814892746109e+01 1.731944037245552250e+15 8.335839927667599582e-06
2.059719840000000100e+23 4.150361178829375292e-27 5.823228528911758901e-12 9.093101017892490578e-09 4.217747865287507433e-03 5.114575217123884698e+01 1.732617508679341250e+15 8.335839927667599582e-06
2.060460480000000010e+23 4.148369483508688406e-27 5.820434049946534552e-12 9.093101017893372352e-09 4.215723832119025807e-03 5.116212143087522435e+01 1.733290980113130000e+15 8.335839927667599582e-06
2.061201119999999921e+23 4.146378743972359138e-27 5.817640912009354629e-12 9.093101017894249164e-09 4.213700770253343657e-03 5.117849592951279192e+01 1.733964451546918750e+15 8.335839927667599582e-06
2.061941760000000168e+23 4.144388959761721560e-27 5.814849114456682309e-12 9.093101017895116049e-09 4.211678679224348590e-03 5.119487566882830265e+01 1.734637922980708000e+15 8.335839927667599582e-06
2.062682400000000079e+23 4.142400130418329289e-27 5.812058656645286115e-12 9.093101017895976317e-09 4.209657558566151127e-03 5.121126065049904241e+01 1.735311394414496500e+15 8.335839927667599582e-06
2.063423039999999990e+23 4.140412255483956920e-27 5.809269537932247995e-12 9.093101017896825004e-09 4.207637407813085567e-03 5.122765087620280866e+01 1.735984865848285500e+15 8.335839927667599582e-06
2.064163679999999900e+23 4.138425334500596438e-27 5.806481757674947970e-12 9.093101017897668729e-09 4.205618226499706520e-03 5.124404634761799571e+01 1.736658337282074250e+15 8.335839927667599582e-06
2.064904320000000147e+23 4.136439367010457941e-27 5.803695315231082719e-12 9.093101017898502527e-09 4.203600014160793243e-03 5.126044706642351656e+01 1.737331808715863250e+15 8.335839927667599582e-06
2.065644960000000058e+23 4.134454352555973939e-27 5.800910209958650226e-12 9.093101017899329707e-09 4.201582770331347035e-03 5.127685303429881003e+01 1.738005280149652250e+15 8.335839927667599582e-06
2.066385599999999969e+23 4.132470290679794333e-27 5.798126441215961093e-12 9.093101017900146962e-09 4.199566494546593844e-03 5.129326425292386915e+01 1.738678751583441000e+15 8.335839927667599582e-06
2.067126239999999879e+23 4.130487180924787136e-27 5.795344008361628841e-12 9.093101017900957599e-09 4.197551186341978192e-03 5.130968072397924828e+01 1.739352223017229750e+15 8.335839927667599582e-06
2.067866880000000126e+23 4.128505022834041337e-27 5.792562910754576381e-12 9.093101017901759964e-09 4.195536845253170985e-03 5.132610244914599917e+01 1.740025694451019000e+15 8.335839927667599582e-06
2.068607520000000037e+23 4.126523815950866189e-27 5.789783147754037620e-12 9.093101017902555712e-09 4.193523470816066905e-03 5.134252943010572068e+01 1.740699165884807750e+15 8.335839927667599582e-06
2.069348159999999948e+23 4.124543559818786184e-27 5.787004718719547775e-12 9.093101017903343188e-09 4.191511062566778342e-03 5.135896166854058720e+01 1.741372637318596750e+15 8.335839927667599582e-06
2.070088799999999858e+23 4.122564253981548944e-27 5.784227623010953870e-12 9.093101017904122392e-09 4.189499620041645805e-03 5.137539916613326341e+01 1.742046108752385500e+15 8.335839927667599582e-06
2.070829440000000105e+23 4.120585897983118051e-27 5.781451859988407467e-12 9.093101017904894978e-09 4.187489142777227509e-03 5.139184192456699662e+01 1.742719580186174750e+15 8.335839927667599582e-06
2.071570080000000016e+23 4.118608491367680933e-27 5.778677429012374360e-12 9.093101017905662602e-09 4.185479630310310652e-03 5.140828994552551734e+01 1.743393051619963750e+15 8.335839927667599582e-06
2.072310719999999927e+23 4.116632033679638824e-27 5.775904329443618420e-12 9.093101017906418645e-09 4.183471082177899272e-03 5.142474323069313158e+01 1.744066523053752750e+15 8.335839927667599582e-06
2.073051359999999837e+23 4.114656524463616807e-27 5.773132560643218555e-12 9.093101017907169725e-09 4.181463497917224659e-03 5.144120178175464986e+01 1.744739994487541750e+15 8.335839927667599582e-06
2.073792000000000084e+23 4.112681963264453768e-27 5.770362121972555790e-12 9.093101017907912533e-09 4.179456877065735806e-03 5.145766560039547244e+01 1.745413465921331000e+15 8.335839927667599582e-06
2.074532639999999995e+23 4.110708349627215315e-27 5.767593012793326188e-12 9.093101017908650378e-09 4.177451219161111562e-03 5.147413468830144723e+01 1.746086937355120000e+15 8.335839927667599582e-06
2.075273279999999906e+23 4.108735683097179422e-27 5.764825232467523890e-12 9.093101017909378297e-09 4.175446523741246745e-03 5.149060904715901898e+01 1.746760408788909000e+15 8.335839927667599582e-06
2.076013920000000152e+23 4.106763963219845762e-27 5.762058780357456458e-12 9.093101017910101253e-09 4.173442790344261688e-03 5.150708867865514407e+01 1.747433880222698250e+15 8.335839927667599582e-06
2.076754560000000063e+23 4.104793189540934270e-27 5.759293655825740840e-12 9.093101017910817592e-09 4.171440018508501373e-03 5.152357358447731173e+01 1.748107351656487250e+15 8.335839927667599582e-06
2.077495199999999974e+23 4.102823361606383705e-27 5.756529858235296101e-12 9.093101017911527313e-09 4.169438207772531088e-03 5.154006376631352992e+01 1.748780823090276250e+15 8.335839927667599582e-06
2.078235839999999885e+23 4.100854478962350938e-27 5.753767386949353111e-12 9.093101017912227107e-09 4.167437357675139904e-03 5.155655922585233242e+01 1.749454294524065250e+15 8.335839927667599582e-06
2.078976480000000131e+23 4.098886541155211667e-27 5.751006241331445665e-12 9.093101017912923593e-09 4.165437467755337200e-03 5.157305996478283561e+01 1.750127765957854750e+15 8.335839927667599582e-06
2.079717120000000042e+23 4.096919547731563283e-27 5.748246420745420979e-12 9.093101017913611808e-09 4.163438537552359604e-03 5.158956598479460354e+01 1.750801237391643750e+15 8.335839927667599582e-06
2.080457759999999953e+23 4.094953498238220573e-27 5.745487924555430004e-12 9.093101017914293404e-09 4.161440566605664054e-03 5.160607728757776869e+01 1.751474708825433000e+15 8.335839927667599582e-06
2.081198399999999864e+23 4.092988392222217867e-27 5.742730752125933071e-12 9.093101017914968384e-09 4.159443554454929533e-03 5.162259387482299644e+01 1.752148180259222000e+15 8.335839927667599582e-06
2.081939040000000110e+23 4.091024229230793971e-27 5.739974902821675666e-12 9.093101017915638400e-09 4.157447500640044057e-03 5.163911574822159167e+01 1.752821651693011500e+15 8.335839927667599582e-06
2.082679680000000021e+23 4.089061008811377820e-27 5.737220376007671460e-12 9.093101017916300145e-09 4.155452404701088197e-03 5.165564290946561954e+01 1.753495123126800750e+15 8.335839927667599582e-06
2.083420319999999932e+23 4.087098730511643005e-27 5.734467171049277438e-12 9.093101017916956926e-09 4.153458266178392325e-03 5.167217536024746494e+01 1.754168594560589750e+15 8.335839927667599582e-06
2.084160959999999843e+23 4.085137393879483379e-27 5.731715287312159160e-12 9.093101017917607090e-09 4.151465084612508856e-03 5.168871310226004567e+01 1.754842065994379000e+15 8.335839927667599582e-06
2.084901600000000089e+23 4.083176998463007316e-27 5.728964724162280264e-12 9.093101017918250637e-09 4.149472859544208782e-03 5.170525613719679114e+01 1.755515537428168500e+15 8.335839927667599582e-06
2.085642240000000000e+23 4.081217543810542018e-27 5.726215480965917003e-12 9.093101017918887566e-09 4.147481590514486872e-03 5.172180446675171339e+01 1.756189008861957750e+15 8.335839927667599582e-06
2.086382879999999911e+23 4.079259029470627772e-27 5.723467557089642898e-12 9.093101017919519532e-09 4.145491277064553004e-03 5.173835809261937158e+01 1.756862480295747000e+15 8.335839927667599582e-06
2.087123520000000157e+23 4.077301454992020105e-27 5.720720951900329546e-12 9.093101017920146535e-09 4.143501918735835628e-03 5.175491701649487197e+01 1.757535951729536500e+15 8.335839927667599582e-06
2.087864160000000068e+23 4.075344819923695526e-27 5.717975664765161968e-12 9.093101017920765266e-09 4.141513515069988709e-03 5.177148124007382535e+01 1.758209423163325750e+15 8.335839927667599582e-06
2.088604799999999979e+23 4.073389123814840040e-27 5.715231695051620031e-12 9.093101017921379034e-09 4.139526065608878716e-03 5.178805076505246774e+01 1.758882894597115250e+15 8.335839927667599582e-06
2.089345439999999890e+23 4.071434366214860633e-27 5.712489042127491368e-12 9.093101017921986184e-09 4.137539569894596765e-03 5.180462559312751836e+01 1.759556366030904500e+15 8.335839927667599582e-06
2.090086080000000136e+23 4.069480546673376661e-27 5.709747705360862498e-12 9.093101017922590026e-09 4.135554027469449077e-03 5.182120572599628616e+01 1.760229837464694250e+15 8.335839927667599582e-06
2.090826720000000047e+23 4.067527664740226305e-27 5.707007684120126902e-12 9.093101017923185596e-09 4.133569437875965653e-03 5.183779116535658460e+01 1.760903308898483500e+15 8.335839927667599582e-06
2.091567359999999958e+23 4.065575719965462987e-27 5.704268977773979367e-12 9.093101017923774549e-09 4.131585800656893334e-03 5.185438191290677423e+01 1.761576780332273000e+15 8.335839927667599582e-06
2.092307999999999869e+23 4.063624711899354651e-27 5.701531585691417602e-12 9.093101017924360193e-09 4.129603115355199271e-03 5.187097797034579827e+01 1.762250251766062500e+15 8.335839927667599582e-06
2.093048640000000115e+23 4.061674640092385914e-27 5.698795507241741433e-12 9.093101017924939219e-09 4.127621381514069189e-03 5.188757933937310440e+01 1.762923723199852000e+15 8.335839927667599582e-06
2.093789280000000026e+23 4.059725504095258068e-27 5.696060741794556028e-12 9.093101017925513282e-09 4.125640598676909125e-03 5.190418602168870166e+01 1.763597194633641500e+15 8.335839927667599582e-06
2.094529919999999937e+23 4.057777303458889081e-27 5.693327288719769483e-12 9.093101017926082383e-09 4.123660766387345425e-03 5.192079801899313196e+01 1.764270666067431250e+15 8.335839927667599582e-06
2.095270559999999848e+23 4.055830037734409288e-27 5.690595147387587156e-12 9.093101017926643211e-09 4.121681884189221275e-03 5.193741533298748436e+01 1.764944137501220500e+15 8.335839927667599582e-06
2.096011200000000094e+23 4.053883706473168570e-27 5.687864317168525412e-12 9.093101017927200731e-09 4.119703951626601038e-03 5.195403796537338792e+01 1.765617608935010500e+15 8.335839927667599582e-06
2.096751840000000005e+23 4.051938309226733481e-27 5.685134797433400301e-12 9.093101017927753287e-09 4.117726968243771123e-03 5.197066591785296197e+01 1.766291080368800000e+15 8.335839927667599582e-06
2.097492479999999916e+23 4.049993845546881511e-27 5.682406587553329185e-12 9.093101017928300881e-09 4.115750933585231308e-03 5.198729919212896533e+01 1.766964551802589750e+15 8.335839927667599582e-06
2.098233120000000163e+23 4.048050314985611129e-27 5.679679686899734769e-12 9.093101017928841857e-09 4.113775847195706020e-03 5.200393778990461158e+01 1.767638023236379750e+15 8.335839927667599582e-06
2.098973760000000073e+23 4.046107717095133890e-27 5.676954094844342683e-12 9.093101017929379525e-09 4.111801708620137392e-03 5.202058171288366850e+01 1.768311494670169500e+15 8.335839927667599582e-06
2.099714399999999984e+23 4.044166051427880177e-27 5.674229810759179861e-12 9.093101017929910574e-09 4.109828517403687001e-03 5.203723096277046523e+01 1.768984966103959000e+15 8.335839927667599582e-06
2.100455039999999895e+23 4.042225317536492742e-27 5.671506834016576970e-12 9.093101017930435007e-09 4.107856273091735864e-03 5.205388554126982825e+01 1.769658437537749000e+15 8.335839927667599582e-06
2.101195680000000142e+23 4.040285514973832446e-27 5.668785163989169213e-12 9.093101017930959439e-09 4.105884975229883577e-03 5.207054545008715962e+01 1.770331908971539000e+15 8.335839927667599582e-06
2.101936320000000052e+23 4.038346643292976107e-27 5.666064800049892295e-12 9.093101017931473946e-09 4.103914623363951776e-03 5.208721069092835876e+01 1.771005380405329000e+15 8.335839927667599582e-06
2.102676959999999963e+23 4.036408702047215783e-27 5.663345741571986457e-12 9.093101017931985143e-09 4.101945217039978941e-03 5.210388126549988641e+01 1.771678851839118750e+15 8.335839927667599582e-06
2.103417599999999874e+23 4.034471690790060923e-27 5.660627987928996478e-12 9.093101017932491378e-09 4.099976755804224729e-03 5.212055717550870071e+01 1.772352323272908750e+15 8.335839927667599582e-06
2.104158240000000121e+23 4.032535609075233347e-27 5.657911538494764406e-12 9.093101017932994304e-09 4.098009239203166502e-03 5.213723842266234243e+01 1.773025794706699000e+15 8.335839927667599582e-06
2.104898880000000031e+23 4.030600456456667961e-27 5.655196392643432788e-12 9.093101017933490612e-09 4.096042666783494997e-03 5.215392500866889947e+01 1.773699266140489000e+15 8.335839927667599582e-06
2.105639519999999942e+23 4.028666232488473297e-27 5.652482549749384894e-12 9.093101017933983612e-09 4.094077038092080491e-03 5.217061693523735499e+01 1.774372737574279000e+15 8.335839927667599582e-06
2.106380159999999853e+23 4.026732936725002544e-27 5.649770009187350537e-12 9.093101017934469994e-09 4.092112352676039594e-03 5.218731420407697641e+01 1.775046209008069000e+15 8.335839927667599582e-06
2.107120800000000100e+23 4.024800568720827715e-27 5.647058770332364875e-12 9.093101017934953067e-09 4.090148610082712695e-03 5.220401681689754270e+01 1.775719680441859500e+15 8.335839927667599582e-06
2.107861440000000010e+23 4.022869128030732480e-27 5.644348832559760335e-12 9.093101017935431178e-09 4.088185809859654421e-03 5.222072477540937996e+01 1.776393151875649500e+15 8.335839927667599582e-06
2.108602079999999921e+23 4.020938614209713591e-27 5.641640195245166612e-12 9.093101017935904325e-09 4.086223951554636240e-03 5.223743808132337563e+01 1.777066623309440000e+15 8.335839927667599582e-06
2.109342719999999832e+23 4.019009026812979454e-27 5.638932857764513901e-12 9.093101017936374164e-09 4.084263034715645592e-03 5.225415673635098557e+01 1.777740094743230000e+15 8.335839927667599582e-06
2.110083360000000079e+23 4.017080365395952281e-27 5.636226819494029663e-12 9.093101017936839039e-09 4.082303058890885024e-03 5.227088074220421987e+01 1.778413566177020750e+15 8.335839927667599582e-06
2.110823999999999990e+23 4.015152629514267369e-27 5.633522079810242667e-12 9.093101017937298952e-09 4.080344023628776524e-03 5.228761010059559311e+01 1.779087037610811000e+15 8.335839927667599582e-06
2.111564639999999900e+23 4.013225818723773103e-27 5.630818638089974913e-12 9.093101017937752247e-09 4.078385928477955454e-03 5.230434481323824514e+01 1.779760509044601500e+15 8.335839927667599582e-06
2.112305280000000147e+23 4.011299932580526650e-27 5.628116493710350512e-12 9.093101017938203887e-09 4.076428772987272277e-03 5.232108488184583450e+01 1.780433980478392250e+15 8.335839927667599582e-06
2.113045920000000058e+23 4.009374970640804721e-27 5.625415646048792462e-12 9.093101017938652219e-09 4.074472556705798637e-03 5.233783030813253845e+01 1.781107451912182750e+15 8.335839927667599582e-06
2.113786559999999969e+23 4.007450932461091375e-27 5.622716094483022643e-12 9.093101017939093934e-09 4.072517279182817813e-03 5.235458109381313108e+01 1.781780923345973500e+15 8.335839927667599582e-06
2.114527199999999879e+23 4.005527817598086627e-27 5.620017838391059395e-12 9.093101017939532339e-09 4.070562939967831660e-03 5.237133724060290518e+01 1.782454394779764000e+15 8.335839927667599582e-06
2.115267840000000126e+23 4.003605625608697841e-27 5.617320877151215903e-12 9.093101017939967436e-09 4.068609538610554535e-03 5.238809875021775753e+01 1.783127866213555000e+15 8.335839927667599582e-06
2.116008480000000037e+23 4.001684356050054076e-27 5.614625210142114738e-12 9.093101017940397570e-09 4.066657074660923708e-03 5.240486562437403251e+01 1.783801337647345750e+15 8.335839927667599582e-06
2.116749119999999948e+23 3.999764008479490303e-27 5.611930836742668467e-12 9.093101017940824395e-09 4.064705547669087218e-03 5.242163786478872112e+01 1.784474809081136500e+15 8.335839927667599582e-06
2.117489759999999858e+23 3.997844582454556017e-27 5.609237756332088542e-12 9.093101017941244603e-09 4.062754957185410812e-03 5.243841547317930463e+01 1.785148280514927500e+15 8.335839927667599582e-06
2.118230400000000105e+23 3.995926077533011646e-27 5.606545968289886915e-12 9.093101017941663157e-09 4.060805302760475341e-03 5.245519845126384695e+01 1.785821751948718750e+15 8.335839927667599582e-06
2.118971040000000016e+23 3.994008493272835728e-27 5.603855471995876034e-12 9.093101017942078401e-09 4.058856583945081101e-03 5.247198680076090227e+01 1.786495223382509750e+15 8.335839927667599582e-06
2.119711679999999927e+23 3.992091829232214866e-27 5.601166266830162386e-12 9.093101017942488683e-09 4.056908800290241757e-03 5.248878052338964295e+01 1.787168694816301000e+15 8.335839927667599582e-06
2.120452319999999837e+23 3.990176084969549466e-27 5.598478352173154575e-12 9.093101017942892347e-09 4.054961951347188683e-03 5.250557962086971031e+01 1.787842166250092000e+15 8.335839927667599582e-06
2.121192960000000084e+23 3.988261260043453023e-27 5.595791727405556852e-12 9.093101017943294357e-09 4.053016036667367490e-03 5.252238409492134963e+01 1.788515637683883500e+15 8.335839927667599582e-06
2.121933599999999995e+23 3.986347354012751401e-27 5.593106391908374781e-12 9.093101017943694712e-09 4.051071055802442367e-03 5.253919394726531777e+01 1.789189109117675000e+15 8.335839927667599582e-06
2.122674239999999906e+23 3.984434366436484268e-27 5.590422345062911996e-12 9.093101017944088450e-09 4.049127008304292605e-03 5.255600917962290453e+01 1.789862580551466250e+15 8.335839927667599582e-06
2.123414880000000152e+23 3.982522296873902945e-27 5.587739586250766174e-12 9.093101017944480534e-09 4.047183893725012603e-03 5.257282979371597520e+01 1.790536051985258000e+15 8.335839927667599582e-06
2.124155520000000063e+23 3.980611144884471121e-27 5.585058114853840332e-12 9.093101017944866000e-09 4.045241711616915335e-03 5.258965579126689960e+01 1.791209523419049500e+15 8.335839927667599582e-06
2.124896159999999974e+23 3.978700910027867725e-27 5.582377930254333144e-12 9.093101017945248157e-09 4.043300461532528881e-03 5.260648717399860175e+01 1.791882994852841000e+15 8.335839927667599582e-06
2.125636799999999885e+23 3.976791591863983341e-27 5.579699031834739741e-12 9.093101017945630315e-09 4.041360143024598159e-03 5.262332394363454569e+01 1.792556466286633000e+15 8.335839927667599582e-06
2.126377440000000131e+23 3.974883189952916613e-27 5.577021418977854140e-12 9.093101017946004200e-09 4.039420755646080594e-03 5.264016610189874257e+01 1.793229937720425000e+15 8.335839927667599582e-06
2.127118080000000042e+23 3.972975703854987167e-27 5.574345091066773280e-12 9.093101017946378086e-09 4.037482298950155653e-03 5.265701365051570804e+01 1.793903409154216750e+15 8.335839927667599582e-06
2.127858719999999953e+23 3.971069133130716954e-27 5.571670047484882481e-12 9.093101017946747009e-09 4.035544772490210971e-03 5.267386659121056880e+01 1.794576880588008750e+15 8.335839927667599582e-06
2.128599359999999864e+23 3.969163477340804421e-27 5.568996287615811018e-12 9.093101017947114277e-09 4.033608175819811126e-03 5.269072492570931843e+01 1.795250352021800750e+15 8.335839927667599582e-06
2.129340000000000110e+23 3.967258736046178321e-27 5.566323810843515322e-12 9.093101017947474928e-09 4.031672508492757483e-03 5.270758865573830576e+01 1.795923823455593250e+15 8.335839927667599582e-06
2.130080640000000021e+23 3.965354908807993409e-27 5.563652616552264440e-12 9.093101017947832270e-09 4.029737770063077790e-03 5.272445778302432728e+01 1.796597294889385500e+15 8.335839927667599582e-06
2.130821279999999932e+23 3.963451995187608199e-27 5.560982704126615802e-12 9.093101017948187957e-09 4.027803960085009696e-03 5.274133230929476213e+01 1.797270766323178000e+15 8.335839927667599582e-06
2.131561919999999843e+23 3.961549994746589988e-27 5.558314072951421682e-12 9.093101017948538682e-09 4.025871078113001621e-03 5.275821223627759338e+01 1.797944237756970250e+15 8.335839927667599582e-06
2.132302560000000089e+23 3.959648907046717725e-27 5.555646722411828390e-12 9.093101017948887752e-09 4.023939123701717954e-03 5.277509756570130861e+01 1.798617709190763000e+15 8.335839927667599582e-06
2.133043200000000000e+23 3.957748731649982010e-27 5.552980651893279506e-12 9.093101017949233514e-09 4.022008096406037327e-03 5.279198829929496384e+01 1.799291180624555750e+15 8.335839927667599582e-06
2.133783839999999911e+23 3.955849468118580076e-27 5.550315860781509414e-12 9.093101017949574312e-09 4.020077995781048269e-03 5.280888443878819771e+01 1.799964652058348500e+15 8.335839927667599582e-06
2.134524480000000157e+23 3.953951116014918653e-27 5.547652348462545727e-12 9.093101017949913456e-09 4.018148821382052684e-03 5.282578598591119601e+01 1.800638123492141500e+15 8.335839927667599582e-06
2.135265120000000068e+23 3.952053674901616122e-27 5.544990114322713329e-12 9.093101017950249291e-09 4.016220572764567578e-03 5.284269294239467740e+01 1.801311594925934500e+15 8.335839927667599582e-06
2.136005759999999979e+23 3.950157144341499651e-27 5.542329157748630329e-12 9.093101017950580164e-09 4.014293249484322465e-03 5.285960530996994322e+01 1.801985066359727500e+15 8.335839927667599582e-06
2.136746399999999890e+23 3.948261523897604467e-27 5.539669478127208067e-12 9.093101017950907727e-09 4.012366851097257624e-03 5.287652309036886322e+01 1.802658537793520750e+15 8.335839927667599582e-06
2.137487040000000136e+23 3.946366813133176737e-27 5.537011074845649497e-12 9.093101017951233636e-09 4.010441377159527573e-03 5.289344628532384007e+01 1.803332009227314250e+15 8.335839927667599582e-06
2.138227680000000047e+23 3.944473011611672841e-27 5.534353947291457263e-12 9.093101017951556237e-09 4.008516827227501071e-03 5.291037489656782355e+01 1.804005480661107500e+15 8.335839927667599582e-06
2.138968319999999958e+23 3.942580118896758660e-27 5.531698094852424817e-12 9.093101017951875528e-09 4.006593200857759378e-03 5.292730892583433189e+01 1.804678952094901250e+15 8.335839927667599582e-06
2.139708959999999869e+23 3.940688134552308142e-27 5.529043516916639644e-12 9.093101017952193166e-09 4.004670497607096258e-03 5.294424837485743041e+01 1.805352423528694750e+15 8.335839927667599582e-06
2.140449600000000115e+23 3.938797058142404732e-27 5.526390212872482463e-12 9.093101017952505840e-09 4.002748717032516244e-03 5.296119324537175999e+01 1.806025894962488750e+15 8.335839927667599582e-06
2.141190240000000026e+23 3.936906889231344963e-27 5.523738182108632064e-12 9.093101017952816860e-09 4.000827858691241579e-03 5.297814353911247309e+01 1.806699366396282250e+15 8.335839927667599582e-06
2.141930879999999937e+23 3.935017627383631998e-27 5.521087424014058853e-12 9.093101017953122917e-09 3.998907922140705271e-03 5.299509925781528352e+01 1.807372837830075750e+15 8.335839927667599582e-06
2.142671519999999848e+23 3.933129272163977782e-27 5.518437937978024042e-12 9.093101017953428974e-09 3.996988906938551966e-03 5.301206040321648771e+01 1.808046309263869250e+15 8.335839927667599582e-06
2.143412160000000094e+23 3.931241823137305912e-27 5.515789723390086919e-12 9.093101017953728413e-09 3.995070812642640551e-03 5.302902697705289370e+01 1.808719780697663250e+15 8.335839927667599582e-06
2.144152800000000005e+23 3.929355279868748768e-27 5.513142779640099998e-12 9.093101017954029507e-09 3.993153638811043279e-03 5.304599898106187794e+01 1.809393252131456750e+15 8.335839927667599582e-06
2.144893439999999916e+23 3.927469641923649664e-27 5.510497106118213066e-12 9.093101017954325637e-09 3.991237385002045779e-03 5.306297641698135692e+01 1.810066723565250500e+15 8.335839927667599582e-06
2.145634080000000163e+23 3.925584908867557826e-27 5.507852702214860248e-12 9.093101017954618459e-09 3.989322050774143577e-03 5.307995928654980133e+01 1.810740194999044250e+15 8.335839927667599582e-06
2.146374720000000073e+23 3.923701080266237003e-27 5.505209567320783442e-12 9.093101017954906318e-09 3.987407635686050777e-03 5.309694759150620058e+01 1.811413666432838000e+15 8.335839927667599582e-06
2.147115359999999984e+23 3.921818155685657573e-27 5.502567700827006466e-12 9.093101017955195831e-09 3.985494139296688783e-03 5.311394133359013381e+01 1.812087137866631500e+15 8.335839927667599582e-06
2.147855999999999895e+23 3.919936134691999415e-27 5.499927102124854443e-12 9.093101017955480382e-09 3.983581561165195836e-03 5.313094051454170597e+01 1.812760609300425250e+15 8.335839927667599582e-06
2.148596640000000142e+23 3.918055016851652624e-27 5.497287770605942494e-12 9.093101017955761623e-09 3.981669900850920082e-03 5.314794513610154780e+01 1.813434080734219250e+15 8.335839927667599582e-06
2.149337280000000052e+23 3.916174801731217512e-27 5.494649705662183010e-12 9.093101017956041210e-09 3.979759157913426507e-03 5.316495520001085140e+01 1.814107552168013000e+15 8.335839927667599582e-06
2.150077919999999963e+23 3.914295488897503892e-27 5.492012906685782418e-12 9.093101017956317488e-09 3.977849331912490863e-03 5.318197070801134885e+01 1.814781023601806500e+15 8.335839927667599582e-06
2.150818559999999874e+23 3.912417077917526770e-27 5.489377373069233102e-12 9.093101017956590458e-09 3.975940422408097939e-03 5.319899166184534778e+01 1.815454495035600250e+15 8.335839927667599582e-06
2.151559200000000121e+23 3.910539568358476933e-27 5.486743104205277058e-12 9.093101017956863428e-09 3.974032428960411201e-03 5.321601806325599426e+01 1.816127966469394250e+15 8.335839927667599582e-06
2.152299840000000031e+23 3.908662959787766864e-27 5.484110099486964047e-12 9.093101017957131434e-09 3.972125351129819626e-03 5.323304991398688912e+01 1.816801437903188000e+15 8.335839927667599582e-06
2.153040479999999942e+23 3.906787251773029306e-27 5.481478358307655642e-12 9.093101017957399441e-09 3.970219188476935973e-03 5.325008721578205240e+01 1.817474909336981750e+15 8.335839927667599582e-06
2.153781119999999853e+23 3.904912443882100764e-27 5.478847880060997757e-12 9.093101017957660830e-09 3.968313940562580300e-03 5.326712997038610808e+01 1.818148380770775500e+15 8.335839927667599582e-06
2.154521760000000100e+23 3.903038535683026525e-27 5.476218664140929537e-12 9.093101017957923873e-09 3.966409606947784300e-03 5.328417817954424152e+01 1.818821852204569750e+15 8.335839927667599582e-06
2.155262400000000010e+23 3.901165526744060658e-27 5.473590709941683354e-12 9.093101017958181953e-09 3.964506187193791303e-03 5.330123184500214251e+01 1.819495323638363500e+15 8.335839927667599582e-06
2.156003039999999921e+23 3.899293416633658121e-27 5.470964016857773501e-12 9.093101017958436725e-09 3.962603680862051073e-03 5.331829096850615457e+01 1.820168795072157250e+15 8.335839927667599582e-06
2.156743680000000168e+23 3.897422204920484092e-27 5.468338584284008308e-12 9.093101017958689842e-09 3.960702087514224139e-03 5.333535555180313281e+01 1.820842266505951250e+15 8.335839927667599582e-06
2.157484320000000079e+23 3.895551891173411093e-27 5.465714411615488526e-12 9.093101017958942960e-09 3.958801406712183536e-03 5.335242559664049367e+01 1.821515737939745250e+15 8.335839927667599582e-06
2.158224959999999990e+23 3.893682474961513973e-27 5.463091498247597634e-12 9.093101017959191114e-09 3.956901638018007865e-03 5.336950110476625042e+01 1.822189209373539000e+15 8.335839927667599582e-06
2.158965599999999900e+23 3.891813955854079233e-27 5.460469843576014763e-12 9.093101017959437614e-09 3.955002780993989962e-03 5.338658207792894217e+01 1.822862680807332750e+15 8.335839927667599582e-06
2.159706240000000147e+23 3.889946333420594264e-27 5.457849446996705811e-12 9.093101017959682459e-09 3.953104835202627364e-03 5.340366851787771907e+01 1.823536152241127000e+15 8.335839927667599582e-06
2.160446880000000058e+23 3.888079607230758827e-27 5.455230307905926674e-12 9.093101017959925650e-09 3.951207800206632710e-03 5.342076042636220734e+01 1.824209623674921000e+15 8.335839927667599582e-06
2.161187519999999969e+23 3.886213776854475724e-27 5.452612425700228092e-12 9.093101017960163878e-09 3.949311675568926809e-03 5.343785780513268691e+01 1.824883095108714750e+15 8.335839927667599582e-06
2.161928159999999879e+23 3.884348841861853670e-27 5.449995799776441111e-12 9.093101017960400452e-09 3.947416460852637768e-03 5.345496065593992796e+01 1.825556566542508750e+15 8.335839927667599582e-06
2.162668800000000126e+23 3.882484801823207294e-27 5.447380429531690812e-12 9.093101017960635371e-09 3.945522155621104463e-03 5.347206898053532598e+01 1.826230037976303000e+15 8.335839927667599582e-06
2.163409440000000037e+23 3.880621656309064311e-27 5.444766314363397121e-12 9.093101017960870290e-09 3.943628759437880008e-03 5.348918278067075249e+01 1.826903509410096750e+15 8.335839927667599582e-06
2.164150079999999948e+23 3.878759404890150456e-27 5.442153453669263501e-12 9.093101017961100247e-09 3.941736271866722215e-03 5.350630205809869011e+01 1.827576980843890750e+15 8.335839927667599582e-06
2.164890719999999858e+23 3.876898047137403116e-27 5.439541846847284218e-12 9.093101017961328548e-09 3.939844692471600532e-03 5.352342681457217566e+01 1.828250452277684750e+15 8.335839927667599582e-06
2.165631360000000105e+23 3.875037582621963438e-27 5.436931493295742732e-12 9.093101017961553542e-09 3.937954020816693441e-03 5.354055705184479308e+01 1.828923923711479000e+15 8.335839927667599582e-06
2.166372000000000016e+23 3.873178010915182069e-27 5.434322392413215727e-12 9.093101017961778535e-09 3.936064256466391929e-03 5.355769277167067344e+01 1.829597395145273000e+15 8.335839927667599582e-06
2.167112639999999927e+23 3.871319331588611982e-27 5.431714543598567467e-12 9.093101017962000219e-09 3.934175398985293413e-03 5.357483397580450912e+01 1.830270866579067000e+15 8.335839927667599582e-06
2.167853279999999837e+23 3.869461544214017084e-27 5.429107946250947363e-12 9.093101017962216940e-09 3.932287447938206948e-03 5.359198066600154675e+01 1.830944338012861000e+15 8.335839927667599582e-06
2.168593920000000084e+23 3.867604648363364322e-27 5.426502599769804518e-12 9.093101017962436971e-09 3.930400402890151489e-03 5.360913284401758716e+01 1.831617809446655250e+15 8.335839927667599582e-06
2.169334559999999995e+23 3.865748643608828713e-27 5.423898503554868342e-12 9.093101017962652037e-09 3.928514263406355025e-03 5.362629051160897120e+01 1.832291280880449250e+15 8.335839927667599582e-06
2.170075199999999906e+23 3.863893529522792617e-27 5.421295657006163895e-12 9.093101017962865450e-09 3.926629029052257185e-03 5.364345367053260105e+01 1.832964752314243250e+15 8.335839927667599582e-06
2.170815840000000152e+23 3.862039305677842155e-27 5.418694059524002196e-12 9.093101017963075554e-09 3.924744699393504024e-03 5.366062232254594733e+01 1.833638223748037750e+15 8.335839927667599582e-06
2.171556480000000063e+23 3.860185971646772949e-27 5.416093710508987494e-12 9.093101017963285658e-09 3.922861273995955841e-03 5.367779646940698512e+01 1.834311695181831750e+15 8.335839927667599582e-06
2.172297119999999974e+23 3.858333527002585815e-27 5.413494609362011612e-12 9.093101017963494107e-09 3.920978752425679364e-03 5.369497611287427929e+01 1.834985166615625750e+15 8.335839927667599582e-06
2.173037759999999885e+23 3.856481971318486764e-27 5.410896755484253948e-12 9.093101017963697594e-09 3.919097134248952091e-03 5.371216125470692759e+01 1.835658638049419750e+15 8.335839927667599582e-06
2.173778400000000131e+23 3.854631304167889154e-27 5.408300148277187937e-12 9.093101017963901080e-09 3.917216419032260553e-03 5.372935189666457489e+01 1.836332109483214250e+15 8.335839927667599582e-06
2.174519040000000042e+23 3.852781525124380687e-27 5.405704787142526926e-12 9.093101017964102912e-09 3.915336606342269092e-03 5.374654804050773294e+01 1.837005580917008250e+15 8.335839927667599582e-06
2.175259679999999953e+23 3.850932633761759284e-27 5.403110671482280727e-12 9.093101017964303090e-09 3.913457695745855419e-03 5.376374968799739662e+01 1.837679052350802500e+15 8.335839927667599582e-06
2.176000319999999864e+23 3.849084629654040255e-27 5.400517800698766918e-12 9.093101017964501613e-09 3.911579686810119291e-03 5.378095684089500850e+01 1.838352523784596500e+15 8.335839927667599582e-06
2.176740960000000110e+23 3.847237512375446977e-27 5.397926174194593075e-12 9.093101017964696828e-09 3.909702579102370366e-03 5.379816950096255113e+01 1.839025995218391000e+15 8.335839927667599582e-06
2.177481600000000021e+23 3.845391281500404433e-27 5.395335791372648695e-12 9.093101017964890388e-09 3.907826372190123868e-03 5.381538766996258971e+01 1.839699466652185250e+15 8.335839927667599582e-06
2.178222239999999932e+23 3.843545936603540650e-27 5.392746651636108426e-12 9.093101017965082294e-09 3.905951065641101450e-03 5.383261134965828631e+01 1.840372938085979250e+15 8.335839927667599582e-06
2.178962879999999843e+23 3.841701477259687414e-27 5.390158754388434489e-12 9.093101017965272546e-09 3.904076659023232067e-03 5.384984054181333590e+01 1.841046409519773500e+15 8.335839927667599582e-06
2.179703520000000089e+23 3.839857903043878836e-27 5.387572099033372644e-12 9.093101017965461143e-09 3.902203151904649805e-03 5.386707524819203741e+01 1.841719880953568000e+15 8.335839927667599582e-06
2.180444160000000000e+23 3.838015213531356375e-27 5.384986684974957030e-12 9.093101017965648086e-09 3.900330543853699084e-03 5.388431547055920845e+01 1.842393352387362250e+15 8.335839927667599582e-06
2.181184799999999911e+23 3.836173408297560946e-27 5.382402511617503707e-12 9.093101017965831720e-09 3.898458834438927288e-03 5.390156121068028483e+01 1.843066823821156500e+15 8.335839927667599582e-06
2.181925440000000157e+23 3.834332486918135786e-27 5.379819578365614693e-12 9.093101017966015354e-09 3.896588023229089100e-03 5.391881247032127078e+01 1.843740295254951000e+15 8.335839927667599582e-06
2.182666080000000068e+23 3.832492448968933635e-27 5.377237884624179584e-12 9.093101017966197334e-09 3.894718109793149103e-03 5.393606925124870344e+01 1.844413766688745250e+15 8.335839927667599582e-06
2.183406719999999979e+23 3.830653294026003817e-27 5.374657429798372315e-12 9.093101017966376005e-09 3.892849093700274845e-03 5.395333155522969548e+01 1.845087238122539500e+15 8.335839927667599582e-06
2.184147359999999890e+23 3.828815021665604439e-27 5.372078213293651166e-12 9.093101017966554676e-09 3.890980974519842473e-03 5.397059938403196355e+01 1.845760709556333750e+15 8.335839927667599582e-06
2.184888000000000136e+23 3.826977631464192343e-27 5.369500234515761185e-12 9.093101017966730038e-09 3.889113751821433700e-03 5.398787273942374298e+01 1.846434180990128250e+15 8.335839927667599582e-06
2.185628640000000047e+23 3.825141122998433158e-27 5.366923492870731761e-12 9.093101017966905400e-09 3.887247425174839271e-03 5.400515162317383044e+01 1.847107652423922500e+15 8.335839927667599582e-06
2.186369279999999958e+23 3.823305495845190528e-27 5.364347987764879860e-12 9.093101017967077454e-09 3.885381994150054197e-03 5.402243603705163366e+01 1.847781123857716750e+15 8.335839927667599582e-06
2.187109919999999869e+23 3.821470749581534732e-27 5.361773718604804366e-12 9.093101017967249507e-09 3.883517458317281221e-03 5.403972598282709328e+01 1.848454595291511000e+15 8.335839927667599582e-06
2.187850560000000115e+23 3.819636883784739088e-27 5.359200684797392546e-12 9.093101017967418252e-09 3.881653817246929518e-03 5.405702146227069704e+01 1.849128066725305750e+15 8.335839927667599582e-06
2.188591200000000026e+23 3.817803898032280675e-27 5.356628885749816818e-12 9.093101017967586997e-09 3.879791070509616430e-03 5.407432247715352958e+01 1.849801538159100000e+15 8.335839927667599582e-06
2.189331839999999937e+23 3.815971791901837462e-27 5.354058320869534752e-12 9.093101017967752433e-09 3.877929217676163998e-03 5.409162902924719418e+01 1.850475009592894250e+15 8.335839927667599582e-06
2.190072479999999848e+23 3.814140564971294766e-27 5.351488989564287452e-12 9.093101017967917869e-09 3.876068258317601992e-03 5.410894112032390524e+01 1.851148481026688750e+15 8.335839927667599582e-06
2.190813120000000094e+23 3.812310216818736641e-27 5.348920891242101982e-12 9.093101017968081651e-09 3.874208192005165752e-03 5.412625875215639581e+01 1.851821952460483250e+15 8.335839927667599582e-06
2.191553760000000005e+23 3.810480747022456641e-27 5.346354025311294595e-12 9.093101017968243778e-09 3.872349018310300515e-03 5.414358192651795321e+01 1.852495423894277750e+15 8.335839927667599582e-06
2.192294399999999916e+23 3.808652155160945623e-27 5.343788391180462659e-12 9.093101017968402597e-09 3.870490736804654917e-03 5.416091064518245446e+01 1.853168895328072000e+15 8.335839927667599582e-06
2.193035040000000163e+23 3.806824440812901075e-27 5.341223988258488689e-12 9.093101017968559761e-09 3.868633347060084458e-03 5.417824490992433084e+01 1.853842366761866750e+15 8.335839927667599582e-06
2.193775680000000073e+23 3.804997603557224959e-27 5.338660815954546009e-12 9.093101017968718580e-09 3.866776848648654542e-03 5.419558472251853942e+01 1.854515838195661250e+15 8.335839927667599582e-06
2.194516319999999984e+23 3.803171642973019413e-27 5.336098873678089054e-12 9.093101017968874090e-09 3.864921241142634401e-03 5.421293008474059150e+01 1.855189309629455500e+15 8.335839927667599582e-06
2.195256959999999895e+23 3.801346558639593204e-27 5.333538160838857409e-12 9.093101017969029600e-09 3.863066524114501001e-03 5.423028099836660232e+01 1.855862781063250000e+15 8.335839927667599582e-06
2.195997600000000142e+23 3.799522350136454553e-27 5.330978676846874196e-12 9.093101017969180147e-09 3.861212697136936003e-03 5.424763746517320584e+01 1.856536252497044750e+15 8.335839927667599582e-06
2.196738240000000052e+23 3.797699017043320465e-27 5.328420421112456575e-12 9.093101017969330694e-09 3.859359759782832709e-03 5.426499948693756181e+01 1.857209723930839250e+15 8.335839927667599582e-06
2.197478879999999963e+23 3.795876558940080853e-27 5.325863393046160001e-12 9.093101017969481241e-09 3.857507711625258757e-03 5.428236706543768975e+01 1.857883195364633500e+15 8.335839927667599582e-06
2.198219519999999874e+23 3.794054975406820781e-27 5.323307592058819430e-12 9.093101017969628479e-09 3.855656552237483447e-03 5.429974020245221311e+01 1.858556666798428000e+15 8.335839927667599582e-06
2.198960160000000121e+23 3.792234266023852031e-27 5.320753017561580817e-12 9.093101017969775717e-09 3.853806281193002028e-03 5.431711889976011776e+01 1.859230138232222750e+15 8.335839927667599582e-06
2.199700800000000031e+23 3.790414430371683689e-27 5.318199668965875266e-12 9.093101017969919646e-09 3.851956898065514879e-03 5.433450315914094375e+01 1.859903609666017250e+15 8.335839927667599582e-06
2.200441439999999942e+23 3.788595468031028600e-27 5.315647545683412573e-12 9.093101017970063576e-09 3.850108402428924909e-03 5.435189298237483513e+01 1.860577081099811750e+15 8.335839927667599582e-06
2.201182079999999853e+23 3.786777378582795478e-27 5.313096647126182028e-12 9.093101017970207505e-09 3.848260793857338422e-03 5.436928837124252567e+01 1.861250552533606250e+15 8.335839927667599582e-06
2.201922720000000100e+23 3.784960161608096795e-27 5.310546972706454844e-12 9.093101017970349780e-09 3.846414071925065119e-03 5.438668932752529628e+01 1.861924023967401000e+15 8.335839927667599582e-06
2.202663360000000010e+23 3.783143816688245915e-27 5.307998521836787381e-12 9.093101017970487092e-09 3.844568236206620700e-03 5.440409585300501760e+01 1.862597495401195500e+15 8.335839927667599582e-06
2.203403999999999921e+23 3.781328343404753504e-27 5.305451293930012269e-12 9.093101017970626059e-09 3.842723286276721658e-03 5.442150794946412873e+01 1.863270966834990000e+15 8.335839927667599582e-06
2.204144639999999832e+23 3.779513741339332554e-27 5.302905288399244861e-12 9.093101017970763371e-09 3.840879221710289618e-03 5.443892561868565849e+01 1.863944438268784750e+15 8.335839927667599582e-06
2.204885280000000079e+23 3.777700010073896229e-27 5.300360504657882434e-12 9.093101017970900683e-09 3.839036042082448735e-03 5.445634886245320416e+01 1.864617909702579500e+15 8.335839927667599582e-06
2.205625919999999990e+23 3.775887149190559300e-27 5.297816942119603375e-12 9.093101017971034686e-09 3.837193746968529592e-03 5.447377768255091723e+01 1.865291381136374000e+15 8.335839927667599582e-06
2.206366559999999900e+23 3.774075158271634560e-27 5.295274600198367991e-12 9.093101017971167035e-09 3.835352335944063138e-03 5.449121208076353895e+01 1.865964852570168750e+15 8.335839927667599582e-06
2.207107200000000147e+23 3.772264036899637124e-27 5.292733478308412856e-12 9.093101017971299384e-09 3.833511808584785015e-03 5.450865205887637899e+01 1.866638324003963500e+15 8.335839927667599582e-06
2.207847840000000058e+23 3.770453784657282284e-27 5.290193575864265348e-12 9.093101017971430078e-09 3.831672164466636867e-03 5.452609761867532967e+01 1.867311795437758000e+15 8.335839927667599582e-06
2.208588479999999969e+23 3.768644401127484066e-27 5.287654892280722648e-12 9.093101017971559118e-09 3.829833403165760260e-03 5.454354876194682333e+01 1.867985266871552750e+15 8.335839927667599582e-06
2.209329119999999879e+23 3.766835885893359540e-27 5.285117426972872743e-12 9.093101017971689813e-09 3.827995524258503198e-03 5.456100549047789627e+01 1.868658738305347250e+15 8.335839927667599582e-06
2.210069760000000126e+23 3.765028238538223080e-27 5.282581179356079080e-12 9.093101017971815544e-09 3.826158527321414909e-03 5.457846780605613901e+01 1.869332209739142250e+15 8.335839927667599582e-06
2.210810400000000037e+23 3.763221458645592817e-27 5.280046148845988637e-12 9.093101017971941276e-09 3.824322411931251921e-03 5.459593571046967497e+01 1.870005681172936750e+15 8.335839927667599582e-06
2.211551039999999948e+23 3.761415545799185624e-27 5.277512334858528701e-12 9.093101017972067007e-09 3.822487177664970689e-03 5.461340920550726707e+01 1.870679152606731500e+15 8.335839927667599582e-06
2.212291679999999858e+23 3.759610499582917824e-27 5.274979736809908475e-12 9.093101017972189430e-09 3.820652824099733669e-03 5.463088829295817561e+01 1.871352624040526250e+15 8.335839927667599582e-06
2.213032320000000105e+23 3.757806319580907352e-27 5.272448354116616661e-12 9.093101017972313507e-09 3.818819350812904974e-03 5.464837297461228616e+01 1.872026095474321000e+15 8.335839927667599582e-06
2.213772960000000016e+23 3.756003005377473032e-27 5.269918186195425495e-12 9.093101017972434275e-09 3.816986757382055152e-03 5.466586325225998877e+01 1.872699566908115750e+15 8.335839927667599582e-06
2.214513599999999927e+23 3.754200556557133858e-27 5.267389232463387520e-12 9.093101017972553389e-09 3.815155043384956413e-03 5.468335912769228457e+01 1.873373038341910500e+15 8.335839927667599582e-06
2.215254239999999837e+23 3.752398972704608284e-27 5.264861492337838004e-12 9.093101017972672503e-09 3.813324208399585229e-03 5.470086060270070760e+01 1.874046509775705000e+15 8.335839927667599582e-06
2.215994880000000084e+23 3.750598253404814216e-27 5.262334965236386058e-12 9.093101017972789963e-09 3.811494252004120169e-03 5.471836767907739585e+01 1.874719981209500000e+15 8.335839927667599582e-06
2.216735519999999995e+23 3.748798398242873319e-27 5.259809650576933214e-12 9.093101017972905768e-09 3.809665173776946665e-03 5.473588035861497758e+01 1.875393452643294750e+15 8.335839927667599582e-06
2.217476159999999906e+23 3.746999406804105282e-27 5.257285547777654040e-12 9.093101017973021574e-09 3.807836973296651814e-03 5.475339864310670634e+01 1.876066924077089500e+15 8.335839927667599582e-06
2.218216800000000152e+23 3.745201278674030682e-27 5.254762656257007443e-12 9.093101017973135725e-09 3.806009650142025674e-03 5.477092253434638991e+01 1.876740395510884500e+15 8.335839927667599582e-06
2.218957440000000063e+23 3.743404013438370267e-27 5.252240975433733448e-12 9.093101017973249875e-09 3.804183203892063866e-03 5.478845203412834763e+01 1.877413866944679250e+15 8.335839927667599582e-06
2.219698079999999974e+23 3.741607610683047113e-27 5.249720504726852380e-12 9.093101017973362372e-09 3.802357634125964544e-03 5.480598714424750284e+01 1.878087338378474000e+15 8.335839927667599582e-06
2.220438719999999885e+23 3.739812069994161509e-27 5.247201243555638212e-12 9.093101017973474869e-09 3.800532940423109740e-03 5.482352786649951781e+01 1.878760809812268750e+15 8.335839927667599582e-06
2.221179360000000131e+23 3.738017390957997415e-27 5.244683191339619373e-12 9.093101017973584056e-09 3.798709122363065366e-03 5.484107420268078670e+01 1.879434281246063750e+15 8.335839927667599582e-06
2.221920000000000042e+23 3.736223573161065508e-27 5.242166347498642563e-12 9.093101017973691590e-09 3.796886179525628055e-03 5.485862615458802338e+01 1.880107752679858500e+15 8.335839927667599582e-06
2.222660639999999953e+23 3.734430616190070183e-27 5.239650711452828322e-12 9.093101017973800778e-09 3.795064111490792196e-03 5.487618372401853861e+01 1.880781224113653250e+15 8.335839927667599582e-06
2.223401279999999864e+23 3.732638519631915290e-27 5.237136282622575881e-12 9.093101017973908311e-09 3.793242917838754707e-03 5.489374691277021867e+01 1.881454695547448250e+15 8.335839927667599582e-06
2.224141920000000110e+23 3.730847283073701262e-27 5.234623060428558311e-12 9.093101017974012536e-09 3.791422598149912001e-03 5.491131572264153249e+01 1.882128166981243250e+15 8.335839927667599582e-06
2.224882560000000021e+23 3.729056906102728707e-27 5.232111044291733028e-12 9.093101017974118415e-09 3.789603152004863452e-03 5.492889015543152453e+01 1.882801638415038000e+15 8.335839927667599582e-06
2.225623199999999932e+23 3.727267388306491948e-27 5.229600233633326442e-12 9.093101017974220986e-09 3.787784578984406628e-03 5.494647021293982903e+01 1.883475109848832750e+15 8.335839927667599582e-06
2.226363839999999843e+23 3.725478729272685481e-27 5.227090627874847693e-12 9.093101017974323556e-09 3.785966878669540757e-03 5.496405589696666283e+01 1.884148581282627750e+15 8.335839927667599582e-06
2.227104480000000089e+23 3.723690928589198951e-27 5.224582226438078143e-12 9.093101017974427781e-09 3.784150050641464993e-03 5.498164720931281835e+01 1.884822052716422750e+15 8.335839927667599582e-06
2.227845120000000000e+23 3.721903985844122177e-27 5.222075028745081080e-12 9.093101017974528697e-09 3.782334094481581022e-03 5.499924415177967063e+01 1.885495524150217750e+15 8.335839927667599582e-06
2.228585759999999911e+23 3.720117900625740128e-27 5.219569034218194436e-12 9.093101017974626304e-09 3.780519009771488720e-03 5.501684672616916316e+01 1.886168995584012500e+15 8.335839927667599582e-06
2.229326400000000157e+23 3.718332672522535076e-27 5.217064242280031604e-12 9.093101017974725566e-09 3.778704796092990058e-03 5.503445493428384339e+01 1.886842467017807750e+15 8.335839927667599582e-06
2.230067040000000068e+23 3.716548301123189465e-27 5.214560652353485472e-12 9.093101017974824827e-09 3.776891453028087802e-03 5.505206877792681297e+01 1.887515938451602500e+15 8.335839927667599582e-06
2.230807679999999979e+23 3.714764786016581608e-27 5.212058263861726812e-12 9.093101017974922435e-09 3.775078980158985079e-03 5.506968825890174202e+01 1.888189409885397500e+15 8.335839927667599582e-06
2.231548319999999890e+23 3.712982126791784967e-27 5.209557076228199425e-12 9.093101017975018388e-09 3.773267377068084943e-03 5.508731337901290459e+01 1.888862881319192250e+15 8.335839927667599582e-06
2.232288960000000136e+23 3.711200323038073179e-27 5.207057088876624998e-12 9.093101017975112686e-09 3.771456643337990806e-03 5.510494414006513608e+01 1.889536352752987500e+15 8.335839927667599582e-06
2.233029600000000047e+23 3.709419374344917899e-27 5.204558301231007943e-12 9.093101017975208639e-09 3.769646778551509481e-03 5.512258054386385453e+01 1.890209824186782250e+15 8.335839927667599582e-06
2.233770239999999958e+23 3.707639280301985934e-27 5.202060712715621668e-12 9.093101017975301283e-09 3.767837782291645534e-03 5.514022259221502509e+01 1.890883295620577250e+15 8.335839927667599582e-06
2.234510879999999869e+23 3.705860040499142826e-27 5.199564322755022309e-12 9.093101017975395582e-09 3.766029654141605197e-03 5.515787028692521687e+01 1.891556767054372250e+15 8.335839927667599582e-06
2.235251520000000115e+23 3.704081654526450706e-27 5.197069130774039035e-12 9.093101017975484917e-09 3.764222393684794627e-03 5.517552362980155323e+01 1.892230238488167500e+15 8.335839927667599582e-06
2.235992160000000026e+23 3.702304121974171159e-27 5.194575136197783744e-12 9.093101017975575907e-09 3.762416000504822944e-03 5.519318262265173303e+01 1.892903709921962250e+15 8.335839927667599582e-06
2.236732799999999937e+23 3.700527442432760919e-27 5.192082338451637329e-12 9.093101017975666897e-09 3.760610474185497459e-03 5.521084726728403780e+01 1.893577181355757250e+15 8.335839927667599582e-06
2.237473439999999848e+23 3.698751615492874742e-27 5.189590736961265835e-12 9.093101017975756233e-09 3.758805814310826714e-03 5.522851756550728197e+01 1.894250652789552250e+15 8.335839927667599582e-06
2.238214080000000094e+23 3.696976640745364685e-27 5.187100331152604300e-12 9.093101017975845568e-09 3.757002020465019174e-03 5.524619351913092657e+01 1.894924124223347500e+15 8.335839927667599582e-06
2.238954720000000005e+23 3.695202517781282263e-27 5.184611120451872107e-12 9.093101017975931595e-09 3.755199092232487136e-03 5.526387512996488027e+01 1.895597595657142500e+15 8.335839927667599582e-06
2.239695359999999916e+23 3.693429246191873421e-27 5.182123104285563288e-12 9.093101017976019276e-09 3.753397029197840223e-03 5.528156239981972675e+01 1.896271067090937500e+15 8.335839927667599582e-06
2.240436000000000163e+23 3.691656825568583561e-27 5.179636282080444103e-12 9.093101017976101994e-09 3.751595830945888849e-03 5.529925533050658260e+01 1.896944538524732750e+15 8.335839927667599582e-06
2.241176640000000073e+23 3.689885255503055387e-27 5.177150653263565961e-12 9.093101017976186367e-09 3.749795497061646828e-03 5.531695392383710441e+01 1.897618009958527750e+15 8.335839927667599582e-06
2.241917279999999984e+23 3.688114535587127472e-27 5.174666217262251692e-12 9.093101017976272393e-09 3.747996027130325730e-03 5.533465818162353855e+01 1.898291481392322750e+15 8.335839927667599582e-06
2.242657919999999895e+23 3.686344665412837843e-27 5.172182973504102812e-12 9.093101017976355111e-09 3.746197420737339221e-03 5.535236810567869270e+01 1.898964952826117750e+15 8.335839927667599582e-06
2.243398560000000142e+23 3.684575644572406764e-27 5.169700921416976909e-12 9.093101017976437830e-09 3.744399677468286582e-03 5.537008369781607087e+01 1.899638424259913000e+15 8.335839927667599582e-06
2.244139200000000052e+23 3.682807472658226689e-27 5.167220060428975525e-12 9.093101017976520548e-09 3.742602796908942736e-03 5.538780495985002261e+01 1.900311895693708000e+15 8.335839927667599582e-06
2.244879839999999963e+23 3.681040149262911053e-27 5.164740389968507972e-12 9.093101017976601611e-09 3.740806778645306384e-03 5.540553189359517461e+01 1.900985367127503000e+15 8.335839927667599582e-06
2.245620479999999874e+23 3.679273673979271311e-27 5.162261909464261441e-12 9.093101017976681021e-09 3.739011622263577455e-03 5.542326450086674328e+01 1.901658838561298000e+15 8.335839927667599582e-06
2.246361120000000121e+23 3.677508046400311198e-27 5.159784618345194542e-12 9.093101017976760430e-09 3.737217327350151903e-03 5.544100278348057032e+01 1.902332309995093500e+15 8.335839927667599582e-06
2.247101760000000031e+23 3.675743266119231751e-27 5.157308516040542153e-12 9.093101017976839839e-09 3.735423893491626474e-03 5.545874674325300902e+01 1.903005781428888500e+15 8.335839927667599582e-06
2.247842399999999942e+23 3.673979332729427006e-27 5.154833601979807335e-12 9.093101017976915940e-09 3.733631320274792206e-03 5.547649638200106637e+01 1.903679252862683500e+15 8.335839927667599582e-06
2.248583039999999853e+23 3.672216245824486151e-27 5.152359875592771034e-12 9.093101017976993695e-09 3.731839607286640062e-03 5.549425170154231068e+01 1.904352724296478500e+15 8.335839927667599582e-06
2.249323680000000100e+23 3.670454004998190651e-27 5.149887336309480767e-12 9.093101017977069796e-09 3.730048754114356161e-03 5.551201270369490715e+01 1.905026195730274000e+15 8.335839927667599582e-06
2.250064320000000010e+23 3.668692609844519995e-27 5.147415983560264353e-12 9.093101017977145896e-09 3.728258760345327851e-03 5.552977939027759646e+01 1.905699667164069000e+15 8.335839927667599582e-06
2.250804959999999921e+23 3.666932059957646667e-27 5.144945816775718609e-12 9.093101017977220342e-09 3.726469625567137636e-03 5.554755176310970910e+01 1.906373138597864250e+15 8.335839927667599582e-06
2.251545600000000168e+23 3.665172354931934716e-27 5.142476835386710153e-12 9.093101017977296443e-09 3.724681349367564911e-03 5.556532982401119369e+01 1.907046610031659500e+15 8.335839927667599582e-06
2.252286240000000079e+23 3.663413494361948363e-27 5.140009038824384294e-12 9.093101017977367581e-09 3.722893931334589866e-03 5.558311357480249626e+01 1.907720081465454750e+15 8.335839927667599582e-06
2.253026879999999990e+23 3.661655477842441957e-27 5.137542426520157759e-12 9.093101017977440372e-09 3.721107371056388280e-03 5.560090301730473072e+01 1.908393552899249750e+15 8.335839927667599582e-06
2.253767519999999900e+23 3.659898304968367150e-27 5.135076997905717075e-12 9.093101017977514819e-09 3.719321668121333690e-03 5.561869815333956524e+01 1.909067024333045000e+15 8.335839927667599582e-06
2.254508160000000147e+23 3.658141975334865723e-27 5.132612752413025040e-12 9.093101017977585956e-09 3.717536822117996093e-03 5.563649898472923638e+01 1.909740495766840250e+15 8.335839927667599582e-06
2.255248800000000058e+23 3.656386488537280346e-27 5.130149689474316673e-12 9.093101017977655439e-09 3.715752832635147145e-03 5.565430551329659181e+01 1.910413967200635500e+15 8.335839927667599582e-06
2.255989439999999969e+23 3.654631844171143100e-27 5.127687808522099222e-12 9.093101017977726577e-09 3.713969699261752359e-03 5.567211774086501208e+01 1.911087438634430750e+15 8.335839927667599582e-06
2.256730079999999879e+23 3.652878041832182651e-27 5.125227108989152970e-12 9.093101017977794406e-09 3.712187421586975872e-03 5.568993566925851013e+01 1.911760910068225750e+15 8.335839927667599582e-06
2.257470720000000126e+23 3.651125081116321382e-27 5.122767590308528002e-12 9.093101017977865543e-09 3.710405999200179147e-03 5.570775930030166023e+01 1.912434381502021250e+15 8.335839927667599582e-06
2.258211360000000037e+23 3.649372961619677542e-27 5.120309251913556322e-12 9.093101017977931718e-09 3.708625431690924009e-03 5.572558863581957667e+01 1.913107852935816500e+15 8.335839927667599582e-06
2.258951999999999948e+23 3.647621682938562380e-27 5.117852093237833277e-12 9.093101017978001201e-09 3.706845718648966569e-03 5.574342367763799189e+01 1.913781324369611500e+15 8.335839927667599582e-06
2.259692639999999858e+23 3.645871244669483011e-27 5.115396113715232092e-12 9.093101017978067375e-09 3.705066859664262434e-03 5.576126442758322810e+01 1.914454795803406750e+15 8.335839927667599582e-06
2.260433280000000105e+23 3.644121646409138113e-27 5.112941312779895798e-12 9.093101017978135204e-09 3.703288854326962799e-03 5.577911088748214041e+01 1.915128267237202250e+15 8.335839927667599582e-06
2.261173920000000016e+23 3.642372887754425822e-27 5.110487689866244498e-12 9.093101017978199724e-09 3.701511702227420087e-03 5.579696305916217369e+01 1.915801738670997500e+15 8.335839927667599582e-06
2.261914559999999927e+23 3.640624968302435117e-27 5.108035244408969712e-12 9.093101017978264244e-09 3.699735402956182313e-03 5.581482094445135544e+01 1.916475210104792750e+15 8.335839927667599582e-06
2.262655199999999837e+23 3.638877887650449410e-27 5.105583975843031959e-12 9.093101017978327110e-09 3.697959956103993948e-03 5.583268454517829582e+01 1.917148681538587750e+15 8.335839927667599582e-06
2.263395840000000084e+23 3.637131645395947983e-27 5.103133883603668828e-12 9.093101017978391630e-09 3.696185361261798523e-03 5.585055386317215920e+01 1.917822152972383500e+15 8.335839927667599582e-06
2.264136479999999995e+23 3.635386241136605265e-27 5.100684967126390943e-12 9.093101017978456150e-09 3.694411618020738627e-03 5.586842890026265707e+01 1.918495624406178500e+15 8.335839927667599582e-06
2.264877119999999906e+23 3.633641674470288687e-27 5.098237225846980347e-12 9.093101017978519016e-09 3.692638725972152008e-03 5.588630965828012620e+01 1.919169095839973750e+15 8.335839927667599582e-06
2.265617760000000152e+23 3.631897944995058676e-27 5.095790659201491310e-12 9.093101017978578573e-09 3.690866684707574171e-03 5.590419613905545759e+01 1.919842567273769500e+15 8.335839927667599582e-06
2.266358400000000063e+23 3.630155052309167939e-27 5.093345266626240633e-12 9.093101017978641439e-09 3.689095493818732741e-03 5.592208834442015331e+01 1.920516038707564500e+15 8.335839927667599582e-06
2.267099039999999974e+23 3.628412996011023438e-27 5.090901047557773725e-12 9.093101017978700996e-09 3.687325152897516674e-03 5.593998627620666753e+01 1.921189510141360000e+15 8.335839927667599582e-06
2.267839679999999885e+23 3.626671775699255269e-27 5.088458001432938108e-12 9.093101017978762207e-09 3.685555661536038270e-03 5.595788993624777419e+01 1.921862981575155250e+15 8.335839927667599582e-06
2.268580320000000131e+23 3.624931390972688675e-27 5.086016127688858377e-12 9.093101017978820110e-09 3.683787019326608455e-03 5.597579932637675881e+01 1.922536453008950750e+15 8.335839927667599582e-06
2.269320960000000042e+23 3.623191841430340464e-27 5.083575425762932972e-12 9.093101017978879667e-09 3.682019225861734614e-03 5.599371444842755352e+01 1.923209924442746000e+15 8.335839927667599582e-06
2.270061599999999953e+23 3.621453126671419008e-27 5.081135895092822053e-12 9.093101017978937569e-09 3.680252280734117119e-03 5.601163530423465176e+01 1.923883395876541250e+15 8.335839927667599582e-06
2.270802239999999864e+23 3.619715246295323522e-27 5.078697535116457205e-12 9.093101017978997126e-09 3.678486183536651497e-03 5.602956189563313671e+01 1.924556867310336500e+15 8.335839927667599582e-06
2.271542880000000110e+23 3.617978199901644786e-27 5.076260345272038194e-12 9.093101017979053375e-09 3.676720933862426700e-03 5.604749422445874529e+01 1.925230338744132000e+15 8.335839927667599582e-06
2.272283520000000021e+23 3.616241987090167296e-27 5.073824324998037017e-12 9.093101017979109623e-09 3.674956531304729435e-03 5.606543229254771887e+01 1.925903810177927500e+15 8.335839927667599582e-06
2.273024159999999932e+23 3.614506607460865674e-27 5.071389473733189817e-12 9.093101017979165871e-09 3.673192975457038965e-03 5.608337610173694543e+01 1.926577281611722750e+15 8.335839927667599582e-06
2.273764799999999843e+23 3.612772060613905389e-27 5.068955790916505773e-12 9.093101017979222120e-09 3.671430265913029709e-03 5.610132565386390269e+01 1.927250753045518000e+15 8.335839927667599582e-06
2.274505440000000089e+23 3.611038346149643474e-27 5.066523275987256597e-12 9.093101017979276713e-09 3.669668402266569509e-03 5.611928095076667233e+01 1.927924224479313750e+15 8.335839927667599582e-06
2.275246080000000000e+23 3.609305463668631393e-27 5.064091928384991879e-12 9.093101017979331307e-09 3.667907384111724831e-03 5.613724199428384054e+01 1.928597695913109000e+15 8.335839927667599582e-06
2.275986719999999911e+23 3.607573412771609304e-27 5.061661747549522937e-12 9.093101017979385901e-09 3.666147211042752527e-03 5.615520878625471113e+01 1.929271167346904250e+15 8.335839927667599582e-06
2.276727360000000157e+23 3.605842193059510364e-27 5.059232732920931699e-12 9.093101017979438841e-09 3.664387882654105907e-03 5.617318132851907819e+01 1.929944638780700000e+15 8.335839927667599582e-06
2.277468000000000068e+23 3.604111804133458575e-27 5.056804883939572321e-12 9.093101017979491780e-09 3.662629398540434306e-03 5.619115962291735400e+01 1.930618110214495250e+15 8.335839927667599582e-06
2.278208639999999979e+23 3.602382245594770936e-27 5.054378200046063103e-12 9.093101017979546374e-09 3.660871758296580045e-03 5.620914367129056188e+01 1.931291581648290750e+15 8.335839927667599582e-06
2.278949279999999890e+23 3.600653517044953859e-27 5.051952680681294577e-12 9.093101017979596005e-09 3.659114961517581036e-03 5.622713347548026519e+01 1.931965053082086000e+15 8.335839927667599582e-06
2.279689920000000136e+23 3.598925618085706751e-27 5.049528325286421420e-12 9.093101017979647290e-09 3.657359007798667745e-03 5.624512903732866675e+01 1.932638524515881750e+15 8.335839927667599582e-06
2.280430560000000047e+23 3.597198548318922020e-27 5.047105133302874575e-12 9.093101017979700230e-09 3.655603896735270131e-03 5.626313035867849521e+01 1.933311995949677000e+15 8.335839927667599582e-06
2.281171199999999958e+23 3.595472307346680047e-27 5.044683104172348326e-12 9.093101017979749861e-09 3.653849627923008107e-03 5.628113744137311159e+01 1.933985467383472500e+15 8.335839927667599582e-06
2.281911839999999869e+23 3.593746894771257084e-27 5.042262237336805952e-12 9.093101017979799492e-09 3.652096200957699341e-03 5.629915028725642401e+01 1.934658938817267750e+15 8.335839927667599582e-06
2.282652480000000115e+23 3.592022310195117357e-27 5.039842532238482152e-12 9.093101017979850777e-09 3.650343615435353191e-03 5.631716889817296590e+01 1.935332410251063500e+15 8.335839927667599582e-06
2.283393120000000026e+23 3.590298553220918806e-27 5.037423988319879811e-12 9.093101017979898753e-09 3.648591870952178073e-03 5.633519327596779647e+01 1.936005881684859000e+15 8.335839927667599582e-06
2.284133759999999937e+23 3.588575623451510938e-27 5.035006605023769193e-12 9.093101017979948384e-09 3.646840967104573658e-03 5.635322342248660732e+01 1.936679353118654250e+15 8.335839927667599582e-06
2.284874399999999848e+23 3.586853520489934101e-27 5.032590381793190367e-12 9.093101017979996361e-09 3.645090903489135205e-03 5.637125933957563007e+01 1.937352824552449750e+15 8.335839927667599582e-06
2.285615040000000094e+23 3.585132243939418776e-27 5.030175318071451589e-12 9.093101017980044337e-09 3.643341679702652262e-03 5.638930102908170738e+01 1.938026295986245500e+15 8.335839927667599582e-06
2.286355680000000005e+23 3.583411793403392025e-27 5.027761413302131724e-12 9.093101017980090659e-09 3.641593295342111705e-03 5.640734849285223618e+01 1.938699767420040750e+15 8.335839927667599582e-06
2.287096319999999916e+23 3.581692168485468171e-27 5.025348666929078635e-12 9.093101017980136981e-09 3.639845750004692525e-03 5.642540173273518178e+01 1.939373238853836250e+15 8.335839927667599582e-06
2.287836960000000163e+23 3.579973368789453100e-27 5.022937078396404332e-12 9.093101017980184958e-09 3.638099043287767575e-03 5.644346075057915613e+01 1.940046710287632000e+15 8.335839927667599582e-06
2.288577600000000073e+23 3.578255393919347129e-27 5.020526647148496281e-12 9.093101017980229625e-09 3.636353174788908328e-03 5.646152554823324010e+01 1.940720181721427500e+15 8.335839927667599582e-06
2.289318239999999984e+23 3.576538243479334965e-27 5.018117372629999638e-12 9.093101017980275948e-09 3.634608144105872310e-03 5.647959612754722514e+01 1.941393653155223000e+15 8.335839927667599582e-06
2.290058879999999895e+23 3.574821917073759876e-27 5.015709254285780892e-12 9.093101017980320615e-09 3.632863950836578808e-03 5.649767249037179795e+01 1.942067124589018250e+15 8.335839927667599582e-06
2.290799520000000142e+23 3.573106414307174627e-27 5.013302291561004607e-12 9.093101017980365283e-09 3.631120594579160480e-03 5.651575463855802184e+01 1.942740596022814000e+15 8.335839927667599582e-06
2.291540160000000052e+23 3.571391734784332874e-27 5.010896483901110806e-12 9.093101017980409951e-09 3.629378074931952514e-03 5.653384257395749302e+01 1.943414067456609500e+15 8.335839927667599582e-06
2.292280799999999963e+23 3.569677878110171227e-27 5.008491830751802046e-12 9.093101017980454619e-09 3.627636391493478749e-03 5.655193629842238323e+01 1.944087538890405000e+15 8.335839927667599582e-06
2.293021439999999874e+23 3.567964843889818578e-27 5.006088331559045838e-12 9.093101017980497632e-09 3.625895543862455144e-03 5.657003581380550372e+01 1.944761010324200500e+15 8.335839927667599582e-06
2.293762080000000121e+23 3.566252631728591074e-27 5.003685985769077074e-12 9.093101017980538991e-09 3.624155531637790213e-03 5.658814112196023416e+01 1.945434481757996250e+15 8.335839927667599582e-06
2.294502720000000031e+23 3.564541241231994992e-27 5.001284792828395601e-12 9.093101017980580350e-09 3.622416354418585890e-03 5.660625222474057239e+01 1.946107953191791750e+15 8.335839927667599582e-06
2.295243359999999942e+23 3.562830672005723869e-27 4.998884752183761378e-12 9.093101017980623363e-09 3.620678011804132762e-03 5.662436912400109890e+01 1.946781424625587250e+15 8.335839927667599582e-06
2.295983999999999853e+23 3.561120923655661367e-27 4.996485863282204972e-12 9.093101017980664722e-09 3.618940503393915271e-03 5.664249182159701235e+01 1.947454896059382750e+15 8.335839927667599582e-06
2.296724640000000100e+23 3.559411995787877690e-27 4.994088125571017869e-12 9.093101017980706082e-09 3.617203828787608679e-03 5.666062031938412247e+01 1.948128367493178500e+15 8.335839927667599582e-06
2.297465280000000010e+23 3.557703888008636759e-27 4.991691538497758934e-12 9.093101017980749095e-09 3.615467987585082536e-03 5.667875461921877189e+01 1.948801838926974000e+15 8.335839927667599582e-06
2.298205919999999921e+23 3.555996599924384729e-27 4.989296101510250374e-12 9.093101017980788800e-09 3.613732979386394609e-03 5.669689472295794985e+01 1.949475310360769500e+15 8.335839927667599582e-06
2.298946559999999832e+23 3.554290131141760755e-27 4.986901814056580158e-12 9.093101017980828504e-09 3.611998803791797389e-03 5.671504063245925664e+01 1.950148781794565000e+15 8.335839927667599582e-06
2.299687200000000079e+23 3.552584481267591247e-27 4.984508675585099598e-12 9.093101017980868209e-09 3.610265460401732452e-03 5.673319234958084678e+01 1.950822253228361000e+15 8.335839927667599582e-06
2.300427839999999990e+23 3.550879649908894183e-27 4.982116685544427383e-12 9.093101017980907914e-09 3.608532948816836963e-03 5.675134987618147164e+01 1.951495724662156500e+15 8.335839927667599582e-06
2.301168479999999900e+23 3.549175636672871925e-27 4.979725843383445545e-12 9.093101017980947618e-09 3.606801268637937173e-03 5.676951321412047946e+01 1.952169196095952000e+15 8.335839927667599582e-06
2.301909120000000147e+23 3.547472441166916965e-27 4.977336148551299456e-12 9.093101017980984014e-09 3.605070419466050585e-03 5.678768236525787216e+01 1.952842667529747750e+15 8.335839927667599582e-06
2.302649760000000058e+23 3.545770062998614077e-27 4.974947600497403482e-12 9.093101017981023719e-09 3.603340400902389860e-03 5.680585733145413485e+01 1.953516138963543250e+15 8.335839927667599582e-06
2.303390399999999969e+23 3.544068501775733137e-27 4.972560198671433717e-12 9.093101017981061769e-09 3.601611212548356741e-03 5.682403811457040632e+01 1.954189610397339000e+15 8.335839927667599582e-06
2.304131039999999879e+23 3.542367757106232719e-27 4.970173942523331208e-12 9.093101017981099819e-09 3.599882854005545096e-03 5.684222471646842934e+01 1.954863081831134500e+15 8.335839927667599582e-06
2.304871680000000126e+23 3.540667828598261522e-27 4.967788831503301961e-12 9.093101017981136215e-09 3.598155324875740475e-03 5.686041713901050088e+01 1.955536553264930250e+15 8.335839927667599582e-06
2.305612320000000037e+23 3.538968715860157657e-27 4.965404865061818551e-12 9.093101017981172611e-09 3.596428624760922722e-03 5.687861538405950768e+01 1.956210024698726000e+15 8.335839927667599582e-06
2.306352959999999948e+23 3.537270418500446492e-27 4.963022042649616897e-12 9.093101017981209007e-09 3.594702753263260761e-03 5.689681945347894754e+01 1.956883496132521500e+15 8.335839927667599582e-06
2.307093599999999858e+23 3.535572936127843524e-27 4.960640363717699488e-12 9.093101017981245403e-09 3.592977709985116508e-03 5.691502934913287248e+01 1.957556967566317000e+15 8.335839927667599582e-06
2.307834240000000105e+23 3.533876268351250074e-27 4.958259827717328115e-12 9.093101017981283454e-09 3.591253494529042262e-03 5.693324507288595981e+01 1.958230439000113000e+15 8.335839927667599582e-06
2.308574880000000016e+23 3.532180414779761179e-27 4.955880434100039218e-12 9.093101017981318195e-09 3.589530106497785047e-03 5.695146662660345527e+01 1.958903910433908500e+15 8.335839927667599582e-06
2.309315519999999927e+23 3.530485375022656261e-27 4.953502182317625309e-12 9.093101017981352937e-09 3.587807545494281838e-03 5.696969401215114459e+01 1.959577381867704000e+15 8.335839927667599582e-06
2.310056159999999837e+23 3.528791148689406310e-27 4.951125071822148703e-12 9.093101017981386024e-09 3.586085811121661731e-03 5.698792723139548144e+01 1.960250853301499750e+15 8.335839927667599582e-06
2.310796800000000084e+23 3.527097735389668852e-27 4.948749102065932630e-12 9.093101017981422420e-09 3.584364902983244207e-03 5.700616628620343107e+01 1.960924324735295500e+15 8.335839927667599582e-06
2.311537439999999995e+23 3.525405134733292263e-27 4.946374272501570127e-12 9.093101017981455507e-09 3.582644820682544338e-03 5.702441117844257690e+01 1.961597796169091250e+15 8.335839927667599582e-06
2.312278079999999906e+23 3.523713346330309305e-27 4.944000582581911106e-12 9.093101017981490249e-09 3.580925563823262811e-03 5.704266190998107788e+01 1.962271267602886750e+15 8.335839927667599582e-06
2.313018720000000152e+23 3.522022369790909865e-27 4.941628031760026007e-12 9.093101017981521682e-09 3.579207132009259475e-03 5.706091848268808775e+01 1.962944739036682750e+15 8.335839927667599582e-06
2.313759360000000063e+23 3.520332204725485437e-27 4.939256619489269616e-12 9.093101017981556423e-09 3.577489524844601476e-03 5.707918089843313680e+01 1.963618210470478250e+15 8.335839927667599582e-06
2.314499999999999974e+23 3.518642850744624102e-27 4.936886345223269750e-12 9.093101017981589510e-09 3.575772741933553288e-03 5.709744915908628116e+01 1.964291681904274000e+15 8.335839927667599582e-06
2.315240639999999885e+23 3.516954307459101200e-27 4.934517208415919992e-12 9.093101017981620943e-09 3.574056782880570202e-03 5.711572326651816667e+01 1.964965153338069500e+15 8.335839927667599582e-06
2.315981280000000131e+23 3.515266574479874303e-27 4.932149208521367571e-12 9.093101017981654031e-09 3.572341647290294426e-03 5.713400322260005737e+01 1.965638624771865500e+15 8.335839927667599582e-06
2.316721920000000042e+23 3.513579651418092550e-27 4.929782344994031136e-12 9.093101017981685463e-09 3.570627334767561157e-03 5.715228902920382836e+01 1.966312096205661250e+15 8.335839927667599582e-06
2.317462559999999953e+23 3.511893537885086598e-27 4.927416617288580559e-12 9.093101017981718551e-09 3.568913844917389906e-03 5.717058068820194450e+01 1.966985567639456750e+15 8.335839927667599582e-06
2.318203199999999864e+23 3.510208233492375078e-27 4.925052024859950668e-12 9.093101017981748329e-09 3.567201177344992303e-03 5.718887820146748879e+01 1.967659039073252500e+15 8.335839927667599582e-06
2.318943840000000110e+23 3.508523737851661728e-27 4.922688567163338016e-12 9.093101017981779762e-09 3.565489331655767331e-03 5.720718157087415534e+01 1.968332510507048500e+15 8.335839927667599582e-06
2.319684480000000021e+23 3.506840050574836827e-27 4.920326243654196844e-12 9.093101017981811195e-09 3.563778307455304356e-03 5.722549079829619956e+01 1.969005981940844000e+15 8.335839927667599582e-06
2.320425119999999932e+23 3.505157171273976478e-27 4.917965053788247155e-12 9.093101017981840973e-09 3.562068104349380530e-03 5.724380588560855898e+01 1.969679453374639750e+15 8.335839927667599582e-06
2.321165759999999843e+23 3.503475099561342606e-27 4.915604997021465023e-12 9.093101017981870752e-09 3.560358721943962523e-03 5.726212683468669695e+01 1.970352924808435500e+15 8.335839927667599582e-06
2.321906400000000089e+23 3.501793835049382961e-27 4.913246072810091479e-12 9.093101017981900530e-09 3.558650159845205222e-03 5.728045364740670919e+01 1.971026396242231500e+15 8.335839927667599582e-06
2.322647040000000000e+23 3.500113377350733266e-27 4.910888280610626047e-12 9.093101017981930309e-09 3.556942417659455201e-03 5.729878632564528829e+01 1.971699867676027000e+15 8.335839927667599582e-06
2.323387679999999911e+23 3.498433726078212201e-27 4.908531619879829169e-12 9.093101017981960087e-09 3.555235494993244649e-03 5.731712487127973077e+01 1.972373339109822750e+15 8.335839927667599582e-06
2.324128320000000157e+23 3.496754880844824984e-27 4.906176090074723820e-12 9.093101017981989866e-09 3.553529391453295709e-03 5.733546928618794425e+01 1.973046810543618750e+15 8.335839927667599582e-06
2.324868960000000068e+23 3.495076841263765528e-27 4.903821690652593084e-12 9.093101017982016336e-09 3.551824106646521775e-03 5.735381957224840477e+01 1.973720281977414500e+15 8.335839927667599582e-06
2.325609599999999979e+23 3.493399606948409981e-27 4.901468421070980155e-12 9.093101017982046114e-09 3.550119640180022292e-03 5.737217573134019233e+01 1.974393753411210000e+15 8.335839927667599582e-06
2.326350239999999890e+23 3.491723177512323904e-27 4.899116280787689951e-12 9.093101017982072584e-09 3.548415991661087090e-03 5.739053776534300511e+01 1.975067224845005750e+15 8.335839927667599582e-06
2.327090880000000136e+23 3.490047552569255090e-27 4.896765269260788310e-12 9.093101017982100708e-09 3.546713160697194216e-03 5.740890567613714524e+01 1.975740696278801750e+15 8.335839927667599582e-06
2.327831520000000047e+23 3.488372731733142181e-27 4.894415385948603599e-12 9.093101017982130487e-09 3.545011146896012537e-03 5.742727946560343355e+01 1.976414167712597500e+15 8.335839927667599582e-06
2.328572159999999958e+23 3.486698714618105336e-27 4.892066630309721875e-12 9.093101017982155302e-09 3.543309949865398271e-03 5.744565913562338721e+01 1.977087639146393250e+15 8.335839927667599582e-06
2.329312799999999869e+23 3.485025500838451973e-27 4.889719001802992533e-12 9.093101017982185080e-09 3.541609569213396286e-03 5.746404468807904919e+01 1.977761110580189000e+15 8.335839927667599582e-06
2.330053440000000115e+23 3.483353090008676769e-27 4.887372499887524272e-12 9.093101017982211550e-09 3.539910004548241403e-03 5.748243612485308063e+01 1.978434582013985000e+15 8.335839927667599582e-06
2.330794080000000026e+23 3.481681481743459505e-27 4.885027124022688321e-12 9.093101017982236366e-09 3.538211255478358394e-03 5.750083344782872530e+01 1.979108053447780750e+15 8.335839927667599582e-06
2.331534719999999937e+23 3.480010675657666505e-27 4.882682873668117636e-12 9.093101017982262835e-09 3.536513321612358950e-03 5.751923665888982384e+01 1.979781524881576500e+15 8.335839927667599582e-06
2.332275359999999848e+23 3.478340671366349197e-27 4.880339748283702860e-12 9.093101017982289305e-09 3.534816202559045144e-03 5.753764575992079955e+01 1.980454996315372250e+15 8.335839927667599582e-06
2.333016000000000094e+23 3.476671468484744115e-27 4.877997747329596359e-12 9.093101017982315775e-09 3.533119897927406404e-03 5.755606075280667966e+01 1.981128467749168250e+15 8.335839927667599582e-06
2.333756640000000005e+23 3.475003066628276489e-27 4.875656870266214648e-12 9.093101017982342245e-09 3.531424407326623841e-03 5.757448163943305985e+01 1.981801939182964000e+15 8.335839927667599582e-06
2.334497279999999916e+23 3.473335465412555934e-27 4.873317116554232738e-12 9.093101017982367060e-09 3.529729730366065917e-03 5.759290842168613267e+01 1.982475410616759750e+15 8.335839927667599582e-06
2.335237920000000163e+23 3.471668664453375737e-27 4.870978485654583324e-12 9.093101017982390221e-09 3.528035866655288011e-03 5.761134110145270881e+01 1.983148882050555750e+15 8.335839927667599582e-06
2.335978560000000073e+23 3.470002663366688464e-27 4.868640977028422860e-12 9.093101017982416691e-09 3.526342815804006832e-03 5.762977968062046585e+01 1.983822353484351500e+15 8.335839927667599582e-06
2.336719199999999984e+23 3.468337461768635373e-27 4.866304590137171949e-12 9.093101017982441506e-09 3.524650577422130775e-03 5.764822416107767822e+01 1.984495824918147250e+15 8.335839927667599582e-06
2.337459839999999895e+23 3.466673059275555741e-27 4.863969324442530691e-12 9.093101017982464668e-09 3.522959151119771197e-03 5.766667454471298981e+01 1.985169296351943000e+15 8.335839927667599582e-06
2.338200480000000142e+23 3.465009455503972518e-27 4.861635179406454448e-12 9.093101017982489483e-09 3.521268536507223337e-03 5.768513083341574088e+01 1.985842767785739250e+15 8.335839927667599582e-06
2.338941120000000052e+23 3.463346650070593758e-27 4.859302154491158691e-12 9.093101017982514298e-09 3.519578733194972820e-03 5.770359302907583299e+01 1.986516239219535000e+15 8.335839927667599582e-06
2.339681759999999963e+23 3.461684642592307602e-27 4.856970249159115771e-12 9.093101017982539114e-09 3.517889740793687416e-03 5.772206113358379298e+01 1.987189710653330750e+15 8.335839927667599582e-06
2.340422399999999874e+23 3.460023432686188010e-27 4.854639462873051685e-12 9.093101017982558966e-09 3.516201558914223112e-03 5.774053514883075167e+01 1.987863182087126500e+15 8.335839927667599582e-06
2.341163040000000121e+23 3.458363019969488311e-27 4.852309795095950117e-12 9.093101017982583782e-09 3.514514187167620211e-03 5.775901507670849355e+01 1.988536653520922500e+15 8.335839927667599582e-06
2.341903680000000031e+23 3.456703404059651961e-27 4.849981245291057283e-12 9.093101017982606943e-09 3.512827625165108967e-03 5.777750091910935026e+01 1.989210124954718250e+15 8.335839927667599582e-06
2.342644319999999942e+23 3.455044584574298197e-27 4.847653812921869815e-12 9.093101017982628449e-09 3.511141872518101781e-03 5.779599267792631423e+01 1.989883596388514000e+15 8.335839927667599582e-06
2.343384959999999853e+23 3.453386561131233511e-27 4.845327497452145262e-12 9.093101017982653265e-09 3.509456928838199270e-03 5.781449035505295342e+01 1.990557067822310000e+15 8.335839927667599582e-06
2.344125600000000100e+23 3.451729333348446634e-27 4.843002298345894823e-12 9.093101017982674771e-09 3.507772793737187235e-03 5.783299395238347529e+01 1.991230539256106000e+15 8.335839927667599582e-06
2.344866240000000010e+23 3.450072900844111401e-27 4.840678215067393034e-12 9.093101017982697932e-09 3.506089466827039692e-03 5.785150347181264863e+01 1.991904010689901750e+15 8.335839927667599582e-06
2.345606879999999921e+23 3.448417263236581015e-27 4.838355247081163234e-12 9.093101017982719439e-09 3.504406947719914973e-03 5.787001891523588881e+01 1.992577482123697500e+15 8.335839927667599582e-06
2.346347520000000168e+23 3.446762420144395217e-27 4.836033393851992100e-12 9.093101017982739291e-09 3.502725236028157458e-03 5.788854028454921519e+01 1.993250953557493750e+15 8.335839927667599582e-06
2.347088160000000079e+23 3.445108371186275269e-27 4.833712654844922383e-12 9.093101017982762453e-09 3.501044331364299312e-03 5.790706758164923684e+01 1.993924424991289500e+15 8.335839927667599582e-06
2.347828799999999990e+23 3.443455115981127539e-27 4.831393029525252094e-12 9.093101017982780650e-09 3.499364233341057881e-03 5.792560080843317394e+01 1.994597896425085500e+15 8.335839927667599582e-06
2.348569439999999900e+23 3.441802654148037760e-27 4.829074517358536124e-12 9.093101017982803812e-09 3.497684941571336126e-03 5.794413996679885059e+01 1.995271367858881250e+15 8.335839927667599582e-06
2.349310080000000147e+23 3.440150985306279642e-27 4.826757117810587050e-12 9.093101017982825318e-09 3.496006455668223926e-03 5.796268505864468068e+01 1.995944839292677250e+15 8.335839927667599582e-06
2.350050720000000058e+23 3.438500109075306976e-27 4.824440830347475941e-12 9.093101017982846825e-09 3.494328775244998075e-03 5.798123608586970334e+01 1.996618310726473000e+15 8.335839927667599582e-06
2.350791359999999969e+23 3.436850025074757945e-27 4.822125654435531554e-12 9.093101017982866677e-09 3.492651899915120550e-03 5.799979305037353328e+01 1.997291782160269000e+15 8.335839927667599582e-06
2.351531999999999879e+23 3.435200732924453684e-27 4.819811589541335486e-12 9.093101017982886530e-09 3.490975829292239374e-03 5.801835595405641754e+01 1.997965253594064750e+15 8.335839927667599582e-06
2.352272640000000126e+23 3.433552232244397564e-27 4.817498635131728634e-12 9.093101017982908036e-09 3.489300562990189057e-03 5.803692479881917876e+01 1.998638725027861000e+15 8.335839927667599582e-06
2.353013280000000037e+23 3.431904522654778778e-27 4.815186790673811197e-12 9.093101017982927889e-09 3.487626100622991023e-03 5.805549958656322218e+01 1.999312196461656750e+15 8.335839927667599582e-06
2.353753919999999948e+23 3.430257603775967322e-27 4.812876055634939447e-12 9.093101017982944432e-09 3.485952441804852312e-03 5.807408031919059255e+01 1.999985667895452750e+15 8.335839927667599582e-06
2.354494559999999858e+23 3.428611475228516864e-27 4.810566429482723298e-12 9.093101017982965939e-09 3.484279586150165579e-03 5.809266699860391014e+01 2.000659139329248500e+15 8.335839927667599582e-06
2.355235200000000105e+23 3.426966136633164740e-27 4.808257911685031164e-12 9.093101017982985791e-09 3.482607533273509963e-03 5.811125962670637080e+01 2.001332610763044750e+15 8.335839927667599582e-06
2.355975840000000016e+23 3.425321587610832676e-27 4.805950501709993988e-12 9.093101017983005644e-09 3.480936282789652385e-03 5.812985820540181692e+01 2.002006082196840500e+15 8.335839927667599582e-06
2.356716479999999927e+23 3.423677827782623200e-27 4.803644199025992323e-12 9.093101017983023842e-09 3.479265834313543648e-03 5.814846273659462383e+01 2.002679553630636250e+15 8.335839927667599582e-06
2.357457119999999837e+23 3.422034856769823227e-27 4.801339003101668445e-12 9.093101017983042040e-09 3.477596187460321904e-03 5.816707322218982767e+01 2.003353025064432250e+15 8.335839927667599582e-06
2.358197760000000084e+23 3.420392674193902625e-27 4.799034913405918279e-12 9.093101017983060238e-09 3.475927341845310922e-03 5.818568966409297616e+01 2.004026496498228500e+15 8.335839927667599582e-06
2.358938399999999995e+23 3.418751279676490542e-27 4.796731929407863125e-12 9.093101017983080090e-09 3.474259297083996233e-03 5.820431206421057624e+01 2.004699967932024250e+15 8.335839927667599582e-06
2.359679039999999906e+23 3.417110672839391903e-27 4.794430050576871465e-12 9.093101017983096633e-09 3.472592052792043346e-03 5.822294042444972462e+01 2.005373439365820250e+15 8.335839927667599582e-06
2.360419680000000152e+23 3.415470853304614674e-27 4.792129276382592897e-12 9.093101017983114831e-09 3.470925608585321166e-03 5.824157474671796564e+01 2.006046910799616250e+15 8.335839927667599582e-06
2.361160320000000063e+23 3.413831820694346191e-27 4.789829606294935510e-12 9.093101017983133029e-09 3.469259964079884212e-03 5.826021503292339077e+01 2.006720382233412250e+15 8.335839927667599582e-06
2.361900959999999974e+23 3.412193574630953152e-27 4.787531039784052155e-12 9.093101017983151227e-09 3.467595118891967417e-03 5.827886128497478779e+01 2.007393853667208000e+15 8.335839927667599582e-06
2.362641599999999885e+23 3.410556114736985212e-27 4.785233576320355793e-12 9.093101017983169425e-09 3.465931072637991328e-03 5.829751350478152716e+01 2.008067325101004000e+15 8.335839927667599582e-06
2.363382240000000131e+23 3.408919440635168521e-27 4.782937215374507378e-12 9.093101017983185969e-09 3.464267824934557771e-03 5.831617169425359748e+01 2.008740796534800250e+15 8.335839927667599582e-06
2.364122880000000042e+23 3.407283551948415051e-27 4.780641956417426357e-12 9.093101017983204167e-09 3.462605375398455053e-03 5.833483585530160553e+01 2.009414267968596000e+15 8.335839927667599582e-06
2.364863519999999953e+23 3.405648448299812556e-27 4.778347798920282593e-12 9.093101017983220711e-09 3.460943723646652329e-03 5.835350598983678339e+01 2.010087739402392000e+15 8.335839927667599582e-06
2.365604159999999864e+23 3.404014129312632458e-27 4.776054742354497983e-12 9.093101017983238909e-09 3.459282869296303499e-03 5.837218209977097416e+01 2.010761210836187750e+15 8.335839927667599582e-06
2.366344800000000110e+23 3.402380594610323394e-27 4.773762786191748875e-12 9.093101017983253798e-09 3.457622811964743744e-03 5.839086418701666048e+01 2.011434682269984000e+15 8.335839927667599582e-06
2.367085440000000021e+23 3.400747843816519826e-27 4.771471929903968498e-12 9.093101017983270341e-09 3.455963551269496028e-03 5.840955225348687208e+01 2.012108153703780000e+15 8.335839927667599582e-06
2.367826079999999932e+23 3.399115876555030556e-27 4.769182172963337266e-12 9.093101017983286885e-09 3.454305086828262858e-03 5.842824630109532080e+01 2.012781625137575750e+15 8.335839927667599582e-06
2.368566719999999843e+23 3.397484692449849496e-27 4.766893514842290854e-12 9.093101017983303429e-09 3.452647418258931056e-03 5.844694633175629406e+01 2.013455096571371750e+15 8.335839927667599582e-06
2.369307360000000089e+23 3.395854291125147769e-27 4.764605955013521816e-12 9.093101017983319972e-09 3.450990545179571326e-03 5.846565234738473293e+01 2.014128568005168000e+15 8.335839927667599582e-06
2.370048000000000000e+23 3.394224672205279453e-27 4.762319492949969893e-12 9.093101017983334862e-09 3.449334467208438251e-03 5.848436434989613275e+01 2.014802039438964000e+15 8.335839927667599582e-06
2.370788639999999911e+23 3.392595835314779428e-27 4.760034128124834124e-12 9.093101017983351405e-09 3.447679183963969860e-03 5.850308234120662121e+01 2.015475510872759750e+15 8.335839927667599582e-06
2.371529280000000157e+23 3.390967780078359784e-27 4.757749860011561543e-12 9.093101017983367949e-09 3.446024695064785030e-03 5.852180632323296550e+01 2.016148982306556000e+15 8.335839927667599582e-06
2.372269920000000068e+23 3.389340506120916287e-27 4.755466688083856870e-12 9.093101017983384492e-09 3.444371000129690420e-03 5.854053629789250834e+01 2.016822453740352000e+15 8.335839927667599582e-06
2.373010559999999979e+23 3.387714013067524783e-27 4.753184611815675241e-12 9.093101017983399382e-09 3.442718098777672667e-03 5.855927226710321065e+01 2.017495925174147750e+15 8.335839927667599582e-06
2.373751199999999890e+23 3.386088300543439768e-27 4.750903630681226246e-12 9.093101017983412616e-09 3.441065990627903588e-03 5.857801423278362307e+01 2.018169396607943750e+15 8.335839927667599582e-06
2.374491840000000136e+23 3.384463368174097974e-27 4.748623744154971508e-12 9.093101017983427506e-09 3.439414675299736716e-03 5.859676219685294285e+01 2.018842868041740000e+15 8.335839927667599582e-06
2.375232480000000047e+23 3.382839215585115499e-27 4.746344951711627103e-12 9.093101017983444049e-09 3.437764152412711195e-03 5.861551616123094277e+01 2.019516339475536000e+15 8.335839927667599582e-06
2.375973119999999958e+23 3.381215842402291396e-27 4.744067252826162757e-12 9.093101017983458939e-09 3.436114421586548753e-03 5.863427612783798537e+01 2.020189810909332000e+15 8.335839927667599582e-06
2.376713759999999869e+23 3.379593248251601212e-27 4.741790646973800224e-12 9.093101017983473828e-09 3.434465482441153693e-03 5.865304209859507978e+01 2.020863282343127750e+15 8.335839927667599582e-06
2.377454400000000115e+23 3.377971432759204166e-27 4.739515133630014101e-12 9.093101017983485408e-09 3.432817334596614204e-03 5.867181407542381777e+01 2.021536753776924000e+15 8.335839927667599582e-06
2.378195040000000026e+23 3.376350395551439561e-27 4.737240712270534246e-12 9.093101017983501952e-09 3.431169977673202785e-03 5.869059206024637376e+01 2.022210225210720000e+15 8.335839927667599582e-06
2.378935679999999937e+23 3.374730136254826066e-27 4.734967382371343356e-12 9.093101017983516841e-09 3.429523411291374949e-03 5.870937605498556167e+01 2.022883696644516000e+15 8.335839927667599582e-06
2.379676319999999848e+23 3.373110654496063151e-27 4.732695143408675353e-12 9.093101017983531730e-09 3.427877635071768792e-03 5.872816606156475672e+01 2.023557168078312000e+15 8.335839927667599582e-06
2.380416960000000094e+23 3.371491949902030370e-27 4.730423994859018612e-12 9.093101017983544965e-09 3.426232648635205852e-03 5.874696208190796654e+01 2.024230639512108250e+15 8.335839927667599582e-06
2.381157600000000005e+23 3.369874022099790948e-27 4.728153936199116773e-12 9.093101017983558200e-09 3.424588451602693286e-03 5.876576411793977428e+01 2.024904110945904250e+15 8.335839927667599582e-06
2.381898239999999916e+23 3.368256870716565234e-27 4.725884966905937234e-12 9.093101017983571435e-09 3.422945043595400447e-03 5.878457217158559445e+01 2.025577582379700000e+15 8.335839927667599582e-06
2.382638880000000163e+23 3.366640495379740747e-27 4.723617086456680037e-12 9.093101017983584670e-09 3.421302424234664089e-03 5.880338624477160892e+01 2.026251053813496250e+15 8.335839927667599582e-06
2.383379520000000073e+23 3.365024895716908765e-27 4.721350294328830377e-12 9.093101017983599559e-09 3.419660593142028696e-03 5.882220633942434773e+01 2.026924525247292250e+15 8.335839927667599582e-06
2.384120159999999984e+23 3.363410071355836348e-27 4.719084590000121438e-12 9.093101017983612794e-09 3.418019549939217867e-03 5.884103245747095912e+01 2.027597996681088250e+15 8.335839927667599582e-06
2.384860799999999895e+23 3.361796021924468483e-27 4.716819972948535207e-12 9.093101017983626029e-09 3.416379294248135610e-03 5.885986460083924499e+01 2.028271468114884250e+15 8.335839927667599582e-06
2.385601440000000142e+23 3.360182747050926656e-27 4.714556442652304088e-12 9.093101017983639264e-09 3.414739825690866343e-03 5.887870277145762543e+01 2.028944939548680500e+15 8.335839927667599582e-06
2.386342080000000052e+23 3.358570246363514588e-27 4.712293998589911707e-12 9.093101017983652499e-09 3.413101143889677933e-03 5.889754697125509608e+01 2.029618410982476500e+15 8.335839927667599582e-06
2.387082719999999963e+23 3.356958519490710345e-27 4.710032640240088066e-12 9.093101017983664079e-09 3.411463248467016488e-03 5.891639720216134180e+01 2.030291882416272500e+15 8.335839927667599582e-06
2.387823359999999874e+23 3.355347566061169923e-27 4.707772367081814395e-12 9.093101017983675660e-09 3.409826139045508530e-03 5.893525346610663718e+01 2.030965353850068500e+15 8.335839927667599582e-06
2.388564000000000121e+23 3.353737385703727251e-27 4.705513178594319911e-12 9.093101017983688895e-09 3.408189815247961857e-03 5.895411576502189632e+01 2.031638825283864750e+15 8.335839927667599582e-06
2.389304640000000031e+23 3.352127978047395621e-27 4.703255074257088290e-12 9.093101017983703784e-09 3.406554276697366847e-03 5.897298410083861597e+01 2.032312296717660750e+15 8.335839927667599582e-06
2.390045279999999942e+23 3.350519342721366261e-27 4.700998053549844738e-12 9.093101017983715365e-09 3.404919523016892557e-03 5.899185847548896078e+01 2.032985768151456750e+15 8.335839927667599582e-06
2.390785919999999853e+23 3.348911479355004739e-27 4.698742115952571337e-12 9.093101017983726945e-09 3.403285553829888451e-03 5.901073889090570646e+01 2.033659239585252750e+15 8.335839927667599582e-06
2.391526560000000100e+23 3.347304387577856708e-27 4.696487260945492510e-12 9.093101017983738526e-09 3.401652368759885275e-03 5.902962534902222558e+01 2.034332711019049000e+15 8.335839927667599582e-06
2.392267200000000010e+23 3.345698067019648622e-27 4.694233488009091979e-12 9.093101017983751761e-09 3.400019967430596354e-03 5.904851785177249468e+01 2.035006182452845000e+15 8.335839927667599582e-06
2.393007839999999921e+23 3.344092517310279845e-27 4.691980796624093383e-12 9.093101017983763341e-09 3.398388349465912821e-03 5.906741640109117242e+01 2.035679653886641000e+15 8.335839927667599582e-06
2.393748479999999832e+23 3.342487738079829823e-27 4.689729186271474006e-12 9.093101017983773267e-09 3.396757514489907957e-03 5.908632099891347167e+01 2.036353125320437000e+15 8.335839927667599582e-06
2.394489120000000079e+23 3.340883728958555216e-27 4.687478656432459935e-12 9.093101017983786502e-09 3.395127462126834583e-03 5.910523164717527322e+01 2.037026596754233250e+15 8.335839927667599582e-06
2.395229759999999990e+23 3.339280489576892053e-27 4.685229206588528478e-12 9.093101017983796428e-09 3.393498192001128972e-03 5.912414834781301209e+01 2.037700068188029250e+15 8.335839927667599582e-06
2.395970399999999900e+23 3.337678019565452138e-27 4.682980836221404938e-12 9.093101017983809663e-09 3.391869703737405636e-03 5.914307110276378410e+01 2.038373539621825250e+15 8.335839927667599582e-06
2.396711040000000147e+23 3.336076318555026643e-27 4.680733544813063417e-12 9.093101017983819589e-09 3.390241996960459935e-03 5.916199991396528901e+01 2.039047011055621500e+15 8.335839927667599582e-06
2.397451680000000058e+23 3.334475386176583237e-27 4.678487331845727626e-12 9.093101017983831170e-09 3.388615071295269371e-03 5.918093478335580926e+01 2.039720482489417500e+15 8.335839927667599582e-06
2.398192319999999969e+23 3.332875222061268954e-27 4.676242196801874922e-12 9.093101017983842750e-09 3.386988926366990994e-03 5.919987571287428807e+01 2.040393953923213500e+15 8.335839927667599582e-06
2.398932959999999879e+23 3.331275825840407324e-27 4.673998139164225810e-12 9.093101017983854331e-09 3.385363561800963129e-03 5.921882270446025842e+01 2.041067425357009500e+15 8.335839927667599582e-06
2.399673600000000126e+23 3.329677197145499811e-27 4.671755158415752824e-12 9.093101017983864257e-09 3.383738977222703215e-03 5.923777576005385725e+01 2.041740896790806000e+15 8.335839927667599582e-06
2.400414240000000037e+23 3.328079335608226525e-27 4.669513254039679723e-12 9.093101017983875838e-09 3.382115172257912136e-03 5.925673488159582547e+01 2.042414368224602000e+15 8.335839927667599582e-06
2.401154879999999948e+23 3.326482240860445508e-27 4.667272425519479875e-12 9.093101017983885764e-09 3.380492146532470318e-03 5.927570007102750083e+01 2.043087839658398000e+15 8.335839927667599582e-06
2.401895519999999858e+23 3.324885912534191298e-27 4.665032672338871409e-12 9.093101017983895690e-09 3.378869899672437734e-03 5.929467133029088899e+01 2.043761311092194000e+15 8.335839927667599582e-06
2.402636160000000105e+23 3.323290350261677082e-27 4.662793993981827716e-12 9.093101017983907270e-09 3.377248431304056067e-03 5.931364866132853564e+01 2.044434782525990250e+15 8.335839927667599582e-06
2.403376800000000016e+23 3.321695553675293980e-27 4.660556389932567757e-12 9.093101017983917197e-09 3.375627741053748281e-03 5.933263206608361884e+01 2.045108253959786250e+15 8.335839927667599582e-06
2.404117439999999927e+23 3.320101522407611040e-27 4.658319859675564139e-12 9.093101017983927123e-09 3.374007828548117316e-03 5.935162154649992061e+01 2.045781725393582250e+15 8.335839927667599582e-06
2.404858079999999837e+23 3.318508256091361612e-27 4.656084402695515653e-12 9.093101017983937049e-09 3.372388693413933512e-03 5.937061710452200458e+01 2.046455196827378250e+15 8.335839927667599582e-06
2.405598720000000084e+23 3.316915754359433301e-27 4.653850018477340002e-12 9.093101017983946975e-09 3.370770335278123770e-03 5.938961874209526570e+01 2.047128668261174750e+15 8.335839927667599582e-06
2.406339359999999995e+23 3.315324016844916034e-27 4.651616706506237614e-12 9.093101017983956901e-09 3.369152753767820987e-03 5.940862646116546841e+01 2.047802139694970750e+15 8.335839927667599582e-06
2.407079999999999906e+23 3.313733043181075521e-27 4.649384466267656913e-12 9.093101017983966827e-09 3.367535948510335872e-03 5.942764026367895980e+01 2.048475611128766750e+15 8.335839927667599582e-06
2.407820640000000152e+23 3.312142833001350378e-27 4.647153297247290274e-12 9.093101017983976754e-09 3.365919919133156506e-03 5.944666015158277617e+01 2.049149082562563000e+15 8.335839927667599582e-06
2.408561280000000063e+23 3.310553385939358589e-27 4.644923198931076451e-12 9.093101017983986680e-09 3.364304665263951385e-03 5.946568612682452937e+01 2.049822553996359000e+15 8.335839927667599582e-06
2.409301919999999974e+23 3.308964701628890328e-27 4.642694170805200575e-12 9.093101017983998260e-09 3.362690186530564642e-03 5.948471819135249206e+01 2.050496025430155250e+15 8.335839927667599582e-06
2.410042559999999885e+23 3.307376779703912267e-27 4.640466212356093344e-12 9.093101017984006532e-09 3.361076482561020391e-03 5.950375634711554085e+01 2.051169496863951250e+15 8.335839927667599582e-06
2.410783200000000131e+23 3.305789619798563985e-27 4.638239323070430221e-12 9.093101017984016458e-09 3.359463552983517950e-03 5.952280059606322737e+01 2.051842968297747500e+15 8.335839927667599582e-06
2.411523840000000042e+23 3.304203221547164431e-27 4.636013502435136273e-12 9.093101017984026384e-09 3.357851397426438785e-03 5.954185094014567881e+01 2.052516439731543500e+15 8.335839927667599582e-06
2.412264479999999953e+23 3.302617584584204740e-27 4.633788749937375677e-12 9.093101017984033002e-09 3.356240015518338702e-03 5.956090738131369022e+01 2.053189911165339500e+15 8.335839927667599582e-06
2.413005119999999864e+23 3.301032708544351113e-27 4.631565065064564640e-12 9.093101017984042928e-09 3.354629406887953483e-03 5.957996992151866777e+01 2.053863382599135500e+15 8.335839927667599582e-06
2.413745760000000110e+23 3.299448593062444811e-27 4.629342447304361710e-12 9.093101017984051200e-09 3.353019571164195852e-03 5.959903856271264999e+01 2.054536854032932000e+15 8.335839927667599582e-06
2.414486400000000021e+23 3.297865237773505742e-27 4.627120896144673423e-12 9.093101017984062780e-09 3.351410507976158078e-03 5.961811330684827226e+01 2.055210325466728000e+15 8.335839927667599582e-06
2.415227039999999932e+23 3.296282642312724574e-27 4.624900411073649464e-12 9.093101017984069398e-09 3.349802216953108938e-03 5.963719415587883788e+01 2.055883796900524000e+15 8.335839927667599582e-06
2.415967679999999843e+23 3.294700806315469903e-27 4.622680991579687510e-12 9.093101017984077670e-09 3.348194697724495884e-03 5.965628111175825410e+01 2.056557268334320250e+15 8.335839927667599582e-06
2.416708320000000089e+23 3.293119729417283236e-27 4.620462637151430807e-12 9.093101017984089250e-09 3.346587949919943746e-03 5.967537417644103925e+01 2.057230739768116500e+15 8.335839927667599582e-06
2.417448960000000000e+23 3.291539411253884011e-27 4.618245347277767363e-12 9.093101017984097522e-09 3.344981973169257328e-03 5.969447335188234405e+01 2.057904211201912500e+15 8.335839927667599582e-06
2.418189599999999911e+23 3.289959851461165292e-27 4.616029121447832370e-12 9.093101017984105794e-09 3.343376767102417511e-03 5.971357864003795157e+01 2.058577682635708500e+15 8.335839927667599582e-06
2.418930240000000157e+23 3.288381049675193770e-27 4.613813959151003358e-12 9.093101017984112411e-09 3.341772331349582553e-03 5.973269004286427730e+01 2.059251154069505000e+15 8.335839927667599582e-06
2.419670880000000068e+23 3.286803005532216218e-27 4.611599859876910698e-12 9.093101017984122337e-09 3.340168665541092419e-03 5.975180756231828383e+01 2.059924625503301000e+15 8.335839927667599582e-06
2.420411519999999979e+23 3.285225718668649451e-27 4.609386823115423057e-12 9.093101017984130609e-09 3.338565769307460986e-03 5.977093120035764429e+01 2.060598096937097000e+15 8.335839927667599582e-06
2.421152159999999890e+23 3.283649188721087497e-27 4.607174848356658715e-12 9.093101017984138881e-09 3.336963642279382539e-03 5.979006095894059314e+01 2.061271568370893000e+15 8.335839927667599582e-06
2.421892800000000136e+23 3.282073415326299442e-27 4.604963935090980708e-12 9.093101017984147153e-09 3.335362284087727870e-03 5.980919684002600434e+01 2.061945039804689500e+15 8.335839927667599582e-06
2.422633440000000047e+23 3.280498398121230874e-27 4.602754082808999261e-12 9.093101017984155425e-09 3.333761694363547752e-03 5.982833884557334869e+01 2.062618511238485500e+15 8.335839927667599582e-06
2.423374079999999958e+23 3.278924136743000285e-27 4.600545291001568550e-12 9.093101017984163696e-09 3.332161872738069464e-03 5.984748697754272939e+01 2.063291982672281750e+15 8.335839927667599582e-06
2.424114719999999869e+23 3.277350630828902667e-27 4.598337559159789938e-12 9.093101017984171968e-09 3.330562818842698961e-03 5.986664123789486069e+01 2.063965454106077750e+15 8.335839927667599582e-06
2.424855360000000115e+23 3.275777880016407354e-27 4.596130886775007932e-12 9.093101017984180240e-09 3.328964532309018707e-03 5.988580162859108924e+01 2.064638925539874000e+15 8.335839927667599582e-06
2.425596000000000026e+23 3.274205883943160893e-27 4.593925273338818265e-12 9.093101017984186858e-09 3.327367012768792445e-03 5.990496815159332300e+01 2.065312396973670000e+15 8.335839927667599582e-06
2.426336639999999937e+23 3.272634642246982025e-27 4.591720718343056581e-12 9.093101017984193475e-09 3.325770259853959125e-03 5.992414080886413785e+01 2.065985868407466250e+15 8.335839927667599582e-06
2.427077279999999848e+23 3.271064154565868138e-27 4.589517221279808944e-12 9.093101017984201747e-09 3.324174273196636806e-03 5.994331960236666390e+01 2.066659339841262250e+15 8.335839927667599582e-06
2.427817920000000094e+23 3.269494420537978769e-27 4.587314781641390021e-12 9.093101017984208364e-09 3.322579052429111817e-03 5.996250453406482706e+01 2.067332811275058750e+15 8.335839927667599582e-06
2.428558560000000005e+23 3.267925439801625554e-27 4.585113398920326930e-12 9.093101017984216636e-09 3.320984597183821840e-03 5.998169560592341298e+01 2.068006282708854750e+15 8.335839927667599582e-06
2.429299199999999916e+23 3.266357211995313130e-27 4.582913072609419015e-12 9.093101017984223253e-09 3.319390907093403616e-03 6.000089281990761947e+01 2.068679754142650750e+15 8.335839927667599582e-06
2.430039840000000163e+23 3.264789736757724782e-27 4.580713802201713613e-12 9.093101017984231525e-09 3.317797981790672566e-03 6.002009617798320562e+01 2.069353225576447250e+15 8.335839927667599582e-06
2.430780480000000073e+23 3.263223013727715268e-27 4.578515587190501206e-12 9.093101017984238143e-09 3.316205820908620181e-03 6.003930568211658425e+01 2.070026697010243250e+15 8.335839927667599582e-06
2.431521119999999984e+23 3.261657042544311541e-27 4.576318427069313806e-12 9.093101017984246415e-09 3.314614424080413162e-03 6.005852133427480766e+01 2.070700168444039250e+15 8.335839927667599582e-06
2.432261759999999895e+23 3.260091822846713458e-27 4.574122321331923342e-12 9.093101017984254686e-09 3.313023790939392983e-03 6.007774313642555342e+01 2.071373639877835500e+15 8.335839927667599582e-06
2.433002400000000142e+23 3.258527354274293071e-27 4.571927269472347311e-12 9.093101017984261304e-09 3.311433921119076324e-03 6.009697109053715991e+01 2.072047111311631750e+15 8.335839927667599582e-06
2.433743040000000052e+23 3.256963636466596775e-27 4.569733270984843122e-12 9.093101017984267921e-09 3.309844814253156808e-03 6.011620519857858369e+01 2.072720582745428000e+15 8.335839927667599582e-06
2.434483679999999963e+23 3.255400669063341722e-27 4.567540325363913758e-12 9.093101017984272884e-09 3.308256469975502396e-03 6.013544546251939948e+01 2.073394054179224000e+15 8.335839927667599582e-06
2.435224319999999874e+23 3.253838451704417973e-27 4.565348432104297266e-12 9.093101017984279502e-09 3.306668887920155824e-03 6.015469188432983572e+01 2.074067525613020000e+15 8.335839927667599582e-06
2.435964960000000121e+23 3.252276984029887779e-27 4.563157590700981304e-12 9.093101017984287774e-09 3.305082067721335903e-03 6.017394446598078872e+01 2.074740997046816500e+15 8.335839927667599582e-06
2.436705600000000031e+23 3.250716265679988454e-27 4.560967800649192634e-12 9.093101017984294391e-09 3.303496009013437949e-03 6.019320320944371616e+01 2.075414468480612500e+15 8.335839927667599582e-06
2.437446239999999942e+23 3.249156296295126634e-27 4.558779061444399552e-12 9.093101017984301008e-09 3.301910711431030754e-03 6.021246811669075072e+01 2.076087939914408500e+15 8.335839927667599582e-06
2.438186879999999853e+23 3.247597075515882581e-27 4.556591372582311882e-12 9.093101017984309280e-09 3.300326174608859183e-03 6.023173918969466456e+01 2.076761411348204750e+15 8.335839927667599582e-06
2.438927520000000100e+23 3.246038602983010182e-27 4.554404733558884208e-12 9.093101017984314243e-09 3.298742398181843307e-03 6.025101643042881960e+01 2.077434882782001250e+15 8.335839927667599582e-06
2.439668160000000010e+23 3.244480878337435519e-27 4.552219143870312647e-12 9.093101017984320861e-09 3.297159381785079706e-03 6.027029984086725989e+01 2.078108354215797250e+15 8.335839927667599582e-06
2.440408799999999921e+23 3.242923901220257578e-27 4.550034603013033230e-12 9.093101017984327478e-09 3.295577125053839734e-03 6.028958942298459789e+01 2.078781825649593250e+15 8.335839927667599582e-06
2.441149440000000168e+23 3.241367671272745390e-27 4.547851110483727556e-12 9.093101017984334096e-09 3.293995627623568651e-03 6.030888517875614241e+01 2.079455297083389750e+15 8.335839927667599582e-06
2.441890080000000079e+23 3.239812188136344478e-27 4.545668665779315525e-12 9.093101017984340713e-09 3.292414889129889524e-03 6.032818711015777069e+01 2.080128768517185750e+15 8.335839927667599582e-06
2.442630719999999990e+23 3.238257451452669688e-27 4.543487268396961797e-12 9.093101017984345676e-09 3.290834909208599328e-03 6.034749521916599235e+01 2.080802239950982000e+15 8.335839927667599582e-06
2.443371359999999900e+23 3.236703460863510927e-27 4.541306917834073370e-12 9.093101017984352294e-09 3.289255687495671113e-03 6.036680950775797072e+01 2.081475711384778000e+15 8.335839927667599582e-06
2.444112000000000147e+23 3.235150216010828143e-27 4.539127613588297158e-12 9.093101017984358911e-09 3.287677223627251833e-03 6.038612997791150150e+01 2.082149182818574500e+15 8.335839927667599582e-06
2.444852640000000058e+23 3.233597716536756344e-27 4.536949355157524028e-12 9.093101017984363874e-09 3.286099517239666253e-03 6.040545663160496304e+01 2.082822654252370500e+15 8.335839927667599582e-06
2.445593279999999969e+23 3.232045962083602011e-27 4.534772142039888799e-12 9.093101017984370492e-09 3.284522567969413043e-03 6.042478947081735186e+01 2.083496125686166500e+15 8.335839927667599582e-06
2.446333919999999879e+23 3.230494952293843460e-27 4.532595973733762977e-12 9.093101017984377109e-09 3.282946375453166081e-03 6.044412849752836081e+01 2.084169597119962750e+15 8.335839927667599582e-06
2.447074560000000126e+23 3.228944686810132632e-27 4.530420849737764442e-12 9.093101017984383727e-09 3.281370939327774450e-03 6.046347371371820856e+01 2.084843068553759000e+15 8.335839927667599582e-06
2.447815200000000037e+23 3.227395165275295095e-27 4.528246769550755028e-12 9.093101017984387035e-09 3.279796259230265045e-03 6.048282512136778877e+01 2.085516539987555250e+15 8.335839927667599582e-06
2.448555839999999948e+23 3.225846387332326457e-27 4.526073732671832447e-12 9.093101017984393653e-09 3.278222334797836930e-03 6.050218272245860618e+01 2.086190011421351250e+15 8.335839927667599582e-06
2.449296479999999858e+23 3.224298352624395950e-27 4.523901738600340786e-12 9.093101017984400270e-09 3.276649165667866112e-03 6.052154651897278370e+01 2.086863482855147500e+15 8.335839927667599582e-06
2.450037120000000105e+23 3.222751060794846435e-27 4.521730786835865663e-12 9.093101017984405233e-09 3.275076751477903805e-03 6.054091651289305531e+01 2.087536954288943750e+15 8.335839927667599582e-06
2.450777760000000016e+23 3.221204511487186866e-27 4.519560876878229378e-12 9.093101017984411851e-09 3.273505091865671658e-03 6.056029270620283711e+01 2.088210425722740000e+15 8.335839927667599582e-06
2.451518399999999927e+23 3.219658704345069688e-27 4.517392008227451335e-12 9.093101017984416814e-09 3.271934186469035739e-03 6.057967510088653995e+01 2.088883897156536000e+15 8.335839927667599582e-06
2.452259039999999837e+23 3.218113639012337476e-27 4.515224180383818317e-12 9.093101017984421777e-09 3.270364034926056401e-03 6.059906369892895839e+01 2.089557368590332000e+15 8.335839927667599582e-06
2.452999680000000084e+23 3.216569315133008583e-27 4.513057392847865098e-12 9.093101017984426740e-09 3.268794636874971810e-03 6.061845850231546962e+01 2.090230840024128500e+15 8.335839927667599582e-06
2.453740319999999995e+23 3.215025732351273553e-27 4.510891645120369600e-12 9.093101017984433357e-09 3.267225991954195337e-03 6.063785951303206190e+01 2.090904311457924500e+15 8.335839927667599582e-06
2.454480959999999906e+23 3.213482890311489743e-27 4.508726936702340773e-12 9.093101017984436666e-09 3.265658099802310789e-03 6.065726673306541983e+01 2.091577782891720750e+15 8.335839927667599582e-06
2.455221600000000152e+23 3.211940788658187058e-27 4.506563267095029904e-12 9.093101017984443284e-09 3.264090960058075447e-03 6.067668016440281775e+01 2.092251254325517250e+15 8.335839927667599582e-06
2.455962240000000063e+23 3.210399427036064007e-27 4.504400635799926581e-12 9.093101017984448247e-09 3.262524572360420063e-03 6.069609980903224056e+01 2.092924725759313250e+15 8.335839927667599582e-06
2.456702879999999974e+23 3.208858805089990216e-27 4.502239042318760307e-12 9.093101017984453210e-09 3.260958936348447561e-03 6.071552566894223446e+01 2.093598197193109500e+15 8.335839927667599582e-06
2.457443519999999885e+23 3.207318922465004273e-27 4.500078486153495650e-12 9.093101017984459827e-09 3.259394051661433471e-03 6.073495774612204201e+01 2.094271668626905500e+15 8.335839927667599582e-06
2.458184160000000131e+23 3.205779778806314805e-27 4.497918966806338711e-12 9.093101017984464790e-09 3.257829917938825925e-03 6.075439604256155235e+01 2.094945140060702000e+15 8.335839927667599582e-06
2.458924800000000042e+23 3.204241373759301914e-27 4.495760483779733081e-12 9.093101017984469753e-09 3.256266534820247398e-03 6.077384056025125858e+01 2.095618611494498000e+15 8.335839927667599582e-06
2.459665439999999953e+23 3.202703706969514665e-27 4.493603036576360650e-12 9.093101017984474716e-09 3.254703901945491668e-03 6.079329130118228619e+01 2.096292082928294000e+15 8.335839927667599582e-06
2.460406079999999864e+23 3.201166778082671802e-27 4.491446624699141610e-12 9.093101017984479679e-09 3.253142018954525115e-03 6.081274826734645700e+01 2.096965554362090250e+15 8.335839927667599582e-06
2.461146720000000110e+23 3.199630586744661750e-27 4.489291247651236870e-12 9.093101017984484643e-09 3.251580885487487596e-03 6.083221146073617547e+01 2.097639025795886500e+15 8.335839927667599582e-06
2.461887360000000021e+23 3.198095132601545126e-27 4.487136904936044028e-12 9.093101017984487951e-09 3.250020501184692004e-03 6.085168088334450687e+01 2.098312497229682750e+15 8.335839927667599582e-06
2.462627999999999932e+23 3.196560415299550793e-27 4.484983596057198170e-12 9.093101017984494569e-09 3.248460865686623837e-03 6.087115653716515595e+01 2.098985968663478750e+15 8.335839927667599582e-06
2.463368639999999843e+23 3.195026434485078369e-27 4.482831320518576720e-12 9.093101017984499532e-09 3.246901978633941199e-03 6.089063842419243144e+01 2.099659440097275000e+15 8.335839927667599582e-06
2.464109280000000089e+23 3.193493189804695360e-27 4.480680077824289750e-12 9.093101017984502841e-09 3.245343839667473498e-03 6.091012654642132418e+01 2.100332911531071500e+15 8.335839927667599582e-06
2.464849920000000000e+23 3.191960680905142899e-27 4.478529867478692896e-12 9.093101017984507804e-09 3.243786448428226214e-03 6.092962090584740764e+01 2.101006382964867500e+15 8.335839927667599582e-06
2.465590559999999911e+23 3.190428907433330363e-27 4.476380688986375251e-12 9.093101017984511112e-09 3.242229804557375701e-03 6.094912150446692323e+01 2.101679854398663500e+15 8.335839927667599582e-06
2.466331200000000157e+23 3.188897869036336092e-27 4.474232541852165012e-12 9.093101017984516075e-09 3.240673907696269614e-03 6.096862834427675182e+01 2.102353325832460000e+15 8.335839927667599582e-06
2.467071840000000068e+23 3.187367565361410261e-27 4.472085425581132716e-12 9.093101017984522693e-09 3.239118757486431684e-03 6.098814142727434273e+01 2.103026797266256250e+15 8.335839927667599582e-06
2.467812479999999979e+23 3.185837996055972005e-27 4.469939339678583158e-12 9.093101017984526002e-09 3.237564353569556078e-03 6.100766075545786293e+01 2.103700268700052250e+15 8.335839927667599582e-06
2.468553119999999890e+23 3.184309160767611577e-27 4.467794283650062666e-12 9.093101017984530965e-09 3.236010695587510869e-03 6.102718633082602651e+01 2.104373740133848500e+15 8.335839927667599582e-06
2.469293760000000136e+23 3.182781059144086756e-27 4.465650257001351018e-12 9.093101017984534273e-09 3.234457783182335001e-03 6.104671815537823676e+01 2.105047211567644750e+15 8.335839927667599582e-06
2.470034400000000047e+23 3.181253690833328590e-27 4.463507259238474370e-12 9.093101017984540891e-09 3.232905615996243490e-03 6.106625623111449386e+01 2.105720683001441000e+15 8.335839927667599582e-06
2.470775039999999958e+23 3.179727055483436372e-27 4.461365289867691522e-12 9.093101017984544200e-09 3.231354193671621359e-03 6.108580056003541614e+01 2.106394154435237000e+15 8.335839927667599582e-06
2.471515679999999869e+23 3.178201152742679793e-27 4.459224348395502805e-12 9.093101017984549163e-09 3.229803515851027967e-03 6.110535114414226854e+01 2.107067625869033250e+15 8.335839927667599582e-06
2.472256320000000115e+23 3.176675982259497148e-27 4.457084434328643618e-12 9.093101017984552471e-09 3.228253582177193545e-03 6.112490798543696968e+01 2.107741097302829500e+15 8.335839927667599582e-06
2.472996960000000026e+23 3.175151543682500359e-27 4.454945547174093313e-12 9.093101017984557434e-09 3.226704392293024398e-03 6.114447108592195690e+01 2.108414568736625750e+15 8.335839927667599582e-06
2.473737599999999937e+23 3.173627836660464929e-27 4.452807686439062271e-12 9.093101017984560743e-09 3.225155945841593798e-03 6.116404044760044201e+01 2.109088040170421750e+15 8.335839927667599582e-06
2.474478239999999848e+23 3.172104860842308062e-27 4.450670851630955551e-12 9.093101017984565706e-09 3.223608242466118566e-03 6.118361607247656053e+01 2.109761511604218000e+15 8.335839927667599582e-06
2.475218880000000094e+23 3.170582615877128838e-27 4.448535042257439939e-12 9.093101017984569015e-09 3.222061281810000705e-03 6.120319796255499512e+01 2.110434983038014500e+15 8.335839927667599582e-06
2.475959520000000005e+23 3.169061101414206062e-27 4.446400257826426981e-12 9.093101017984573978e-09 3.220515063516823928e-03 6.122278611984083341e+01 2.111108454471810500e+15 8.335839927667599582e-06
2.476700159999999916e+23 3.167540317102983556e-27 4.444266497846064906e-12 9.093101017984577287e-09 3.218969587230340653e-03 6.124238054633993045e+01 2.111781925905606750e+15 8.335839927667599582e-06
2.477440800000000163e+23 3.166020262593072312e-27 4.442133761824736203e-12 9.093101017984582250e-09 3.217424852594472865e-03 6.126198124405873813e+01 2.112455397339403000e+15 8.335839927667599582e-06
2.478181440000000073e+23 3.164500937534253001e-27 4.440002049271057622e-12 9.093101017984583904e-09 3.215880859253314721e-03 6.128158821500435494e+01 2.113128868773199250e+15 8.335839927667599582e-06
2.478922079999999984e+23 3.162982341576471671e-27 4.437871359693883406e-12 9.093101017984588867e-09 3.214337606851129080e-03 6.130120146118456148e+01 2.113802340206995250e+15 8.335839927667599582e-06
2.479662719999999895e+23 3.161464474369842257e-27 4.435741692602298823e-12 9.093101017984592176e-09 3.212795095032348804e-03 6.132082098460776365e+01 2.114475811640791500e+15 8.335839927667599582e-06
2.480403360000000142e+23 3.159947335564646579e-27 4.433613047505625828e-12 9.093101017984597139e-09 3.211253323441577625e-03 6.134044678728301392e+01 2.115149283074587750e+15 8.335839927667599582e-06
2.481144000000000052e+23 3.158430924811334704e-27 4.431485423913424672e-12 9.093101017984600448e-09 3.209712291723590145e-03 6.136007887122002558e+01 2.115822754508384000e+15 8.335839927667599582e-06
2.481884639999999963e+23 3.156915241760523151e-27 4.429358821335486639e-12 9.093101017984605411e-09 3.208171999523330101e-03 6.137971723842915850e+01 2.116496225942180000e+15 8.335839927667599582e-06
2.482625279999999874e+23 3.155400286062996324e-27 4.427233239281838885e-12 9.093101017984607065e-09 3.206632446485912103e-03 6.139936189092139784e+01 2.117169697375976250e+15 8.335839927667599582e-06
2.483365920000000121e+23 3.153886057369705080e-27 4.425108677262742828e-12 9.093101017984610374e-09 3.205093632256619460e-03 6.141901283070840378e+01 2.117843168809772500e+15 8.335839927667599582e-06
2.484106560000000031e+23 3.152372555331770675e-27 4.422985134788698992e-12 9.093101017984615337e-09 3.203555556480908954e-03 6.143867005980241913e+01 2.118516640243568750e+15 8.335839927667599582e-06
2.484847199999999942e+23 3.150859779600478662e-27 4.420862611370438930e-12 9.093101017984618646e-09 3.202018218804404768e-03 6.145833358021643278e+01 2.119190111677365000e+15 8.335839927667599582e-06
2.485587839999999853e+23 3.149347729827283918e-27 4.418741106518929265e-12 9.093101017984623609e-09 3.200481618872901956e-03 6.147800339396396652e+01 2.119863583111161000e+15 8.335839927667599582e-06
2.486328480000000100e+23 3.147836405663807054e-27 4.416620619745372492e-12 9.093101017984625263e-09 3.198945756332365140e-03 6.149767950305929531e+01 2.120537054544957500e+15 8.335839927667599582e-06
2.487069120000000010e+23 3.146325806761839435e-27 4.414501150561208602e-12 9.093101017984630226e-09 3.197410630828931982e-03 6.151736190951719863e+01 2.121210525978753500e+15 8.335839927667599582e-06
2.487809759999999921e+23 3.144815932773336371e-27 4.412382698478106994e-12 9.093101017984633535e-09 3.195876242008907110e-03 6.153705061535322329e+01 2.121883997412549500e+15 8.335839927667599582e-06
2.488550399999999832e+23 3.143306783350423566e-27 4.410265263007979409e-12 9.093101017984635189e-09 3.194342589518767324e-03 6.155674562258348459e+01 2.122557468846345750e+15 8.335839927667599582e-06
2.489291040000000079e+23 3.141798358145391384e-27 4.408148843662963769e-12 9.093101017984640153e-09 3.192809673005158125e-03 6.157644693322473728e+01 2.123230940280142000e+15 8.335839927667599582e-06
2.490031679999999990e+23 3.140290656810700228e-27 4.406033439955441950e-12 9.093101017984643461e-09 3.191277492114896752e-03 6.159615454929441825e+01 2.123904411713938250e+15 8.335839927667599582e-06
2.490772319999999900e+23 3.138783678998976954e-27 4.403919051398025240e-12 9.093101017984646770e-09 3.189746046494970448e-03 6.161586847281054702e+01 2.124577883147734500e+15 8.335839927667599582e-06
2.491512960000000147e+23 3.137277424363015584e-27 4.401805677503559997e-12 9.093101017984650079e-09 3.188215335792535157e-03 6.163558870579183235e+01 2.125251354581530750e+15 8.335839927667599582e-06
2.492253600000000058e+23 3.135771892555778390e-27 4.399693317785132493e-12 9.093101017984655042e-09 3.186685359654918993e-03 6.165531525025755144e+01 2.125924826015327000e+15 8.335839927667599582e-06
2.492994239999999969e+23 3.134267083230394809e-27 4.397581971756058411e-12 9.093101017984656696e-09 3.185156117729619641e-03 6.167504810822766359e+01 2.126598297449123000e+15 8.335839927667599582e-06
2.493734879999999879e+23 3.132762996040161808e-27 4.395471638929890122e-12 9.093101017984660005e-09 3.183627609664304355e-03 6.169478728172275339e+01 2.127271768882919250e+15 8.335839927667599582e-06
2.494475520000000126e+23 3.131259630638542448e-27 4.393362318820415868e-12 9.093101017984663314e-09 3.182099835106810392e-03 6.171453277276403071e+01 2.127945240316715750e+15 8.335839927667599582e-06
2.495216160000000037e+23 3.129756986679170546e-27 4.391254010941659771e-12 9.093101017984664968e-09 3.180572793705147179e-03 6.173428458337335201e+01 2.128618711750511750e+15 8.335839927667599582e-06
2.495956799999999948e+23 3.128255063815844934e-27 4.389146714807878594e-12 9.093101017984669931e-09 3.179046485107492846e-03 6.175404271557314928e+01 2.129292183184308000e+15 8.335839927667599582e-06
2.496697439999999858e+23 3.126753861702531616e-27 4.387040429933564170e-12 9.093101017984671585e-09 3.177520908962195093e-03 6.177380717138656507e+01 2.129965654618104000e+15 8.335839927667599582e-06
2.497438080000000105e+23 3.125253379993335065e-27 4.384935155833403010e-12 9.093101017984674894e-09 3.175996064917742129e-03 6.179357795283770827e+01 2.130639126051900500e+15 8.335839927667599582e-06
2.498178720000000016e+23 3.123753618342536252e-27 4.382830892022328002e-12 9.093101017984678203e-09 3.174471952622801713e-03 6.181335506195122775e+01 2.131312597485696500e+15 8.335839927667599582e-06
2.498919359999999927e+23 3.122254576404591925e-27 4.380727638015520025e-12 9.093101017984681512e-09 3.172948571726220274e-03 6.183313850075227691e+01 2.131986068919492750e+15 8.335839927667599582e-06
2.499659999999999837e+23 3.120756253834123131e-27 4.378625393328390182e-12 9.093101017984683166e-09 3.171425921877011646e-03 6.185292827126664150e+01 2.132659540353288750e+15 8.335839927667599582e-06
2.500400640000000084e+23 3.119258650285917731e-27 4.376524157476582218e-12 9.093101017984688129e-09 3.169904002724357930e-03 6.187272437552081783e+01 2.133333011787085250e+15 8.335839927667599582e-06
2.501141279999999995e+23 3.117761765414927883e-27 4.374423929975970909e-12 9.093101017984689783e-09 3.168382813917609495e-03 6.189252681554189905e+01 2.134006483220881500e+15 8.335839927667599582e-06
2.501881919999999906e+23 3.116265598876270402e-27 4.372324710342664482e-12 9.093101017984691438e-09 3.166862355106283243e-03 6.191233559335768888e+01 2.134679954654677500e+15 8.335839927667599582e-06
2.502622560000000152e+23 3.114770150325227122e-27 4.370226498092998962e-12 9.093101017984696401e-09 3.165342625940064346e-03 6.193215071099658786e+01 2.135353426088473750e+15 8.335839927667599582e-06
2.503363200000000063e+23 3.113275419417246328e-27 4.368129292743546250e-12 9.093101017984698055e-09 3.163823626068806676e-03 6.195197217048770000e+01 2.136026897522270000e+15 8.335839927667599582e-06
2.504103839999999974e+23 3.111781405807939530e-27 4.366033093811107660e-12 9.093101017984703018e-09 3.162305355142529771e-03 6.197179997386078298e+01 2.136700368956066000e+15 8.335839927667599582e-06
2.504844479999999885e+23 3.110288109153083968e-27 4.363937900812714728e-12 9.093101017984704673e-09 3.160787812811422307e-03 6.199163412314620558e+01 2.137373840389862250e+15 8.335839927667599582e-06
2.505585120000000131e+23 3.108795529108620828e-27 4.361843713265632442e-12 9.093101017984706327e-09 3.159270998725839490e-03 6.201147462037503999e+01 2.138047311823658750e+15 8.335839927667599582e-06
2.506325760000000042e+23 3.107303665330659179e-27 4.359750530687356817e-12 9.093101017984711290e-09 3.157754912536306531e-03 6.203132146757894816e+01 2.138720783257454750e+15 8.335839927667599582e-06
2.507066399999999953e+23 3.105812517475470239e-27 4.357658352595614901e-12 9.093101017984712944e-09 3.156239553893513440e-03 6.205117466679031679e+01 2.139394254691251000e+15 8.335839927667599582e-06
2.507807039999999864e+23 3.104322085199491676e-27 4.355567178508366382e-12 9.093101017984714599e-09 3.154724922448320229e-03 6.207103422004210813e+01 2.140067726125047000e+15 8.335839927667599582e-06
2.508547680000000110e+23 3.102832368159324742e-27 4.353477007943801174e-12 9.093101017984719562e-09 3.153211017851752576e-03 6.209090012936800917e+01 2.140741197558843500e+15 8.335839927667599582e-06
2.509288320000000021e+23 3.101343366011738575e-27 4.351387840420341830e-12 9.093101017984721216e-09 3.151697839755006163e-03 6.211077239680226825e+01 2.141414668992639500e+15 8.335839927667599582e-06
2.510028959999999932e+23 3.099855078413663742e-27 4.349299675456641130e-12 9.093101017984722871e-09 3.150185387809442336e-03 6.213065102437985843e+01 2.142088140426435750e+15 8.335839927667599582e-06
2.510769599999999843e+23 3.098367505022199057e-27 4.347212512571586109e-12 9.093101017984727834e-09 3.148673661666591579e-03 6.215053601413636386e+01 2.142761611860231750e+15 8.335839927667599582e-06
2.511510240000000089e+23 3.096880645494605479e-27 4.345126351284290795e-12 9.093101017984729488e-09 3.147162660978150475e-03 6.217042736810800818e+01 2.143435083294028250e+15 8.335839927667599582e-06
2.512250880000000000e+23 3.095394499488311496e-27 4.343041191114105092e-12 9.093101017984731142e-09 3.145652385395985608e-03 6.219032508833167583e+01 2.144108554727824250e+15 8.335839927667599582e-06
2.512991519999999911e+23 3.093909066660909537e-27 4.340957031580608315e-12 9.093101017984732797e-09 3.144142834572129230e-03 6.221022917684488363e+01 2.144782026161620500e+15 8.335839927667599582e-06
2.513732160000000157e+23 3.092424346670155613e-27 4.338873872203611617e-12 9.093101017984737760e-09 3.142634008158781429e-03 6.223013963568579499e+01 2.145455497595417000e+15 8.335839927667599582e-06
2.514472800000000068e+23 3.090940339173974339e-27 4.336791712503158797e-12 9.093101017984739414e-09 3.141125905808311858e-03 6.225005646689321992e+01 2.146128969029213000e+15 8.335839927667599582e-06
2.515213439999999979e+23 3.089457043830452118e-27 4.334710551999523873e-12 9.093101017984739414e-09 3.139618527173256273e-03 6.226997967250658661e+01 2.146802440463009000e+15 8.335839927667599582e-06
2.515954079999999890e+23 3.087974460297841088e-27 4.332630390213211892e-12 9.093101017984741069e-09 3.138111871906317830e-03 6.228990925456601246e+01 2.147475911896805000e+15 8.335839927667599582e-06
2.516694720000000136e+23 3.086492588234559121e-27 4.330551226664958932e-12 9.093101017984744377e-09 3.136605939660367954e-03 6.230984521511219754e+01 2.148149383330601500e+15 8.335839927667599582e-06
2.517435360000000047e+23 3.085011427299189105e-27 4.328473060875738561e-12 9.093101017984747686e-09 3.135100730088446769e-03 6.232978755618650979e+01 2.148822854764397750e+15 8.335839927667599582e-06
2.518175999999999958e+23 3.083530977150477512e-27 4.326395892366745681e-12 9.093101017984749340e-09 3.133596242843760069e-03 6.234973627983096378e+01 2.149496326198194000e+15 8.335839927667599582e-06
2.518916639999999869e+23 3.082051237447338700e-27 4.324319720659417535e-12 9.093101017984752649e-09 3.132092477579683648e-03 6.236969138808816382e+01 2.150169797631990000e+15 8.335839927667599582e-06
2.519657280000000115e+23 3.080572207848848096e-27 4.322244545275411892e-12 9.093101017984754303e-09 3.130589433949757666e-03 6.238965288300143897e+01 2.150843269065786500e+15 8.335839927667599582e-06
2.520397920000000026e+23 3.079093888014226058e-27 4.320170365736595739e-12 9.093101017984755958e-09 3.129087111607669735e-03 6.240962076661497093e+01 2.151516740499582500e+15 8.335839927667599582e-06
2.521138559999999937e+23 3.077616277602853296e-27 4.318097181565055785e-12 9.093101017984757612e-09 3.127585510207270530e-03 6.242959504097366619e+01 2.152190211933378750e+15 8.335839927667599582e-06
2.521879199999999848e+23 3.076139376274291319e-27 4.316024992283135614e-12 9.093101017984760921e-09 3.126084629402593306e-03 6.244957570812285041e+01 2.152863683367174500e+15 8.335839927667599582e-06
2.522619840000000094e+23 3.074663183688261993e-27 4.313953797413400957e-12 9.093101017984764230e-09 3.124584468847835250e-03 6.246956277010855985e+01 2.153537154800971000e+15 8.335839927667599582e-06
2.523360480000000005e+23 3.073187699504653274e-27 4.311883596478654225e-12 9.093101017984765884e-09 3.123085028197362251e-03 6.248955622897741335e+01 2.154210626234767250e+15 8.335839927667599582e-06
2.524101119999999916e+23 3.071712923383512040e-27 4.309814389001919167e-12 9.093101017984769193e-09 3.121586307105701959e-03 6.250955608677678299e+01 2.154884097668563500e+15 8.335839927667599582e-06
2.524841760000000163e+23 3.070238854985049824e-27 4.307746174506448945e-12 9.093101017984770847e-09 3.120088305227548559e-03 6.252956234555463766e+01 2.155557569102359750e+15 8.335839927667599582e-06
2.525582400000000073e+23 3.068765493969640665e-27 4.305678952515726133e-12 9.093101017984772501e-09 3.118591022217761469e-03 6.254957500735963549e+01 2.156231040536156000e+15 8.335839927667599582e-06
2.526323039999999984e+23 3.067292839997820392e-27 4.303612722553461104e-12 9.093101017984774156e-09 3.117094457731365773e-03 6.256959407424108122e+01 2.156904511969952000e+15 8.335839927667599582e-06
2.527063679999999895e+23 3.065820892730287698e-27 4.301547484143591220e-12 9.093101017984777464e-09 3.115598611423550483e-03 6.258961954824896878e+01 2.157577983403748000e+15 8.335839927667599582e-06
2.527804320000000142e+23 3.064349651827903781e-27 4.299483236810283258e-12 9.093101017984779119e-09 3.114103482949670716e-03 6.260965143143393874e+01 2.158251454837544500e+15 8.335839927667599582e-06
2.528544960000000052e+23 3.062879116951693062e-27 4.297419980077931791e-12 9.093101017984780773e-09 3.112609071965246818e-03 6.262968972584726401e+01 2.158924926271340500e+15 8.335839927667599582e-06
2.529285599999999963e+23 3.061409287762841753e-27 4.295357713471159192e-12 9.093101017984782428e-09 3.111115378125964368e-03 6.264973443354090676e+01 2.159598397705136500e+15 8.335839927667599582e-06
2.530026239999999874e+23 3.059940163922698927e-27 4.293296436514815628e-12 9.093101017984785736e-09 3.109622401087673745e-03 6.266978555656746863e+01 2.160271869138932750e+15 8.335839927667599582e-06
2.530766880000000121e+23 3.058471745092775806e-27 4.291236148733979068e-12 9.093101017984787391e-09 3.108130140506390124e-03 6.268984309698024759e+01 2.160945340572729250e+15 8.335839927667599582e-06
2.531507520000000031e+23 3.057004030934747552e-27 4.289176849653958508e-12 9.093101017984789045e-09 3.106638596038296084e-03 6.270990705683311717e+01 2.161618812006525250e+15 8.335839927667599582e-06
2.532248159999999942e+23 3.055537021110450757e-27 4.287118538800286702e-12 9.093101017984790699e-09 3.105147767339736832e-03 6.272997743818068273e+01 2.162292283440321500e+15 8.335839927667599582e-06
2.532988799999999853e+23 3.054070715281883443e-27 4.285061215698727434e-12 9.093101017984794008e-09 3.103657654067223676e-03 6.275005424307816071e+01 2.162965754874117500e+15 8.335839927667599582e-06
2.533729440000000100e+23 3.052605113111208647e-27 4.283004879875271479e-12 9.093101017984795662e-09 3.102168255877433157e-03 6.277013747358144968e+01 2.163639226307914000e+15 8.335839927667599582e-06
2.534470080000000010e+23 3.051140214260751198e-27 4.280949530856138216e-12 9.093101017984797317e-09 3.100679572427208347e-03 6.279022713174707349e+01 2.164312697741710000e+15 8.335839927667599582e-06
2.535210719999999921e+23 3.049676018392997709e-27 4.278895168167775629e-12 9.093101017984798971e-09 3.099191603373555384e-03 6.281032321963220966e+01 2.164986169175506000e+15 8.335839927667599582e-06
2.535951360000000168e+23 3.048212525170596225e-27 4.276841791336856271e-12 9.093101017984802280e-09 3.097704348373645639e-03 6.283042573929471075e+01 2.165659640609302500e+15 8.335839927667599582e-06
2.536692000000000079e+23 3.046749734256361960e-27 4.274789399890286145e-12 9.093101017984802280e-09 3.096217807084818748e-03 6.285053469279304750e+01 2.166333112043098500e+15 8.335839927667599582e-06
2.537432639999999990e+23 3.045287645313268329e-27 4.272737993355198245e-12 9.093101017984803934e-09 3.094731979164576548e-03 6.287065008218633722e+01 2.167006583476894750e+15 8.335839927667599582e-06
2.538173279999999900e+23 3.043826258004451971e-27 4.270687571258948518e-12 9.093101017984805589e-09 3.093246864270586538e-03 6.289077190953438645e+01 2.167680054910690750e+15 8.335839927667599582e-06
2.538913920000000147e+23 3.042365571993213463e-27 4.268638133129126358e-12 9.093101017984807243e-09 3.091762462060681886e-03 6.291090017689761993e+01 2.168353526344487250e+15 8.335839927667599582e-06
2.539654560000000058e+23 3.040905586943015532e-27 4.266589678493547348e-12 9.093101017984810552e-09 3.090278772192861425e-03 6.293103488633709475e+01 2.169026997778283250e+15 8.335839927667599582e-06
2.540395199999999969e+23 3.039446302517483051e-27 4.264542206880256478e-12 9.093101017984812206e-09 3.088795794325288786e-03 6.295117603991452171e+01 2.169700469212079500e+15 8.335839927667599582e-06
2.541135839999999879e+23 3.037987718380403757e-27 4.262495717817525733e-12 9.093101017984813860e-09 3.087313528116292401e-03 6.297132363969229374e+01 2.170373940645875500e+15 8.335839927667599582e-06
2.541876480000000126e+23 3.036529834195726458e-27 4.260450210833852469e-12 9.093101017984815515e-09 3.085831973224365497e-03 6.299147768773338640e+01 2.171047412079672000e+15 8.335839927667599582e-06
2.542617120000000037e+23 3.035072649627566056e-27 4.258405685457968304e-12 9.093101017984815515e-09 3.084351129308168706e-03 6.301163818610145029e+01 2.171720883513468000e+15 8.335839927667599582e-06
2.543357759999999948e+23 3.033616164340179869e-27 4.256362141218803572e-12 9.093101017984817169e-09 3.082870996026508374e-03 6.303180513686100994e+01 2.172394354947264000e+15 8.335839927667599582e-06
2.544098399999999858e+23 3.032160377997974090e-27 4.254319577645499444e-12 9.093101017984818824e-09 3.081391573038342203e-03 6.305197854207744967e+01 2.173067826381060250e+15 8.335839927667599582e-06
2.544839040000000105e+23 3.030705290265538580e-27 4.252277994267453157e-12 9.093101017984820478e-09 3.079912860002813942e-03 6.307215840381644512e+01 2.173741297814856500e+15 8.335839927667599582e-06
2.545579680000000016e+23 3.029250900807623557e-27 4.250237390614286517e-12 9.093101017984822132e-09 3.078434856579230407e-03 6.309234472414441086e+01 2.174414769248652500e+15 8.335839927667599582e-06
2.546320319999999927e+23 3.027797209289137439e-27 4.248197766215845090e-12 9.093101017984825441e-09 3.076957562427059742e-03 6.311253750512841521e+01 2.175088240682448750e+15 8.335839927667599582e-06
2.547060959999999837e+23 3.026344215375150430e-27 4.246159120602199815e-12 9.093101017984825441e-09 3.075480977205933587e-03 6.313273674883620146e+01 2.175761712116245000e+15 8.335839927667599582e-06
2.547801600000000084e+23 3.024891918730891297e-27 4.244121453303644582e-12 9.093101017984827095e-09 3.074005100575645782e-03 6.315294245733617373e+01 2.176435183550041250e+15 8.335839927667599582e-06
2.548542239999999995e+23 3.023440319021751311e-27 4.242084763850701887e-12 9.093101017984828750e-09 3.072529932196154528e-03 6.317315463269739695e+01 2.177108654983837500e+15 8.335839927667599582e-06
2.549282879999999906e+23 3.021989415913279943e-27 4.240049051774116368e-12 9.093101017984830404e-09 3.071055471727578926e-03 6.319337327698965368e+01 2.177782126417633500e+15 8.335839927667599582e-06
2.550023520000000152e+23 3.020539209071186303e-27 4.238014316604854001e-12 9.093101017984830404e-09 3.069581718830200704e-03 6.321359839228333044e+01 2.178455597851429750e+15 8.335839927667599582e-06
2.550764160000000063e+23 3.019089698161342363e-27 4.235980557874113404e-12 9.093101017984833713e-09 3.068108673164466824e-03 6.323382998064949589e+01 2.179129069285226000e+15 8.335839927667599582e-06
2.551504799999999974e+23 3.017640882849778656e-27 4.233947775113312108e-12 9.093101017984835367e-09 3.066636334390985142e-03 6.325406804415990081e+01 2.179802540719022000e+15 8.335839927667599582e-06
2.552245439999999885e+23 3.016192762802684990e-27 4.231915967854093826e-12 9.093101017984837021e-09 3.065164702170525713e-03 6.327431258488697807e+01 2.180476012152818000e+15 8.335839927667599582e-06
2.552986080000000131e+23 3.014745337686412247e-27 4.229885135628326032e-12 9.093101017984837021e-09 3.063693776164022088e-03 6.329456360490377875e+01 2.181149483586614500e+15 8.335839927667599582e-06
2.553726720000000042e+23 3.013298607167472379e-27 4.227855277968103186e-12 9.093101017984838676e-09 3.062223556032571750e-03 6.331482110628403603e+01 2.181822955020410500e+15 8.335839927667599582e-06
2.554467359999999953e+23 3.011852570912536253e-27 4.225826394405743509e-12 9.093101017984841985e-09 3.060754041437433511e-03 6.333508509110214391e+01 2.182496426454206500e+15 8.335839927667599582e-06
2.555207999999999864e+23 3.010407228588434736e-27 4.223798484473787367e-12 9.093101017984843639e-09 3.059285232040028814e-03 6.335535556143317137e+01 2.183169897888002750e+15 8.335839927667599582e-06
2.555948640000000110e+23 3.008962579862159045e-27 4.221771547705002920e-12 9.093101017984843639e-09 3.057817127501941731e-03 6.337563251935286956e+01 2.183843369321799000e+15 8.335839927667599582e-06
2.556689280000000021e+23 3.007518624400862186e-27 4.219745583632383705e-12 9.093101017984845293e-09 3.056349727484921133e-03 6.339591596693755804e+01 2.184516840755595000e+15 8.335839927667599582e-06
2.557429919999999932e+23 3.006075361871855007e-27 4.217720591789145401e-12 9.093101017984846948e-09 3.054883031650876789e-03 6.341620590626430243e+01 2.185190312189391250e+15 8.335839927667599582e-06
2.558170559999999843e+23 3.004632791942610146e-27 4.215696571708729063e-12 9.093101017984846948e-09 3.053417039661881528e-03 6.343650233941078653e+01 2.185863783623187250e+15 8.335839927667599582e-06
2.558911200000000089e+23 3.003190914280758799e-27 4.213673522924801119e-12 9.093101017984850256e-09 3.051951751180170379e-03 6.345680526845538338e+01 2.186537255056983750e+15 8.335839927667599582e-06
2.559651840000000000e+23 3.001749728554094308e-27 4.211651444971253372e-12 9.093101017984851911e-09 3.050487165868143169e-03 6.347711469547707708e+01 2.187210726490779750e+15 8.335839927667599582e-06
2.560392479999999911e+23 3.000309234430568578e-27 4.209630337382198959e-12 9.093101017984851911e-09 3.049023283388360185e-03 6.349743062255553383e+01 2.187884197924575750e+15 8.335839927667599582e-06
2.561133120000000157e+23 2.998869431578293865e-27 4.207610199691980432e-12 9.093101017984853565e-09 3.047560103403545214e-03 6.351775305177109487e+01 2.188557669358372250e+15 8.335839927667599582e-06
2.561873760000000068e+23 2.997430319665544214e-27 4.205591031435163295e-12 9.093101017984855219e-09 3.046097625576585973e-03 6.353808198520470540e+01 2.189231140792168250e+15 8.335839927667599582e-06
2.562614399999999979e+23 2.995991898360751513e-27 4.203572832146535192e-12 9.093101017984855219e-09 3.044635849570531509e-03 6.355841742493798563e+01 2.189904612225964500e+15 8.335839927667599582e-06
2.563355039999999890e+23 2.994554167332509794e-27 4.201555601361111568e-12 9.093101017984858528e-09 3.043174775048594367e-03 6.357875937305320946e+01 2.190578083659760500e+15 8.335839927667599582e-06
2.564095680000000136e+23 2.993117126249570935e-27 4.199539338614130817e-12 9.093101017984860183e-09 3.041714401674148419e-03 6.359910783163331160e+01 2.191251555093556750e+15 8.335839927667599582e-06
2.564836320000000047e+23 2.991680774780849319e-27 4.197524043441058323e-12 9.093101017984860183e-09 3.040254729110732773e-03 6.361946280276185917e+01 2.191925026527353000e+15 8.335839927667599582e-06
2.565576959999999958e+23 2.990245112595418962e-27 4.195509715377581615e-12 9.093101017984861837e-09 3.038795757022047864e-03 6.363982428852307294e+01 2.192598497961149000e+15 8.335839927667599582e-06
2.566317599999999869e+23 2.988810139362500606e-27 4.193496353959597439e-12 9.093101017984863491e-09 3.037337485071944180e-03 6.366019229100199084e+01 2.193271969394945000e+15 8.335839927667599582e-06
2.567058240000000115e+23 2.987375854751454895e-27 4.191483958723196411e-12 9.093101017984863491e-09 3.035879912924414024e-03 6.368056681228459581e+01 2.193945440828741500e+15 8.335839927667599582e-06
2.567798880000000026e+23 2.985942258431825429e-27 4.189472529204726836e-12 9.093101017984865146e-09 3.034423040243635315e-03 6.370094785445721897e+01 2.194618912262537500e+15 8.335839927667599582e-06
2.568539519999999937e+23 2.984509350073312930e-27 4.187462064940756735e-12 9.093101017984865146e-09 3.032966866693945999e-03 6.372133541960686642e+01 2.195292383696333500e+15 8.335839927667599582e-06
2.569280159999999848e+23 2.983077129345775607e-27 4.185452565468075467e-12 9.093101017984868454e-09 3.031511391939844050e-03 6.374172950982119090e+01 2.195965855130129500e+15 8.335839927667599582e-06
2.570020800000000094e+23 2.981645595919230225e-27 4.183444030323695341e-12 9.093101017984870109e-09 3.030056615645988338e-03 6.376213012718856277e+01 2.196639326563926000e+15 8.335839927667599582e-06
2.570761440000000005e+23 2.980214749463851396e-27 4.181436459044849194e-12 9.093101017984870109e-09 3.028602537477198629e-03 6.378253727379799187e+01 2.197312797997722000e+15 8.335839927667599582e-06
2.571502079999999916e+23 2.978784589649971569e-27 4.179429851168992814e-12 9.093101017984871763e-09 3.027149157098454717e-03 6.380295095173919151e+01 2.197986269431518000e+15 8.335839927667599582e-06
2.572242720000000163e+23 2.977355116148079245e-27 4.177424206233799286e-12 9.093101017984871763e-09 3.025696474174894689e-03 6.382337116310255709e+01 2.198659740865314500e+15 8.335839927667599582e-06
2.572983360000000073e+23 2.975926328628823636e-27 4.175419523777167877e-12 9.093101017984873417e-09 3.024244488371820565e-03 6.384379790997910931e+01 2.199333212299110500e+15 8.335839927667599582e-06
2.573723999999999984e+23 2.974498226763009644e-27 4.173415803337217572e-12 9.093101017984876726e-09 3.022793199354692657e-03 6.386423119446057939e+01 2.200006683732906500e+15 8.335839927667599582e-06
2.574464639999999895e+23 2.973070810221600373e-27 4.171413044452285462e-12 9.093101017984876726e-09 3.021342606789130872e-03 6.388467101863939490e+01 2.200680155166702500e+15 8.335839927667599582e-06
2.575205280000000142e+23 2.971644078675716408e-27 4.169411246660934821e-12 9.093101017984878381e-09 3.019892710340916879e-03 6.390511738460860869e+01 2.201353626600499000e+15 8.335839927667599582e-06
2.575945920000000052e+23 2.970218031796637614e-27 4.167410409501947834e-12 9.093101017984878381e-09 3.018443509675992811e-03 6.392557029446194150e+01 2.202027098034295000e+15 8.335839927667599582e-06
2.576686559999999963e+23 2.968792669255800261e-27 4.165410532514328828e-12 9.093101017984880035e-09 3.016995004460460393e-03 6.394602975029381753e+01 2.202700569468091000e+15 8.335839927667599582e-06
2.577427199999999874e+23 2.967367990724798464e-27 4.163411615237304275e-12 9.093101017984880035e-09 3.015547194360581815e-03 6.396649575419932887e+01 2.203374040901887000e+15 8.335839927667599582e-06
2.578167840000000121e+23 2.965943995875383818e-27 4.161413657210317944e-12 9.093101017984881689e-09 3.014100079042778858e-03 6.398696830827421422e+01 2.204047512335683500e+15 8.335839927667599582e-06
2.578908480000000031e+23 2.964520684379467915e-27 4.159416657973040591e-12 9.093101017984881689e-09 3.012653658173635937e-03 6.400744741461485887e+01 2.204720983769479500e+15 8.335839927667599582e-06
2.579649119999999942e+23 2.963098055909117320e-27 4.157420617065361080e-12 9.093101017984884998e-09 3.011207931419895758e-03 6.402793307531838707e+01 2.205394455203275500e+15 8.335839927667599582e-06
2.580389759999999853e+23 2.961676110136557873e-27 4.155425534027391224e-12 9.093101017984884998e-09 3.009762898448461923e-03 6.404842529248250571e+01 2.206067926637071750e+15 8.335839927667599582e-06
2.581130400000000100e+23 2.960254846734171823e-27 4.153431408399460132e-12 9.093101017984886652e-09 3.008318558926397629e-03 6.406892406820566066e+01 2.206741398070868000e+15 8.335839927667599582e-06
2.581871040000000010e+23 2.958834265374502131e-27 4.151438239722125519e-12 9.093101017984886652e-09 3.006874912520928703e-03 6.408942940458689463e+01 2.207414869504664000e+15 8.335839927667599582e-06
2.582611679999999921e+23 2.957414365730247087e-27 4.149446027536160782e-12 9.093101017984888307e-09 3.005431958899439700e-03 6.410994130372593247e+01 2.208088340938460250e+15 8.335839927667599582e-06
2.583352319999999832e+23 2.955995147474262468e-27 4.147454771382562267e-12 9.093101017984888307e-09 3.003989697729474769e-03 6.413045976772320955e+01 2.208761812372256000e+15 8.335839927667599582e-06
2.584092960000000079e+23 2.954576610279562608e-27 4.145464470802546851e-12 9.093101017984889961e-09 3.002548128678738954e-03 6.415098479867977233e+01 2.209435283806052500e+15 8.335839927667599582e-06
2.584833599999999990e+23 2.953158753819321479e-27 4.143475125337555165e-12 9.093101017984889961e-09 3.001107251415099497e-03 6.417151639869730673e+01 2.210108755239848500e+15 8.335839927667599582e-06
2.585574239999999900e+23 2.951741577766868022e-27 4.141486734529248373e-12 9.093101017984893270e-09 2.999667065606581931e-03 6.419205456987822345e+01 2.210782226673644500e+15 8.335839927667599582e-06
2.586314880000000147e+23 2.950325081795689025e-27 4.139499297919506546e-12 9.093101017984893270e-09 2.998227570921371821e-03 6.421259931432554424e+01 2.211455698107441000e+15 8.335839927667599582e-06
2.587055520000000058e+23 2.948909265579432343e-27 4.137512815050435133e-12 9.093101017984894924e-09 2.996788767027817359e-03 6.423315063414294457e+01 2.212129169541237000e+15 8.335839927667599582e-06
2.587796159999999969e+23 2.947494128791899728e-27 4.135527285464358493e-12 9.093101017984894924e-09 2.995350653594425032e-03 6.425370853143479621e+01 2.212802640975033000e+15 8.335839927667599582e-06
2.588536799999999879e+23 2.946079671107052570e-27 4.133542708703821515e-12 9.093101017984894924e-09 2.993913230289861789e-03 6.427427300830609624e+01 2.213476112408829000e+15 8.335839927667599582e-06
2.589277440000000126e+23 2.944665892199001490e-27 4.131559084311579919e-12 9.093101017984894924e-09 2.992476496782947235e-03 6.429484406686262332e+01 2.214149583842625500e+15 8.335839927667599582e-06
2.590018080000000037e+23 2.943252791741990556e-27 4.129576411830578450e-12 9.093101017984896579e-09 2.991040452742636715e-03 6.431542170921113666e+01 2.214823055276421500e+15 8.335839927667599582e-06
2.590758719999999948e+23 2.941840369410441054e-27 4.127594690804006617e-12 9.093101017984896579e-09 2.989605097838064687e-03 6.433600593745882179e+01 2.215496526710217500e+15 8.335839927667599582e-06
2.591499359999999858e+23 2.940428624878932825e-27 4.125613920775280914e-12 9.093101017984899887e-09 2.988170431738527803e-03 6.435659675371348953e+01 2.216169998144013500e+15 8.335839927667599582e-06
2.592240000000000105e+23 2.939017557822199609e-27 4.123634101288030289e-12 9.093101017984899887e-09 2.986736454113478843e-03 6.437719416008359019e+01 2.216843469577809750e+15 8.335839927667599582e-06
2.592980640000000016e+23 2.937607167915133706e-27 4.121655231886106640e-12 9.093101017984899887e-09 2.985303164632531047e-03 6.439779815867831303e+01 2.217516941011606000e+15 8.335839927667599582e-06
2.593721279999999927e+23 2.936197454832779875e-27 4.119677312113577543e-12 9.093101017984901542e-09 2.983870562965453346e-03 6.441840875160751523e+01 2.218190412445402000e+15 8.335839927667599582e-06
2.594461919999999837e+23 2.934788418250340001e-27 4.117700341514729491e-12 9.093101017984901542e-09 2.982438648782173834e-03 6.443902594098170766e+01 2.218863883879198000e+15 8.335839927667599582e-06
2.595202560000000084e+23 2.933380057843170226e-27 4.115724319634067076e-12 9.093101017984903196e-09 2.981007421752778028e-03 6.445964972891214018e+01 2.219537355312994500e+15 8.335839927667599582e-06
2.595943199999999995e+23 2.931972373286783096e-27 4.113749246016311384e-12 9.093101017984903196e-09 2.979576881547509742e-03 6.448028011751068789e+01 2.220210826746790500e+15 8.335839927667599582e-06
2.596683839999999906e+23 2.930565364256846490e-27 4.111775120206404832e-12 9.093101017984904850e-09 2.978147027836771082e-03 6.450091710888993646e+01 2.220884298180586500e+15 8.335839927667599582e-06
2.597424480000000152e+23 2.929159030429182900e-27 4.109801941749503905e-12 9.093101017984904850e-09 2.976717860291120711e-03 6.452156070516316788e+01 2.221557769614382750e+15 8.335839927667599582e-06
2.598165120000000063e+23 2.927753371479771584e-27 4.107829710190986421e-12 9.093101017984904850e-09 2.975289378581277323e-03 6.454221090844427522e+01 2.222231241048178750e+15 8.335839927667599582e-06
2.598905759999999974e+23 2.926348387084746415e-27 4.105858425076447498e-12 9.093101017984908159e-09 2.973861582378116170e-03 6.456286772084789050e+01 2.222904712481974750e+15 8.335839927667599582e-06
2.599646399999999885e+23 2.924944076920396595e-27 4.103888085951699547e-12 9.093101017984908159e-09 2.972434471352670797e-03 6.458353114448929944e+01 2.223578183915770750e+15 8.335839927667599582e-06
2.600387040000000131e+23 2.923540440663165941e-27 4.101918692362772278e-12 9.093101017984909813e-09 2.971008045176131741e-03 6.460420118148448410e+01 2.224251655349567000e+15 8.335839927667599582e-06
2.601127680000000042e+23 2.922137477989656471e-27 4.099950243855916734e-12 9.093101017984909813e-09 2.969582303519849569e-03 6.462487783395006602e+01 2.224925126783363000e+15 8.335839927667599582e-06
2.601868319999999953e+23 2.920735188576623381e-27 4.097982739977598834e-12 9.093101017984909813e-09 2.968157246055331839e-03 6.464556110400336308e+01 2.225598598217159250e+15 8.335839927667599582e-06
2.602608959999999864e+23 2.919333572100978276e-27 4.096016180274505021e-12 9.093101017984911468e-09 2.966732872454243969e-03 6.466625099376234687e+01 2.226272069650955250e+15 8.335839927667599582e-06
2.603349600000000110e+23 2.917932628239785937e-27 4.094050564293536615e-12 9.093101017984911468e-09 2.965309182388407936e-03 6.468694750534572790e+01 2.226945541084751500e+15 8.335839927667599582e-06
2.604090240000000021e+23 2.916532356670270424e-27 4.092085891581817076e-12 9.093101017984913122e-09 2.963886175529806613e-03 6.470765064087278517e+01 2.227619012518547500e+15 8.335839927667599582e-06
2.604830879999999932e+23 2.915132757069808977e-27 4.090122161686684740e-12 9.093101017984913122e-09 2.962463851550578998e-03 6.472836040246353662e+01 2.228292483952343500e+15 8.335839927667599582e-06
2.605571519999999843e+23 2.913733829115934164e-27 4.088159374155699276e-12 9.093101017984913122e-09 2.961042210123022381e-03 6.474907679223863965e+01 2.228965955386139500e+15 8.335839927667599582e-06
2.606312160000000089e+23 2.912335572486333528e-27 4.086197528536631996e-12 9.093101017984916431e-09 2.959621250919591048e-03 6.476979981231946226e+01 2.229639426819936000e+15 8.335839927667599582e-06
2.607052800000000000e+23 2.910937986858852453e-27 4.084236624377482009e-12 9.093101017984916431e-09 2.958200973612899742e-03 6.479052946482796926e+01 2.230312898253732000e+15 8.335839927667599582e-06
2.607793439999999911e+23 2.909541071911489860e-27 4.082276661226457644e-12 9.093101017984916431e-09 2.956781377875718902e-03 6.481126575188686445e+01 2.230986369687528000e+15 8.335839927667599582e-06
2.608534080000000157e+23 2.908144827322400003e-27 4.080317638631990180e-12 9.093101017984918085e-09 2.955362463380977259e-03 6.483200867561947689e+01 2.231659841121324000e+15 8.335839927667599582e-06
2.609274720000000068e+23 2.906749252769893182e-27 4.078359556142728193e-12 9.093101017984918085e-09 2.953944229801762703e-03 6.485275823814980356e+01 2.232333312555120250e+15 8.335839927667599582e-06
2.610015359999999979e+23 2.905354347932435390e-27 4.076402413307536746e-12 9.093101017984918085e-09 2.952526676811320118e-03 6.487351444160249514e+01 2.233006783988916250e+15 8.335839927667599582e-06
2.610755999999999890e+23 2.903960112488647948e-27 4.074446209675502240e-12 9.093101017984919740e-09 2.951109804083052682e-03 6.489427728810291285e+01 2.233680255422712250e+15 8.335839927667599582e-06
2.611496640000000136e+23 2.902566546117305717e-27 4.072490944795923524e-12 9.093101017984919740e-09 2.949693611290520132e-03 6.491504677977702897e+01 2.234353726856508500e+15 8.335839927667599582e-06
2.612237280000000047e+23 2.901173648497337812e-27 4.070536618218317552e-12 9.093101017984921394e-09 2.948278098107438329e-03 6.493582291875156898e+01 2.235027198290304500e+15 8.335839927667599582e-06
2.612977919999999958e+23 2.899781419307797827e-27 4.068583229492375761e-12 9.093101017984921394e-09 2.946863264207650202e-03 6.495660570715432414e+01 2.235700669724100500e+15 8.335839927667599582e-06
2.613718559999999869e+23 2.898389858227915136e-27 4.066630778168035157e-12 9.093101017984921394e-09 2.945449109265176491e-03 6.497739514711349784e+01 2.236374141157896500e+15 8.335839927667599582e-06
2.614459200000000115e+23 2.896998964937074087e-27 4.064679263795451659e-12 9.093101017984924703e-09 2.944035632954196229e-03 6.499819124075787613e+01 2.237047612591693000e+15 8.335839927667599582e-06
2.615199840000000026e+23 2.895608739114816148e-27 4.062728685925000904e-12 9.093101017984924703e-09 2.942622834949047608e-03 6.501899399021699821e+01 2.237721084025489000e+15 8.335839927667599582e-06
2.615940479999999937e+23 2.894219180440832385e-27 4.060779044107267751e-12 9.093101017984924703e-09 2.941210714924221044e-03 6.503980339762102858e+01 2.238394555459285000e+15 8.335839927667599582e-06
2.616681119999999848e+23 2.892830288594968113e-27 4.058830337893055968e-12 9.093101017984926357e-09 2.939799272554364379e-03 6.506061946510087068e+01 2.239068026893081000e+15 8.335839927667599582e-06
2.617421760000000094e+23 2.891442063257221828e-27 4.056882566833380965e-12 9.093101017984926357e-09 2.938388507514279411e-03 6.508144219478809589e+01 2.239741498326877000e+15 8.335839927667599582e-06
2.618162400000000005e+23 2.890054504107746283e-27 4.054935730479477065e-12 9.093101017984926357e-09 2.936978419478926666e-03 6.510227158881497189e+01 2.240414969760673250e+15 8.335839927667599582e-06
2.618903039999999916e+23 2.888667610826845972e-27 4.052989828382789426e-12 9.093101017984926357e-09 2.935569008123419324e-03 6.512310764931443430e+01 2.241088441194469000e+15 8.335839927667599582e-06
2.619643680000000163e+23 2.887281383094977851e-27 4.051044860094978885e-12 9.093101017984928011e-09 2.934160273123026259e-03 6.514395037842014347e+01 2.241761912628265500e+15 8.335839927667599582e-06
2.620384320000000073e+23 2.885895820592754566e-27 4.049100825167923576e-12 9.093101017984928011e-09 2.932752214153174636e-03 6.516479977826641345e+01 2.242435384062061500e+15 8.335839927667599582e-06
2.621124959999999984e+23 2.884510923000940148e-27 4.047157723153715700e-12 9.093101017984928011e-09 2.931344830889445145e-03 6.518565585098825466e+01 2.243108855495857500e+15 8.335839927667599582e-06
2.621865599999999895e+23 2.883126690000451090e-27 4.045215553604659097e-12 9.093101017984929666e-09 2.929938123007573732e-03 6.520651859872134537e+01 2.243782326929653500e+15 8.335839927667599582e-06
2.622606240000000142e+23 2.881743121272358139e-27 4.043274316073275714e-12 9.093101017984929666e-09 2.928532090183452469e-03 6.522738802360211707e+01 2.244455798363449750e+15 8.335839927667599582e-06
2.623346880000000052e+23 2.880360216497886297e-27 4.041334010112303177e-12 9.093101017984929666e-09 2.927126732093130856e-03 6.524826412776756968e+01 2.245129269797245750e+15 8.335839927667599582e-06
2.624087519999999963e+23 2.878977975358411593e-27 4.039394635274689947e-12 9.093101017984932974e-09 2.925722048412811478e-03 6.526914691335547047e+01 2.245802741231041750e+15 8.335839927667599582e-06
2.624828159999999874e+23 2.877596397535463593e-27 4.037456191113603397e-12 9.093101017984932974e-09 2.924318038818853483e-03 6.529003638250425468e+01 2.246476212664837750e+15 8.335839927667599582e-06
2.625568800000000121e+23 2.876215482710725042e-27 4.035518677182422541e-12 9.093101017984932974e-09 2.922914702987770841e-03 6.531093253735301118e+01 2.247149684098634000e+15 8.335839927667599582e-06
2.626309440000000031e+23 2.874835230566033657e-27 4.033582093034744499e-12 9.093101017984932974e-09 2.921512040596236249e-03 6.533183538004149682e+01 2.247823155532430000e+15 8.335839927667599582e-06
2.627050079999999942e+23 2.873455640783377823e-27 4.031646438224378839e-12 9.093101017984934629e-09 2.920110051321073760e-03 6.535274491271022157e+01 2.248496626966226000e+15 8.335839927667599582e-06
2.627790719999999853e+23 2.872076713044900538e-27 4.029711712305350812e-12 9.093101017984934629e-09 2.918708734839266152e-03 6.537366113750029228e+01 2.249170098400022000e+15 8.335839927667599582e-06
2.628531360000000100e+23 2.870698447032896904e-27 4.027777914831899731e-12 9.093101017984934629e-09 2.917308090827949729e-03 6.539458405655351214e+01 2.249843569833818250e+15 8.335839927667599582e-06
2.629272000000000010e+23 2.869320842429816634e-27 4.025845045358483016e-12 9.093101017984936283e-09 2.915908118964419087e-03 6.541551367201238065e+01 2.250517041267614250e+15 8.335839927667599582e-06
2.630012639999999921e+23 2.867943898918260830e-27 4.023913103439766498e-12 9.093101017984936283e-09 2.914508818926121042e-03 6.543644998602006524e+01 2.251190512701410250e+15 8.335839927667599582e-06
2.630753280000000168e+23 2.866567616180984486e-27 4.021982088630636533e-12 9.093101017984936283e-09 2.913110190390660274e-03 6.545739300072041544e+01 2.251863984135206500e+15 8.335839927667599582e-06
2.631493920000000079e+23 2.865191993900896496e-27 4.020052000486193544e-12 9.093101017984936283e-09 2.911712233035797150e-03 6.547834271825790609e+01 2.252537455569002500e+15 8.335839927667599582e-06
2.632234559999999990e+23 2.863817031761058571e-27 4.018122838561752020e-12 9.093101017984937938e-09 2.910314946539447299e-03 6.549929914077772253e+01 2.253210927002798500e+15 8.335839927667599582e-06
2.632975199999999900e+23 2.862442729444683808e-27 4.016194602412839706e-12 9.093101017984937938e-09 2.908918330579680737e-03 6.552026227042571804e+01 2.253884398436594500e+15 8.335839927667599582e-06
2.633715840000000147e+23 2.861069086635140278e-27 4.014267291595200030e-12 9.093101017984937938e-09 2.907522384834724041e-03 6.554123210934842803e+01 2.254557869870390500e+15 8.335839927667599582e-06
2.634456480000000058e+23 2.859696103015949587e-27 4.012340905664793712e-12 9.093101017984937938e-09 2.906127108982960779e-03 6.556220865969302736e+01 2.255231341304186500e+15 8.335839927667599582e-06
2.635197119999999969e+23 2.858323778270782216e-27 4.010415444177790697e-12 9.093101017984941246e-09 2.904732502702925441e-03 6.558319192360740146e+01 2.255904812737982500e+15 8.335839927667599582e-06
2.635937759999999879e+23 2.856952112083435280e-27 4.008490906690536215e-12 9.093101017984941246e-09 2.903338565673280885e-03 6.560418190324054422e+01 2.256578284171778500e+15 8.335839927667599582e-06
2.636678400000000126e+23 2.855581104137871984e-27 4.006567292759611376e-12 9.093101017984941246e-09 2.901945297572859107e-03 6.562517860074191844e+01 2.257251755605575000e+15 8.335839927667599582e-06
2.637419040000000037e+23 2.854210754118214455e-27 4.004644601941817008e-12 9.093101017984941246e-09 2.900552698080653431e-03 6.564618201826152699e+01 2.257925227039371000e+15 8.335839927667599582e-06
2.638159679999999948e+23 2.852841061708734408e-27 4.002722833794166389e-12 9.093101017984942901e-09 2.899160766875809835e-03 6.566719215795011166e+01 2.258598698473167000e+15 8.335839927667599582e-06
2.638900319999999858e+23 2.851472026593855303e-27 4.000801987873886054e-12 9.093101017984942901e-09 2.897769503637627388e-03 6.568820902195913902e+01 2.259272169906963000e+15 8.335839927667599582e-06
2.639640960000000105e+23 2.850103648458151629e-27 3.998882063738411758e-12 9.093101017984942901e-09 2.896378908045559118e-03 6.570923261244068669e+01 2.259945641340759000e+15 8.335839927667599582e-06
2.640381600000000016e+23 2.848735926986348539e-27 3.996963060945393320e-12 9.093101017984942901e-09 2.894988979779212004e-03 6.573026293154759969e+01 2.260619112774555000e+15 8.335839927667599582e-06
2.641122239999999927e+23 2.847368861863321496e-27 3.995044979052690585e-12 9.093101017984944555e-09 2.893599718518344386e-03 6.575129998143340515e+01 2.261292584208351000e+15 8.335839927667599582e-06
2.641862879999999837e+23 2.846002452774097708e-27 3.993127817618374233e-12 9.093101017984944555e-09 2.892211123942869857e-03 6.577234376425229812e+01 2.261966055642147000e+15 8.335839927667599582e-06
2.642603520000000084e+23 2.844636699403854331e-27 3.991211576200729011e-12 9.093101017984944555e-09 2.890823195732853367e-03 6.579339428215922680e+01 2.262639527075943000e+15 8.335839927667599582e-06
2.643344159999999995e+23 2.843271601437920267e-27 3.989296254358250495e-12 9.093101017984944555e-09 2.889435933568515556e-03 6.581445153730976472e+01 2.263312998509739000e+15 8.335839927667599582e-06
2.644084799999999906e+23 2.841907158561775084e-27 3.987381851649645909e-12 9.093101017984946209e-09 2.888049337130228853e-03 6.583551553186018168e+01 2.263986469943535000e+15 8.335839927667599582e-06
2.644825440000000152e+23 2.840543370461047584e-27 3.985468367633831691e-12 9.093101017984946209e-09 2.886663406098517910e-03 6.585658626796752912e+01 2.264659941377331500e+15 8.335839927667599582e-06
2.645566080000000063e+23 2.839180236821520822e-27 3.983555801869940770e-12 9.093101017984946209e-09 2.885278140154064370e-03 6.587766374778944112e+01 2.265333412811127500e+15 8.335839927667599582e-06
2.646306719999999974e+23 2.837817757329125654e-27 3.981644153917313678e-12 9.093101017984946209e-09 2.883893538977699064e-03 6.589874797348427649e+01 2.266006884244923500e+15 8.335839927667599582e-06
2.647047359999999885e+23 2.836455931669945393e-27 3.979733423335504202e-12 9.093101017984946209e-09 2.882509602250408944e-03 6.591983894721110460e+01 2.266680355678719500e+15 8.335839927667599582e-06
2.647788000000000131e+23 2.835094759530212947e-27 3.977823609684277774e-12 9.093101017984949518e-09 2.881126329653332322e-03 6.594093667112969115e+01 2.267353827112515500e+15 8.335839927667599582e-06
2.648528640000000042e+23 2.833734240596314042e-27 3.975914712523612274e-12 9.093101017984949518e-09 2.879743720867762764e-03 6.596204114740041291e+01 2.268027298546311500e+15 8.335839927667599582e-06
2.649269279999999953e+23 2.832374374554783280e-27 3.974006731413694801e-12 9.093101017984949518e-09 2.878361775575146060e-03 6.598315237818441403e+01 2.268700769980107500e+15 8.335839927667599582e-06
2.650009919999999864e+23 2.831015161092307362e-27 3.972099665914926519e-12 9.093101017984949518e-09 2.876980493457081088e-03 6.600427036564350658e+01 2.269374241413903500e+15 8.335839927667599582e-06
2.650750560000000110e+23 2.829656599895722584e-27 3.970193515587919427e-12 9.093101017984951172e-09 2.875599874195319816e-03 6.602539511194014210e+01 2.270047712847699500e+15 8.335839927667599582e-06
2.651491200000000021e+23 2.828298690652018420e-27 3.968288279993497972e-12 9.093101017984951172e-09 2.874219917471769470e-03 6.604652661923751111e+01 2.270721184281495500e+15 8.335839927667599582e-06
2.652231839999999932e+23 2.826941433048332498e-27 3.966383958692695822e-12 9.093101017984951172e-09 2.872840622968488196e-03 6.606766488969944362e+01 2.271394655715291500e+15 8.335839927667599582e-06
2.652972479999999843e+23 2.825584826771955269e-27 3.964480551246761517e-12 9.093101017984951172e-09 2.871461990367688965e-03 6.608880992549048017e+01 2.272068127149087500e+15 8.335839927667599582e-06
2.653713120000000089e+23 2.824228871510326774e-27 3.962578057217152813e-12 9.093101017984951172e-09 2.870084019351736970e-03 6.610996172877584343e+01 2.272741598582884000e+15 8.335839927667599582e-06
2.654453760000000000e+23 2.822873566951039156e-27 3.960676476165540727e-12 9.093101017984952827e-09 2.868706709603152227e-03 6.613112030172139555e+01 2.273415070016680000e+15 8.335839927667599582e-06
2.655194399999999911e+23 2.821518912781834510e-27 3.958775807653807110e-12 9.093101017984952827e-09 2.867330060804606541e-03 6.615228564649372345e+01 2.274088541450475500e+15 8.335839927667599582e-06
2.655935040000000157e+23 2.820164908690605238e-27 3.956876051244045452e-12 9.093101017984952827e-09 2.865954072638925241e-03 6.617345776526006773e+01 2.274762012884272000e+15 8.335839927667599582e-06
2.656675680000000068e+23 2.818811554365396923e-27 3.954977206498560887e-12 9.093101017984952827e-09 2.864578744789088478e-03 6.619463666018833692e+01 2.275435484318068000e+15 8.335839927667599582e-06
2.657416319999999979e+23 2.817458849494403659e-27 3.953079272979872614e-12 9.093101017984952827e-09 2.863204076938228194e-03 6.621582233344715007e+01 2.276108955751864000e+15 8.335839927667599582e-06
2.658156959999999890e+23 2.816106793765970931e-27 3.951182250250706628e-12 9.093101017984952827e-09 2.861830068769629417e-03 6.623701478720576574e+01 2.276782427185660000e+15 8.335839927667599582e-06
2.658897600000000136e+23 2.814755386868566905e-27 3.949286137873963406e-12 9.093101017984954481e-09 2.860456719966702078e-03 6.625821402363457935e+01 2.277455898619456000e+15 8.335839927667599582e-06
2.659638240000000047e+23 2.813404628490820820e-27 3.947390935412770416e-12 9.093101017984954481e-09 2.859084030213020471e-03 6.627942004490449790e+01 2.278129370053252000e+15 8.335839927667599582e-06
2.660378879999999958e+23 2.812054518321519760e-27 3.945496642430474844e-12 9.093101017984954481e-09 2.857711999192318053e-03 6.630063285318699684e+01 2.278802841487048000e+15 8.335839927667599582e-06
2.661119519999999869e+23 2.810705056049599319e-27 3.943603258490633905e-12 9.093101017984954481e-09 2.856340626588480501e-03 6.632185245065423373e+01 2.279476312920844000e+15 8.335839927667599582e-06
2.661860160000000115e+23 2.809356241364143968e-27 3.941710783157011608e-12 9.093101017984954481e-09 2.854969912085543546e-03 6.634307883947910511e+01 2.280149784354640000e+15 8.335839927667599582e-06
2.662600800000000026e+23 2.808008073954386694e-27 3.939819215993581179e-12 9.093101017984957790e-09 2.853599855367694709e-03 6.636431202183518963e+01 2.280823255788436000e+15 8.335839927667599582e-06
2.663341439999999937e+23 2.806660553509709714e-27 3.937928556564526681e-12 9.093101017984957790e-09 2.852230456119272863e-03 6.638555199989674804e+01 2.281496727222232000e+15 8.335839927667599582e-06
2.664082079999999848e+23 2.805313679719642687e-27 3.936038804434238163e-12 9.093101017984957790e-09 2.850861714024766937e-03 6.640679877583880852e+01 2.282170198656028000e+15 8.335839927667599582e-06
2.664822720000000094e+23 2.803967452273863785e-27 3.934149959167312467e-12 9.093101017984957790e-09 2.849493628768816778e-03 6.642805235183705292e+01 2.282843670089824000e+15 8.335839927667599582e-06
2.665563360000000005e+23 2.802621870862202207e-27 3.932262020328560504e-12 9.093101017984957790e-09 2.848126200036214892e-03 6.644931273006785943e+01 2.283517141523620000e+15 8.335839927667599582e-06
2.666303999999999916e+23 2.801276935174633514e-27 3.930374987482996748e-12 9.093101017984957790e-09 2.846759427511903837e-03 6.647057991270830257e+01 2.284190612957416000e+15 8.335839927667599582e-06
2.667044640000000163e+23 2.799932644901281785e-27 3.928488860195846504e-12 9.093101017984959444e-09 2.845393310880975791e-03 6.649185390193622425e+01 2.284864084391212000e+15 8.335839927667599582e-06
2.667785280000000073e+23 2.798588999732421404e-27 3.926603638032542685e-12 9.093101017984959444e-09 2.844027849828676888e-03 6.651313469993007743e+01 2.285537555825008000e+15 8.335839927667599582e-06
2.668525919999999984e+23 2.797245999358474197e-27 3.924719320558729033e-12 9.093101017984959444e-09 2.842663044040402449e-03 6.653442230886905406e+01 2.286211027258804000e+15 8.335839927667599582e-06
2.669266559999999895e+23 2.795903643470010505e-27 3.922835907340253667e-12 9.093101017984959444e-09 2.841298893201698716e-03 6.655571673093304241e+01 2.286884498692600000e+15 8.335839927667599582e-06
2.670007200000000142e+23 2.794561931757749541e-27 3.920953397943175535e-12 9.093101017984959444e-09 2.839935396998263285e-03 6.657701796830261287e+01 2.287557970126396000e+15 8.335839927667599582e-06
2.670747840000000052e+23 2.793220863912560110e-27 3.919071791933764423e-12 9.093101017984959444e-09 2.838572555115945542e-03 6.659832602315907479e+01 2.288231441560192000e+15 8.335839927667599582e-06
2.671488479999999963e+23 2.791880439625458099e-27 3.917191088878494486e-12 9.093101017984961099e-09 2.837210367240745358e-03 6.661964089768434860e+01 2.288904912993988000e+15 8.335839927667599582e-06
2.672229119999999874e+23 2.790540658587608986e-27 3.915311288344050716e-12 9.093101017984961099e-09 2.835848833058813093e-03 6.664096259406110789e+01 2.289578384427784000e+15 8.335839927667599582e-06
2.672969760000000121e+23 2.789201520490325685e-27 3.913432389897325705e-12 9.093101017984961099e-09 2.834487952256450026e-03 6.666229111447272260e+01 2.290251855861580500e+15 8.335839927667599582e-06
2.673710400000000031e+23 2.787863025025071782e-27 3.911554393105420457e-12 9.093101017984961099e-09 2.833127724520110094e-03 6.668362646110321634e+01 2.290925327295376000e+15 8.335839927667599582e-06
2.674451039999999942e+23 2.786525171883458657e-27 3.909677297535648427e-12 9.093101017984961099e-09 2.831768149536397720e-03 6.670496863613732330e+01 2.291598798729172000e+15 8.335839927667599582e-06
2.675191679999999853e+23 2.785187960757244414e-27 3.907801102755524209e-12 9.093101017984961099e-09 2.830409226992066513e-03 6.672631764176048819e+01 2.292272270162968000e+15 8.335839927667599582e-06
2.675932320000000100e+23 2.783851391338337824e-27 3.905925808332776463e-12 9.093101017984962753e-09 2.829050956574022738e-03 6.674767348015879520e+01 2.292945741596764000e+15 8.335839927667599582e-06
2.676672960000000010e+23 2.782515463318797608e-27 3.904051413835343066e-12 9.093101017984962753e-09 2.827693337969324882e-03 6.676903615351905330e+01 2.293619213030560000e+15 8.335839927667599582e-06
2.677413599999999921e+23 2.781180176390827415e-27 3.902177918831365461e-12 9.093101017984962753e-09 2.826336370865179751e-03 6.679040566402875356e+01 2.294292684464356000e+15 8.335839927667599582e-06
2.678154239999999832e+23 2.779845530246782278e-27 3.900305322889198347e-12 9.093101017984962753e-09 2.824980054948947241e-03 6.681178201387604076e+01 2.294966155898152000e+15 8.335839927667599582e-06
2.678894880000000079e+23 2.778511524579164311e-27 3.898433625577400797e-12 9.093101017984962753e-09 2.823624389908136433e-03 6.683316520524978444e+01 2.295639627331948000e+15 8.335839927667599582e-06
2.679635519999999990e+23 2.777178159080625939e-27 3.896562826464745139e-12 9.093101017984962753e-09 2.822269375430409930e-03 6.685455524033953623e+01 2.296313098765744000e+15 8.335839927667599582e-06
2.680376159999999900e+23 2.775845433443967022e-27 3.894692925120208881e-12 9.093101017984962753e-09 2.820915011203579525e-03 6.687595212133548728e+01 2.296986570199540000e+15 8.335839927667599582e-06
2.681116800000000147e+23 2.774513347362135222e-27 3.892823921112977136e-12 9.093101017984966062e-09 2.819561296915607494e-03 6.689735585042855348e+01 2.297660041633336500e+15 8.335839927667599582e-06
2.681857440000000058e+23 2.773181900528206623e-27 3.890955814012415960e-12 9.093101017984966062e-09 2.818208232254586654e-03 6.691876642981067391e+01 2.298333513067132000e+15 8.335839927667599582e-06
2.682598079999999969e+23 2.771851092635403675e-27 3.889088603388097398e-12 9.093101017984966062e-09 2.816855816908759007e-03 6.694018386167446977e+01 2.299006984500928000e+15 8.335839927667599582e-06
2.683338719999999879e+23 2.770520923377110973e-27 3.887222288809819677e-12 9.093101017984966062e-09 2.815504050566530053e-03 6.696160814821304541e+01 2.299680455934724000e+15 8.335839927667599582e-06
2.684079360000000126e+23 2.769191392446857684e-27 3.885356869847582164e-12 9.093101017984966062e-09 2.814152932916453177e-03 6.698303929162027259e+01 2.300353927368520500e+15 8.335839927667599582e-06
2.684820000000000037e+23 2.767862499538321486e-27 3.883492346071595061e-12 9.093101017984966062e-09 2.812802463647232683e-03 6.700447729409063413e+01 2.301027398802316000e+15 8.335839927667599582e-06
2.685560639999999948e+23 2.766534244345324631e-27 3.881628717052273749e-12 9.093101017984966062e-09 2.811452642447719898e-03 6.702592215781940865e+01 2.301700870236112000e+15 8.335839927667599582e-06
2.686301279999999858e+23 2.765206626561837522e-27 3.879765982360235557e-12 9.093101017984966062e-09 2.810103469006915763e-03 6.704737388500255690e+01 2.302374341669908000e+15 8.335839927667599582e-06
2.687041920000000105e+23 2.763879645881974778e-27 3.877904141566304610e-12 9.093101017984967716e-09 2.808754943013969108e-03 6.706883247783676438e+01 2.303047813103704000e+15 8.335839927667599582e-06
2.687782560000000016e+23 2.762553302000000246e-27 3.876043194241513444e-12 9.093101017984967716e-09 2.807407064158179248e-03 6.709029793851937029e+01 2.303721284537500000e+15 8.335839927667599582e-06
2.688523199999999927e+23 2.761227594610322346e-27 3.874183139957095733e-12 9.093101017984967716e-09 2.806059832128992952e-03 6.711177026924849542e+01 2.304394755971296000e+15 8.335839927667599582e-06
2.689263839999999837e+23 2.759902523407495858e-27 3.872323978284493566e-12 9.093101017984967716e-09 2.804713246616006173e-03 6.713324947222291428e+01 2.305068227405092000e+15 8.335839927667599582e-06
2.690004480000000084e+23 2.758578088086221926e-27 3.870465708795350170e-12 9.093101017984967716e-09 2.803367307308962317e-03 6.715473554964216873e+01 2.305741698838888000e+15 8.335839927667599582e-06
2.690745119999999995e+23 2.757254288341349492e-27 3.868608331061521220e-12 9.093101017984967716e-09 2.802022013897756576e-03 6.717622850370644016e+01 2.306415170272684000e+15 8.335839927667599582e-06
2.691485759999999906e+23 2.755931123867873501e-27 3.866751844655062728e-12 9.093101017984967716e-09 2.800677366072431163e-03 6.719772833661663469e+01 2.307088641706480000e+15 8.335839927667599582e-06
2.692226400000000152e+23 2.754608594360932751e-27 3.864896249148235883e-12 9.093101017984967716e-09 2.799333363523175307e-03 6.721923505057436898e+01 2.307762113140276000e+15 8.335839927667599582e-06
2.692967040000000063e+23 2.753286699515817066e-27 3.863041544113511092e-12 9.093101017984969370e-09 2.797990005940331325e-03 6.724074864778197025e+01 2.308435584574072000e+15 8.335839927667599582e-06
2.693707679999999974e+23 2.751965439027958686e-27 3.861187729123561520e-12 9.093101017984969370e-09 2.796647293014386821e-03 6.726226913044244782e+01 2.309109056007868000e+15 8.335839927667599582e-06
2.694448319999999885e+23 2.750644812592938008e-27 3.859334803751265511e-12 9.093101017984969370e-09 2.795305224435979015e-03 6.728379650075953577e+01 2.309782527441664000e+15 8.335839927667599582e-06
2.695188960000000131e+23 2.749324819906481792e-27 3.857482767569706587e-12 9.093101017984969370e-09 2.793963799895894315e-03 6.730533076093765033e+01 2.310455998875460000e+15 8.335839927667599582e-06
2.695929600000000042e+23 2.748005460664463160e-27 3.855631620152176683e-12 9.093101017984969370e-09 2.792623019085068315e-03 6.732687191318190401e+01 2.311129470309256000e+15 8.335839927667599582e-06
2.696670239999999953e+23 2.746686734562901240e-27 3.853781361072169680e-12 9.093101017984969370e-09 2.791282881694584495e-03 6.734841995969814832e+01 2.311802941743052000e+15 8.335839927667599582e-06
2.697410879999999864e+23 2.745368641297961879e-27 3.851931989903387873e-12 9.093101017984969370e-09 2.789943387415675519e-03 6.736997490269284583e+01 2.312476413176848000e+15 8.335839927667599582e-06
2.698151520000000110e+23 2.744051180565957289e-27 3.850083506219734695e-12 9.093101017984969370e-09 2.788604535939722805e-03 6.739153674437324071e+01 2.313149884610644000e+15 8.335839927667599582e-06
2.698892160000000021e+23 2.742734352063346403e-27 3.848235909595325221e-12 9.093101017984971025e-09 2.787266326958256959e-03 6.741310548694721660e+01 2.313823356044440000e+15 8.335839927667599582e-06
2.699632799999999932e+23 2.741418155486734515e-27 3.846389199604474860e-12 9.093101017984971025e-09 2.785928760162957336e-03 6.743468113262339614e+01 2.314496827478236000e+15 8.335839927667599582e-06
2.700373439999999843e+23 2.740102590532872926e-27 3.844543375821705816e-12 9.093101017984971025e-09 2.784591835245651178e-03 6.745626368361108405e+01 2.315170298912031500e+15 8.335839927667599582e-06
2.701114080000000089e+23 2.738787656898659297e-27 3.842698437821747087e-12 9.093101017984971025e-09 2.783255551898315347e-03 6.747785314212022456e+01 2.315843770345828000e+15 8.335839927667599582e-06
2.701854720000000000e+23 2.737473354281138731e-27 3.840854385179531236e-12 9.093101017984971025e-09 2.781919909813075457e-03 6.749944951036151508e+01 2.316517241779624000e+15 8.335839927667599582e-06
2.702595359999999911e+23 2.736159682377501256e-27 3.839011217470197620e-12 9.093101017984971025e-09 2.780584908682205876e-03 6.752105279054633513e+01 2.317190713213419500e+15 8.335839927667599582e-06
2.703336000000000157e+23 2.734846640885084341e-27 3.837168934269089163e-12 9.093101017984971025e-09 2.779250548198129288e-03 6.754266298488673215e+01 2.317864184647216000e+15 8.335839927667599582e-06
2.704076640000000068e+23 2.733534229501371817e-27 3.835327535151758003e-12 9.093101017984971025e-09 2.777916828053418000e-03 6.756428009559543568e+01 2.318537656081012000e+15 8.335839927667599582e-06
2.704817279999999979e+23 2.732222447923977017e-27 3.833487019693934805e-12 9.093101017984971025e-09 2.776583747940775723e-03 6.758590412488615584e+01 2.319211127514808000e+15 8.335839927667599582e-06
2.705557919999999890e+23 2.730911295850649594e-27 3.831647387471542485e-12 9.093101017984971025e-09 2.775251307553044510e-03 6.760753507497348380e+01 2.319884598948603500e+15 8.335839927667599582e-06
2.706298560000000136e+23 2.729600772979301706e-27 3.829808638060730951e-12 9.093101017984974333e-09 2.773919506583231651e-03 6.762917294807238022e+01 2.320558070382399500e+15 8.335839927667599582e-06
2.707039200000000047e+23 2.728290879007991154e-27 3.827970771037856906e-12 9.093101017984974333e-09 2.772588344724492750e-03 6.765081774639851631e+01 2.321231541816196000e+15 8.335839927667599582e-06
2.707779839999999958e+23 2.726981613634918876e-27 3.826133785979477386e-12 9.093101017984974333e-09 2.771257821670128699e-03 6.767246947216833064e+01 2.321905013249991500e+15 8.335839927667599582e-06
2.708520479999999869e+23 2.725672976558430020e-27 3.824297682462348951e-12 9.093101017984974333e-09 2.769927937113586536e-03 6.769412812759894393e+01 2.322578484683787500e+15 8.335839927667599582e-06
2.709261120000000115e+23 2.724364967477013227e-27 3.822462460063431725e-12 9.093101017984974333e-09 2.768598690748459885e-03 6.771579371490823007e+01 2.323251956117583500e+15 8.335839927667599582e-06
2.710001760000000026e+23 2.723057586089303859e-27 3.820628118359893437e-12 9.093101017984974333e-09 2.767270082268490691e-03 6.773746623631474506e+01 2.323925427551379500e+15 8.335839927667599582e-06
2.710742399999999937e+23 2.721750832094080053e-27 3.818794656929096492e-12 9.093101017984974333e-09 2.765942111367566177e-03 6.775914569403778387e+01 2.324598898985175500e+15 8.335839927667599582e-06
2.711483039999999848e+23 2.720444705190263081e-27 3.816962075348610898e-12 9.093101017984974333e-09 2.764614777739719722e-03 6.778083209029732359e+01 2.325272370418971500e+15 8.335839927667599582e-06
2.712223680000000094e+23 2.719139205076919144e-27 3.815130373196205382e-12 9.093101017984974333e-09 2.763288081079131285e-03 6.780252542731410870e+01 2.325945841852767500e+15 8.335839927667599582e-06
2.712964320000000005e+23 2.717834331453260803e-27 3.813299550049855465e-12 9.093101017984974333e-09 2.761962021080129580e-03 6.782422570730955158e+01 2.326619313286563500e+15 8.335839927667599582e-06
2.713704959999999916e+23 2.716530084018642321e-27 3.811469605487736193e-12 9.093101017984974333e-09 2.760636597437187735e-03 6.784593293250580359e+01 2.327292784720359500e+15 8.335839927667599582e-06
2.714445600000000163e+23 2.715226462472562169e-27 3.809640539088223752e-12 9.093101017984974333e-09 2.759311809844925030e-03 6.786764710512572663e+01 2.327966256154155500e+15 8.335839927667599582e-06
2.715186240000000073e+23 2.713923466514665902e-27 3.807812350429901124e-12 9.093101017984974333e-09 2.757987657998110364e-03 6.788936822739286470e+01 2.328639727587951500e+15 8.335839927667599582e-06
2.715926879999999984e+23 2.712621095844740052e-27 3.805985039091550009e-12 9.093101017984974333e-09 2.756664141591655751e-03 6.791109630153148657e+01 2.329313199021747500e+15 8.335839927667599582e-06
2.716667519999999895e+23 2.711319350162716801e-27 3.804158604652154054e-12 9.093101017984974333e-09 2.755341260320621523e-03 6.793283132976661420e+01 2.329986670455543000e+15 8.335839927667599582e-06
2.717408160000000142e+23 2.710018229168672537e-27 3.802333046690901279e-12 9.093101017984974333e-09 2.754019013880214164e-03 6.795457331432390902e+01 2.330660141889339500e+15 8.335839927667599582e-06
2.718148800000000052e+23 2.708717732562827862e-27 3.800508364787182457e-12 9.093101017984974333e-09 2.752697401965787608e-03 6.797632225742977141e+01 2.331333613323135500e+15 8.335839927667599582e-06
2.718889439999999963e+23 2.707417860045548305e-27 3.798684558520590315e-12 9.093101017984974333e-09 2.751376424272841941e-03 6.799807816131129812e+01 2.332007084756931000e+15 8.335839927667599582e-06
2.719630079999999874e+23 2.706118611317342170e-27 3.796861627470917099e-12 9.093101017984974333e-09 2.750056080497022531e-03 6.801984102819633904e+01 2.332680556190727000e+15 8.335839927667599582e-06
2.720370720000000121e+23 2.704819986078862329e-27 3.795039571218161855e-12 9.093101017984974333e-09 2.748736370334122631e-03 6.804161086031336936e+01 2.333354027624523000e+15 8.335839927667599582e-06
2.721111360000000031e+23 2.703521984030908018e-27 3.793218389342523958e-12 9.093101017984974333e-09 2.747417293480082946e-03 6.806338765989160322e+01 2.334027499058319000e+15 8.335839927667599582e-06
2.721851999999999942e+23 2.702224604874419815e-27 3.791398081424405543e-12 9.093101017984974333e-09 2.746098849630989030e-03 6.808517142916097953e+01 2.334700970492115000e+15 8.335839927667599582e-06
2.722592639999999853e+23 2.700927848310484659e-27 3.789578647044409882e-12 9.093101017984975988e-09 2.744781038483073889e-03 6.810696217035209088e+01 2.335374441925911000e+15 8.335839927667599582e-06
2.723333280000000100e+23 2.699631714040331189e-27 3.787760085783342197e-12 9.093101017984975988e-09 2.743463859732715813e-03 6.812875988569632568e+01 2.336047913359707000e+15 8.335839927667599582e-06
2.724073920000000010e+23 2.698336201765336199e-27 3.785942397222215314e-12 9.093101017984975988e-09 2.742147313076442709e-03 6.815056457742562657e+01 2.336721384793503000e+15 8.335839927667599582e-06
2.724814559999999921e+23 2.697041311187017467e-27 3.784125580942237544e-12 9.093101017984975988e-09 2.740831398210926036e-03 6.817237624777274618e+01 2.337394856227299000e+15 8.335839927667599582e-06
2.725555200000000168e+23 2.695747042007037698e-27 3.782309636524822376e-12 9.093101017984975988e-09 2.739516114832984701e-03 6.819419489897110509e+01 2.338068327661095000e+15 8.335839927667599582e-06
2.726295840000000079e+23 2.694453393927205601e-27 3.780494563551589288e-12 9.093101017984975988e-09 2.738201462639585932e-03 6.821602053325479176e+01 2.338741799094891000e+15 8.335839927667599582e-06
2.727036479999999990e+23 2.693160366649471584e-27 3.778680361604354054e-12 9.093101017984975988e-09 2.736887441327840939e-03 6.823785315285861941e+01 2.339415270528687000e+15 8.335839927667599582e-06
2.727777119999999900e+23 2.691867959875919863e-27 3.776867030265121467e-12 9.093101017984975988e-09 2.735574050594996674e-03 6.825969276001832498e+01 2.340088741962482500e+15 8.335839927667599582e-06
2.728517760000000147e+23 2.690576173308761286e-27 3.775054569116074037e-12 9.093101017984975988e-09 2.734261290138428890e-03 6.828153935697056909e+01 2.340762213396279000e+15 8.335839927667599582e-06
2.729258400000000058e+23 2.689285006650369924e-27 3.773242977739622881e-12 9.093101017984975988e-09 2.732949159655679878e-03 6.830339294595239608e+01 2.341435684830074500e+15 8.335839927667599582e-06
2.729999039999999969e+23 2.687994459603262982e-27 3.771432255718380255e-12 9.093101017984975988e-09 2.731637658844436340e-03 6.832525352920163186e+01 2.342109156263870500e+15 8.335839927667599582e-06
2.730739679999999879e+23 2.686704531870098649e-27 3.769622402635157132e-12 9.093101017984975988e-09 2.730326787402528963e-03 6.834712110895674186e+01 2.342782627697666500e+15 8.335839927667599582e-06
2.731480320000000126e+23 2.685415223153676810e-27 3.767813418072959971e-12 9.093101017984975988e-09 2.729016545027931982e-03 6.836899568745700151e+01 2.343456099131462500e+15 8.335839927667599582e-06
2.732220960000000037e+23 2.684126533156942639e-27 3.766005301615003642e-12 9.093101017984977642e-09 2.727706931418767515e-03 6.839087726694235414e+01 2.344129570565258500e+15 8.335839927667599582e-06
2.732961599999999948e+23 2.682838461582979781e-27 3.764198052844693656e-12 9.093101017984977642e-09 2.726397946273298196e-03 6.841276584965348206e+01 2.344803041999054500e+15 8.335839927667599582e-06
2.733702239999999858e+23 2.681551008135015013e-27 3.762391671345639084e-12 9.093101017984977642e-09 2.725089589289932807e-03 6.843466143783180655e+01 2.345476513432850000e+15 8.335839927667599582e-06
2.734442880000000105e+23 2.680264172516417889e-27 3.760586156701646104e-12 9.093101017984977642e-09 2.723781860167224112e-03 6.845656403371947363e+01 2.346149984866646500e+15 8.335839927667599582e-06
2.735183520000000016e+23 2.678977954430700738e-27 3.758781508496724452e-12 9.093101017984977642e-09 2.722474758603871028e-03 6.847847363955929723e+01 2.346823456300442500e+15 8.335839927667599582e-06
2.735924159999999927e+23 2.677692353581515795e-27 3.756977726315078548e-12 9.093101017984977642e-09 2.721168284298714282e-03 6.850039025759490130e+01 2.347496927734238500e+15 8.335839927667599582e-06
2.736664799999999837e+23 2.676407369672659506e-27 3.755174809741115563e-12 9.093101017984977642e-09 2.719862436950740321e-03 6.852231389007053508e+01 2.348170399168034000e+15 8.335839927667599582e-06
2.737405440000000084e+23 2.675123002408067863e-27 3.753372758359438159e-12 9.093101017984977642e-09 2.718557216259079139e-03 6.854424453923127203e+01 2.348843870601830500e+15 8.335839927667599582e-06
2.738146079999999995e+23 2.673839251491823579e-27 3.751571571754854981e-12 9.093101017984977642e-09 2.717252621923007747e-03 6.856618220732276825e+01 2.349517342035626000e+15 8.335839927667599582e-06
2.738886719999999906e+23 2.672556116628146404e-27 3.749771249512366124e-12 9.093101017984977642e-09 2.715948653641944537e-03 6.858812689659151829e+01 2.350190813469422000e+15 8.335839927667599582e-06
2.739627360000000152e+23 2.671273597521400299e-27 3.747971791217176860e-12 9.093101017984977642e-09 2.714645311115452750e-03 6.861007860928471302e+01 2.350864284903218500e+15 8.335839927667599582e-06
2.740368000000000063e+23 2.669991693876093074e-27 3.746173196454690374e-12 9.093101017984977642e-09 2.713342594043242646e-03 6.863203734765018282e+01 2.351537756337014000e+15 8.335839927667599582e-06
2.741108639999999974e+23 2.668710405396871729e-27 3.744375464810507757e-12 9.093101017984977642e-09 2.712040502125165863e-03 6.865400311393652544e+01 2.352211227770810000e+15 8.335839927667599582e-06
2.741849279999999885e+23 2.667429731788526758e-27 3.742578595870431243e-12 9.093101017984977642e-09 2.710739035061219757e-03 6.867597591039309179e+01 2.352884699204606000e+15 8.335839927667599582e-06
2.742589920000000131e+23 2.666149672755990353e-27 3.740782589220460165e-12 9.093101017984980951e-09 2.709438192551545665e-03 6.869795573926985810e+01 2.353558170638402000e+15 8.335839927667599582e-06
2.743330560000000042e+23 2.664870228004337480e-27 3.738987444446797423e-12 9.093101017984980951e-09 2.708137974296430210e-03 6.871994260281758216e+01 2.354231642072198000e+15 8.335839927667599582e-06
2.744071199999999953e+23 2.663591397238785525e-27 3.737193161135841401e-12 9.093101017984980951e-09 2.706838379996303993e-03 6.874193650328768967e+01 2.354905113505994000e+15 8.335839927667599582e-06
2.744811839999999864e+23 2.662313180164692137e-27 3.735399738874190817e-12 9.093101017984980951e-09 2.705539409351741600e-03 6.876393744293234533e+01 2.355578584939790000e+15 8.335839927667599582e-06
2.745552480000000110e+23 2.661035576487558097e-27 3.733607177248643912e-12 9.093101017984980951e-09 2.704241062063461598e-03 6.878594542400442435e+01 2.356252056373586000e+15 8.335839927667599582e-06
2.746293120000000021e+23 2.659758585913028042e-27 3.731815475846200879e-12 9.093101017984980951e-09 2.702943337832329571e-03 6.880796044875744144e+01 2.356925527807382000e+15 8.335839927667599582e-06
2.747033759999999932e+23 2.658482208146885434e-27 3.730024634254055777e-12 9.093101017984980951e-09 2.701646236359352051e-03 6.882998251944572132e+01 2.357598999241177500e+15 8.335839927667599582e-06
2.747774399999999843e+23 2.657206442895058666e-27 3.728234652059607848e-12 9.093101017984980951e-09 2.700349757345682587e-03 6.885201163832421400e+01 2.358272470674973500e+15 8.335839927667599582e-06
2.748515040000000089e+23 2.655931289863615319e-27 3.726445528850450204e-12 9.093101017984980951e-09 2.699053900492616540e-03 6.887404780764863688e+01 2.358945942108770000e+15 8.335839927667599582e-06
2.749255680000000000e+23 2.654656748758768976e-27 3.724657264214381942e-12 9.093101017984980951e-09 2.697758665501597593e-03 6.889609102967534682e+01 2.359619413542565500e+15 8.335839927667599582e-06
2.749996319999999911e+23 2.653382819286872051e-27 3.722869857739396033e-12 9.093101017984980951e-09 2.696464052074210374e-03 6.891814130666142546e+01 2.360292884976361500e+15 8.335839927667599582e-06
2.750736960000000157e+23 2.652109501154411841e-27 3.721083309013674468e-12 9.093101017984980951e-09 2.695170059912176119e-03 6.894019864086484972e+01 2.360966356410158000e+15 8.335839927667599582e-06
2.751477600000000068e+23 2.650836794067997613e-27 3.719297617625570493e-12 9.093101017984980951e-09 2.693876688717340966e-03 6.896226303454457707e+01 2.361639827843953500e+15 8.335839927667599582e-06
2.752218239999999979e+23 2.649564697734397192e-27 3.717512783163661112e-12 9.093101017984980951e-09 2.692583938191711514e-03 6.898433448996001971e+01 2.362313299277749500e+15 8.335839927667599582e-06
2.752958879999999890e+23 2.648293211860521179e-27 3.715728805216722045e-12 9.093101017984980951e-09 2.691291808037440079e-03 6.900641300937125777e+01 2.362986770711545500e+15 8.335839927667599582e-06
2.753699520000000136e+23 2.647022336153419365e-27 3.713945683373725308e-12 9.093101017984980951e-09 2.690000297956819490e-03 6.902849859503913876e+01 2.363660242145341500e+15 8.335839927667599582e-06
2.754440160000000047e+23 2.645752070320283596e-27 3.712163417223841634e-12 9.093101017984980951e-09 2.688709407652287425e-03 6.905059124922520652e+01 2.364333713579137500e+15 8.335839927667599582e-06
2.755180799999999958e+23 2.644482414068443115e-27 3.710382006356435623e-12 9.093101017984982605e-09 2.687419136826422073e-03 6.907269097419174386e+01 2.365007185012933000e+15 8.335839927667599582e-06
2.755921439999999869e+23 2.643213367105369221e-27 3.708601450361068981e-12 9.093101017984982605e-09 2.686129485181943874e-03 6.909479777220180097e+01 2.365680656446729000e+15 8.335839927667599582e-06
2.756662080000000115e+23 2.641944929138671327e-27 3.706821748827498898e-12 9.093101017984982605e-09 2.684840452421715946e-03 6.911691164551911015e+01 2.366354127880525500e+15 8.335839927667599582e-06
2.757402720000000026e+23 2.640677099876101621e-27 3.705042901345683705e-12 9.093101017984982605e-09 2.683552038248744956e-03 6.913903259640815691e+01 2.367027599314321000e+15 8.335839927667599582e-06
2.758143359999999937e+23 2.639409879025548967e-27 3.703264907505771564e-12 9.093101017984982605e-09 2.682264242366177217e-03 6.916116062713416568e+01 2.367701070748117000e+15 8.335839927667599582e-06
2.758883999999999848e+23 2.638143266295045004e-27 3.701487766898111778e-12 9.093101017984982605e-09 2.680977064477303457e-03 6.918329573996307147e+01 2.368374542181913000e+15 8.335839927667599582e-06
2.759624640000000094e+23 2.636877261392759127e-27 3.699711479113246713e-12 9.093101017984982605e-09 2.679690504285554917e-03 6.920543793716154823e+01 2.369048013615709000e+15 8.335839927667599582e-06
2.760365280000000005e+23 2.635611864027003146e-27 3.697936043741918259e-12 9.093101017984982605e-09 2.678404561494507688e-03 6.922758722099699469e+01 2.369721485049505000e+15 8.335839927667599582e-06
2.761105919999999916e+23 2.634347073906226624e-27 3.696161460375063793e-12 9.093101017984982605e-09 2.677119235807877504e-03 6.924974359373752009e+01 2.370394956483301000e+15 8.335839927667599582e-06
2.761846560000000163e+23 2.633082890739019747e-27 3.694387728603813754e-12 9.093101017984982605e-09 2.675834526929523217e-03 6.927190705765198686e+01 2.371068427917097500e+15 8.335839927667599582e-06
2.762587200000000073e+23 2.631819314234113683e-27 3.692614848019501338e-12 9.093101017984982605e-09 2.674550434563446790e-03 6.929407761500995377e+01 2.371741899350893000e+15 8.335839927667599582e-06
2.763327839999999984e+23 2.630556344100379149e-27 3.690842818213651996e-12 9.093101017984982605e-09 2.673266958413792003e-03 6.931625526808170434e+01 2.372415370784689000e+15 8.335839927667599582e-06
2.764068479999999895e+23 2.629293980046826405e-27 3.689071638777988278e-12 9.093101017984982605e-09 2.671984098184844447e-03 6.933844001913826105e+01 2.373088842218485000e+15 8.335839927667599582e-06
2.764809120000000142e+23 2.628032221782604903e-27 3.687301309304426609e-12 9.093101017984982605e-09 2.670701853581031529e-03 6.936063187045137113e+01 2.373762313652281000e+15 8.335839927667599582e-06
2.765549760000000052e+23 2.626771069017006868e-27 3.685531829385086973e-12 9.093101017984982605e-09 2.669420224306925070e-03 6.938283082429346393e+01 2.374435785086077000e+15 8.335839927667599582e-06
2.766290399999999963e+23 2.625510521459462279e-27 3.683763198612279189e-12 9.093101017984982605e-09 2.668139210067237404e-03 6.940503688293769358e+01 2.375109256519873000e+15 8.335839927667599582e-06
2.767031039999999874e+23 2.624250578819541020e-27 3.681995416578511793e-12 9.093101017984982605e-09 2.666858810566823113e-03 6.942725004865799576e+01 2.375782727953668500e+15 8.335839927667599582e-06
2.767771680000000121e+23 2.622991240806953600e-27 3.680228482876487998e-12 9.093101017984982605e-09 2.665579025510679025e-03 6.944947032372895990e+01 2.376456199387465000e+15 8.335839927667599582e-06
2.768512320000000031e+23 2.621732507131551150e-27 3.678462397099112157e-12 9.093101017984982605e-09 2.664299854603945517e-03 6.947169771042590014e+01 2.377129670821261000e+15 8.335839927667599582e-06
2.769252959999999942e+23 2.620474377503323988e-27 3.676697158839480071e-12 9.093101017984982605e-09 2.663021297551904348e-03 6.949393221102484119e+01 2.377803142255056500e+15 8.335839927667599582e-06
2.769993599999999853e+23 2.619216851632402339e-27 3.674932767690886260e-12 9.093101017984982605e-09 2.661743354059979520e-03 6.951617382780257515e+01 2.378476613688852500e+15 8.335839927667599582e-06
2.770734240000000100e+23 2.617959929229056693e-27 3.673169223246819919e-12 9.093101017984984260e-09 2.660466023833736853e-03 6.953842256303651936e+01 2.379150085122648500e+15 8.335839927667599582e-06
2.771474880000000010e+23 2.616703610003698160e-27 3.671406525100970578e-12 9.093101017984984260e-09 2.659189306578885713e-03 6.956067841900485860e+01 2.379823556556444500e+15 8.335839927667599582e-06
2.772215519999999921e+23 2.615447893666877043e-27 3.669644672847220022e-12 9.093101017984984260e-09 2.657913202001276846e-03 6.958294139798648814e+01 2.380497027990240500e+15 8.335839927667599582e-06
2.772956159999999832e+23 2.614192779929283546e-27 3.667883666079649558e-12 9.093101017984984260e-09 2.656637709806903246e-03 6.960521150226099962e+01 2.381170499424036500e+15 8.335839927667599582e-06
2.773696800000000079e+23 2.612938268501742759e-27 3.666123504392525482e-12 9.093101017984984260e-09 2.655362829701894949e-03 6.962748873410878048e+01 2.381843970857832500e+15 8.335839927667599582e-06
2.774437439999999990e+23 2.611684359095197077e-27 3.664364187380282916e-12 9.093101017984984260e-09 2.654088561392500822e-03 6.964977309581135501e+01 2.382517442291628500e+15 8.335839927667599582e-06
2.775178079999999900e+23 2.610431051420743867e-27 3.662605714637571048e-12 9.093101017984984260e-09 2.652814904585127590e-03 6.967206458965070226e+01 2.383190913725424500e+15 8.335839927667599582e-06
2.775918720000000147e+23 2.609178345189621837e-27 3.660848085759239400e-12 9.093101017984984260e-09 2.651541858986325526e-03 6.969436321790939814e+01 2.383864385159220500e+15 8.335839927667599582e-06
2.776659360000000058e+23 2.607926240113209601e-27 3.659091300340333785e-12 9.093101017984984260e-09 2.650269424302787152e-03 6.971666898287082859e+01 2.384537856593016500e+15 8.335839927667599582e-06
2.777399999999999969e+23 2.606674735903021731e-27 3.657335357976089850e-12 9.093101017984984260e-09 2.648997600241343332e-03 6.973898188681909005e+01 2.385211328026812500e+15 8.335839927667599582e-06
2.778140639999999879e+23 2.605423832270711271e-27 3.655580258261938728e-12 9.093101017984984260e-09 2.647726386508965010e-03 6.976130193203903218e+01 2.385884799460608000e+15 8.335839927667599582e-06
2.778881280000000126e+23 2.604173528928069378e-27 3.653826000793502997e-12 9.093101017984984260e-09 2.646455782812764078e-03 6.978362912081625780e+01 2.386558270894404500e+15 8.335839927667599582e-06
2.779621920000000037e+23 2.602923825587026394e-27 3.652072585166603147e-12 9.093101017984984260e-09 2.645185788859993371e-03 6.980596345543703762e+01 2.387231742328200000e+15 8.335839927667599582e-06
2.780362559999999948e+23 2.601674721959647906e-27 3.650320010977248690e-12 9.093101017984984260e-09 2.643916404358044071e-03 6.982830493818848083e+01 2.387905213761996000e+15 8.335839927667599582e-06
2.781103199999999858e+23 2.600426217758139764e-27 3.648568277821643817e-12 9.093101017984984260e-09 2.642647629014448739e-03 6.985065357135835029e+01 2.388578685195792000e+15 8.335839927667599582e-06
2.781843840000000105e+23 2.599178312694843420e-27 3.646817385296186589e-12 9.093101017984984260e-09 2.641379462536878713e-03 6.987300935723521889e+01 2.389252156629588500e+15 8.335839927667599582e-06
2.782584480000000016e+23 2.597931006482240948e-27 3.645067332997469745e-12 9.093101017984984260e-09 2.640111904633147578e-03 6.989537229810832741e+01 2.389925628063384000e+15 8.335839927667599582e-06
2.783325119999999927e+23 2.596684298832951099e-27 3.643318120522278279e-12 9.093101017984984260e-09 2.638844955011208134e-03 6.991774239626764142e+01 2.390599099497180000e+15 8.335839927667599582e-06
2.784065759999999837e+23 2.595438189459729660e-27 3.641569747467591057e-12 9.093101017984984260e-09 2.637578613379152389e-03 6.994011965400395070e+01 2.391272570930976000e+15 8.335839927667599582e-06
2.784806400000000084e+23 2.594192678075471607e-27 3.639822213430579198e-12 9.093101017984984260e-09 2.636312879445213732e-03 6.996250407360869872e+01 2.391946042364772000e+15 8.335839927667599582e-06
2.785547039999999995e+23 2.592947764393208952e-27 3.638075518008609308e-12 9.093101017984984260e-09 2.635047752917765197e-03 6.998489565737408213e+01 2.392619513798568000e+15 8.335839927667599582e-06
2.786287679999999906e+23 2.591703448126113251e-27 3.636329660799241054e-12 9.093101017984984260e-09 2.633783233505320766e-03 7.000729440759302236e+01 2.393292985232364000e+15 8.335839927667599582e-06
2.787028320000000152e+23 2.590459728987491305e-27 3.634584641400225553e-12 9.093101017984984260e-09 2.632519320916532762e-03 7.002970032655917976e+01 2.393966456666160500e+15 8.335839927667599582e-06
2.787768960000000063e+23 2.589216606690790896e-27 3.632840459409512233e-12 9.093101017984984260e-09 2.631256014860196193e-03 7.005211341656691104e+01 2.394639928099956000e+15 8.335839927667599582e-06
2.788509599999999974e+23 2.587974080949595766e-27 3.631097114425238739e-12 9.093101017984984260e-09 2.629993315045244407e-03 7.007453367991135451e+01 2.395313399533752000e+15 8.335839927667599582e-06
2.789250239999999885e+23 2.586732151477627410e-27 3.629354606045738605e-12 9.093101017984984260e-09 2.628731221180750834e-03 7.009696111888834480e+01 2.395986870967548000e+15 8.335839927667599582e-06
2.789990880000000131e+23 2.585490817988745792e-27 3.627612933869538025e-12 9.093101017984985914e-09 2.627469732975929850e-03 7.011939573579444129e+01 2.396660342401344000e+15 8.335839927667599582e-06
2.790731520000000042e+23 2.584250080196949708e-27 3.625872097495359082e-12 9.093101017984985914e-09 2.626208850140136341e-03 7.014183753292691392e+01 2.397333813835140000e+15 8.335839927667599582e-06
2.791472159999999953e+23 2.583009937816374272e-27 3.624132096522114902e-12 9.093101017984985914e-09 2.624948572382864408e-03 7.016428651258375737e+01 2.398007285268936000e+15 8.335839927667599582e-06
2.792212799999999864e+23 2.581770390561293784e-27 3.622392930548912886e-12 9.093101017984985914e-09 2.623688899413748662e-03 7.018674267706371950e+01 2.398680756702732000e+15 8.335839927667599582e-06
2.792953440000000110e+23 2.580531438146119224e-27 3.620654599175052690e-12 9.093101017984985914e-09 2.622429830942563361e-03 7.020920602866627291e+01 2.399354228136528000e+15 8.335839927667599582e-06
2.793694080000000021e+23 2.579293080285401475e-27 3.618917102000031475e-12 9.093101017984985914e-09 2.621171366679224575e-03 7.023167656969155814e+01 2.400027699570324000e+15 8.335839927667599582e-06
2.794434719999999932e+23 2.578055316693827022e-27 3.617180438623535830e-12 9.093101017984985914e-09 2.619913506333787154e-03 7.025415430244044046e+01 2.400701171004120000e+15 8.335839927667599582e-06
2.795175359999999843e+23 2.576818147086221897e-27 3.615444608645446618e-12 9.093101017984985914e-09 2.618656249616446025e-03 7.027663922921458095e+01 2.401374642437916000e+15 8.335839927667599582e-06
2.795916000000000089e+23 2.575581571177548809e-27 3.613709611665838977e-12 9.093101017984985914e-09 2.617399596237536194e-03 7.029913135231626597e+01 2.402048113871712000e+15 8.335839927667599582e-06
2.796656640000000000e+23 2.574345588682907145e-27 3.611975447284978278e-12 9.093101017984985914e-09 2.616143545907531447e-03 7.032163067404860612e+01 2.402721585305508000e+15 8.335839927667599582e-06
2.797397279999999911e+23 2.573110199317508932e-27 3.610242115103288224e-12 9.093101017984985914e-09 2.614888098337019625e-03 7.034413719671583465e+01 2.403395056739304000e+15 8.335839927667599582e-06
2.798137920000000157e+23 2.571875402796715430e-27 3.608509614721402136e-12 9.093101017984985914e-09 2.613633253236740794e-03 7.036665092262271060e+01 2.404068528173100000e+15 8.335839927667599582e-06
2.798878560000000068e+23 2.570641198836031752e-27 3.606777945740156094e-12 9.093101017984985914e-09 2.612379010317581168e-03 7.038917185407458987e+01 2.404741999606896000e+15 8.335839927667599582e-06
2.799619199999999979e+23 2.569407587151098971e-27 3.605047107760573988e-12 9.093101017984985914e-09 2.611125369290564005e-03 7.041169999337759577e+01 2.405415471040692000e+15 8.335839927667599582e-06
2.800359839999999890e+23 2.568174567457692682e-27 3.603317100383871965e-12 9.093101017984985914e-09 2.609872329866850908e-03 7.043423534283861898e+01 2.406088942474488000e+15 8.335839927667599582e-06
2.801100480000000136e+23 2.566942139471724442e-27 3.601587923211454790e-12 9.093101017984985914e-09 2.608619891757740523e-03 7.045677790476527491e+01 2.406762413908284000e+15 8.335839927667599582e-06
2.801841120000000047e+23 2.565710302909243559e-27 3.599859575844920292e-12 9.093101017984985914e-09 2.607368054674672007e-03 7.047932768146593219e+01 2.407435885342080000e+15 8.335839927667599582e-06
2.802581759999999958e+23 2.564479057486433152e-27 3.598132057886055727e-12 9.093101017984985914e-09 2.606116818329220260e-03 7.050188467524969838e+01 2.408109356775876000e+15 8.335839927667599582e-06
2.803322399999999869e+23 2.563248402919613013e-27 3.596405368936838989e-12 9.093101017984985914e-09 2.604866182433098962e-03 7.052444888842643422e+01 2.408782828209672000e+15 8.335839927667599582e-06
2.804063040000000115e+23 2.562018338925238537e-27 3.594679508599439018e-12 9.093101017984985914e-09 2.603616146698160133e-03 7.054702032330678207e+01 2.409456299643468000e+15 8.335839927667599582e-06
2.804803680000000026e+23 2.560788865219902154e-27 3.592954476476214583e-12 9.093101017984985914e-09 2.602366710836394141e-03 7.056959898220203797e+01 2.410129771077264000e+15 8.335839927667599582e-06
2.805544319999999937e+23 2.559559981520330101e-27 3.591230272169716305e-12 9.093101017984985914e-09 2.601117874559928829e-03 7.059218486742430798e+01 2.410803242511060000e+15 8.335839927667599582e-06
2.806284959999999848e+23 2.558331687543387087e-27 3.589506895282685041e-12 9.093101017984985914e-09 2.599869637581030818e-03 7.061477798128639449e+01 2.411476713944856000e+15 8.335839927667599582e-06
2.807025600000000094e+23 2.557103983006070193e-27 3.587784345418050266e-12 9.093101017984985914e-09 2.598621999612102905e-03 7.063737832610192413e+01 2.412150185378652000e+15 8.335839927667599582e-06
2.807766240000000005e+23 2.555876867625516403e-27 3.586062622178936134e-12 9.093101017984985914e-09 2.597374960365689267e-03 7.065998590418516301e+01 2.412823656812448000e+15 8.335839927667599582e-06
2.808506879999999916e+23 2.554650341118996153e-27 3.584341725168654613e-12 9.093101017984985914e-09 2.596128519554469390e-03 7.068260071785117304e+01 2.413497128246244000e+15 8.335839927667599582e-06
2.809247520000000163e+23 2.553424403203915120e-27 3.582621653990708307e-12 9.093101017984985914e-09 2.594882676891261536e-03 7.070522276941576933e+01 2.414170599680040500e+15 8.335839927667599582e-06
2.809988160000000073e+23 2.552199053597817450e-27 3.580902408248791270e-12 9.093101017984985914e-09 2.593637432089023181e-03 7.072785206119540646e+01 2.414844071113836000e+15 8.335839927667599582e-06
2.810728799999999984e+23 2.550974292018381457e-27 3.579183987546789001e-12 9.093101017984985914e-09 2.592392784860848842e-03 7.075048859550737745e+01 2.415517542547632000e+15 8.335839927667599582e-06
2.811469439999999895e+23 2.549750118183420697e-27 3.577466391488775619e-12 9.093101017984985914e-09 2.591148734919970515e-03 7.077313237466968587e+01 2.416191013981428000e+15 8.335839927667599582e-06
2.812210080000000142e+23 2.548526531810886118e-27 3.575749619679016692e-12 9.093101017984985914e-09 2.589905281979759406e-03 7.079578340100104583e+01 2.416864485415224500e+15 8.335839927667599582e-06
2.812950720000000052e+23 2.547303532618863914e-27 3.574033671721969636e-12 9.093101017984985914e-09 2.588662425753725065e-03 7.081844167682088198e+01 2.417537956849020000e+15 8.335839927667599582e-06
2.813691359999999963e+23 2.546081120325575877e-27 3.572318547222280893e-12 9.093101017984985914e-09 2.587420165955513652e-03 7.084110720444944320e+01 2.418211428282816000e+15 8.335839927667599582e-06
2.814431999999999874e+23 2.544859294649380477e-27 3.570604245784788353e-12 9.093101017984985914e-09 2.586178502298910973e-03 7.086377998620758945e+01 2.418884899716612000e+15 8.335839927667599582e-06
2.815172640000000121e+23 2.543638055308769991e-27 3.568890767014520137e-12 9.093101017984989223e-09 2.584937434497839009e-03 7.088646002441703331e+01 2.419558371150408500e+15 8.335839927667599582e-06
2.815913280000000031e+23 2.542417402022376243e-27 3.567178110516696221e-12 9.093101017984989223e-09 2.583696962266360687e-03 7.090914732140007004e+01 2.420231842584204500e+15 8.335839927667599582e-06
2.816653919999999942e+23 2.541197334508963429e-27 3.565466275896725200e-12 9.093101017984989223e-09 2.582457085318674243e-03 7.093184187947986175e+01 2.420905314018000500e+15 8.335839927667599582e-06
2.817394559999999853e+23 2.539977852487434217e-27 3.563755262760209134e-12 9.093101017984989223e-09 2.581217803369117991e-03 7.095454370098021002e+01 2.421578785451796000e+15 8.335839927667599582e-06
2.818135200000000100e+23 2.538758955676824004e-27 3.562045070712935878e-12 9.093101017984989223e-09 2.579979116132165989e-03 7.097725278822569805e+01 2.422252256885593000e+15 8.335839927667599582e-06
2.818875840000000010e+23 2.537540643796307376e-27 3.560335699360889578e-12 9.093101017984989223e-09 2.578741023322433240e-03 7.099996914354157695e+01 2.422925728319388500e+15 8.335839927667599582e-06
2.819616479999999921e+23 2.536322916565192727e-27 3.558627148310240579e-12 9.093101017984989223e-09 2.577503524654670055e-03 7.102269276925387942e+01 2.423599199753184500e+15 8.335839927667599582e-06
2.820357120000000168e+23 2.535105773702898581e-27 3.556919417167316340e-12 9.093101017984989223e-09 2.576266619843740370e-03 7.104542366768978923e+01 2.424272671186980500e+15 8.335839927667599582e-06
2.821097760000000079e+23 2.533889214928990183e-27 3.555212505538647076e-12 9.093101017984989223e-09 2.575030308604655139e-03 7.106816184117708701e+01 2.424946142620776500e+15 8.335839927667599582e-06
2.821838399999999990e+23 2.532673239963173403e-27 3.553506413030962530e-12 9.093101017984989223e-09 2.573794590652570165e-03 7.109090729204410763e+01 2.425619614054572500e+15 8.335839927667599582e-06
2.822579039999999900e+23 2.531457848525289351e-27 3.551801139251180254e-12 9.093101017984989223e-09 2.572559465702776993e-03 7.111366002261996755e+01 2.426293085488368500e+15 8.335839927667599582e-06
2.823319680000000147e+23 2.530243040335311152e-27 3.550096683806405613e-12 9.093101017984989223e-09 2.571324933470702911e-03 7.113642003523456481e+01 2.426966556922164500e+15 8.335839927667599582e-06
2.824060320000000058e+23 2.529028815113347890e-27 3.548393046303933398e-12 9.093101017984989223e-09 2.570090993671912249e-03 7.115918733221847958e+01 2.427640028355960500e+15 8.335839927667599582e-06
2.824800959999999969e+23 2.527815172579641380e-27 3.546690226351242985e-12 9.093101017984989223e-09 2.568857646022104212e-03 7.118196191590313049e+01 2.428313499789756500e+15 8.335839927667599582e-06
2.825541599999999879e+23 2.526602112454567244e-27 3.544988223556004788e-12 9.093101017984989223e-09 2.567624890237115050e-03 7.120474378862061826e+01 2.428986971223552500e+15 8.335839927667599582e-06
2.826282240000000126e+23 2.525389634458634552e-27 3.543287037526073402e-12 9.093101017984989223e-09 2.566392726032915451e-03 7.122753295270388207e+01 2.429660442657349000e+15 8.335839927667599582e-06
2.827022880000000037e+23 2.524177738312488336e-27 3.541586667869496483e-12 9.093101017984989223e-09 2.565161153125614883e-03 7.125032941048651480e+01 2.430333914091145000e+15 8.335839927667599582e-06
2.827763519999999948e+23 2.522966423736905638e-27 3.539887114194505460e-12 9.093101017984989223e-09 2.563930171231456820e-03 7.127313316430291934e+01 2.431007385524941000e+15 8.335839927667599582e-06
2.828504159999999858e+23 2.521755690452797311e-27 3.538188376109519573e-12 9.093101017984989223e-09 2.562699780066820480e-03 7.129594421648822333e+01 2.431680856958736500e+15 8.335839927667599582e-06
2.829244800000000105e+23 2.520545538181207652e-27 3.536490453223147088e-12 9.093101017984989223e-09 2.561469979348221689e-03 7.131876256937835024e+01 2.432354328392533000e+15 8.335839927667599582e-06
2.829985440000000016e+23 2.519335966643317281e-27 3.534793345144184890e-12 9.093101017984989223e-09 2.560240768792313316e-03 7.134158822530989141e+01 2.433027799826329000e+15 8.335839927667599582e-06
2.830726079999999927e+23 2.518126975560438828e-27 3.533097051481616059e-12 9.093101017984989223e-09 2.559012148115883106e-03 7.136442118662026246e+01 2.433701271260125000e+15 8.335839927667599582e-06
2.831466719999999837e+23 2.516918564654018732e-27 3.531401571844613105e-12 9.093101017984989223e-09 2.557784117035855412e-03 7.138726145564754688e+01 2.434374742693921000e+15 8.335839927667599582e-06
2.832207360000000084e+23 2.515710733645636879e-27 3.529706905842533923e-12 9.093101017984989223e-09 2.556556675269289029e-03 7.141010903473068083e+01 2.435048214127717000e+15 8.335839927667599582e-06
2.832947999999999995e+23 2.514503482257009117e-27 3.528013053084925840e-12 9.093101017984989223e-09 2.555329822533381531e-03 7.143296392620921154e+01 2.435721685561513000e+15 8.335839927667599582e-06
2.833688639999999906e+23 2.513296810209982946e-27 3.526320013181526012e-12 9.093101017984989223e-09 2.554103558545464930e-03 7.145582613242353887e+01 2.436395156995309000e+15 8.335839927667599582e-06
2.834429280000000152e+23 2.512090717226540751e-27 3.524627785742254156e-12 9.093101017984989223e-09 2.552877883023006549e-03 7.147869565571475903e+01 2.437068628429105500e+15 8.335839927667599582e-06
2.835169920000000063e+23 2.510885203028798724e-27 3.522936370377223860e-12 9.093101017984989223e-09 2.551652795683611620e-03 7.150157249842472140e+01 2.437742099862901500e+15 8.335839927667599582e-06
2.835910559999999974e+23 2.509680267339006506e-27 3.521245766696731274e-12 9.093101017984989223e-09 2.550428296245019818e-03 7.152445666289598591e+01 2.438415571296697000e+15 8.335839927667599582e-06
2.836651199999999885e+23 2.508475909879548261e-27 3.519555974311263995e-12 9.093101017984989223e-09 2.549204384425107859e-03 7.154734815147187987e+01 2.439089042730493000e+15 8.335839927667599582e-06
2.837391840000000131e+23 2.507272130372941244e-27 3.517866992831495412e-12 9.093101017984989223e-09 2.547981059941887769e-03 7.157024696649646955e+01 2.439762514164289500e+15 8.335839927667599582e-06
2.838132480000000042e+23 2.506068928541837592e-27 3.516178821868287937e-12 9.093101017984989223e-09 2.546758322513508182e-03 7.159315311031454598e+01 2.440435985598085500e+15 8.335839927667599582e-06
2.838873119999999953e+23 2.504866304109021818e-27 3.514491461032691391e-12 9.093101017984989223e-09 2.545536171858253476e-03 7.161606658527165337e+01 2.441109457031881500e+15 8.335839927667599582e-06
2.839613759999999864e+23 2.503664256797414390e-27 3.512804909935943407e-12 9.093101017984989223e-09 2.544314607694544202e-03 7.163898739371401803e+01 2.441782928465677500e+15 8.335839927667599582e-06
2.840354400000000110e+23 2.502462786330066356e-27 3.511119168189467007e-12 9.093101017984989223e-09 2.543093629740935790e-03 7.166191553798869052e+01 2.442456399899473500e+15 8.335839927667599582e-06
2.841095040000000021e+23 2.501261892430167237e-27 3.509434235404879891e-12 9.093101017984989223e-09 2.541873237716122877e-03 7.168485102044334667e+01 2.443129871333269500e+15 8.335839927667599582e-06
2.841835679999999932e+23 2.500061574821036053e-27 3.507750111193979492e-12 9.093101017984989223e-09 2.540653431338932376e-03 7.170779384342648655e+01 2.443803342767065500e+15 8.335839927667599582e-06
2.842576319999999843e+23 2.498861833226128145e-27 3.506066795168755903e-12 9.093101017984989223e-09 2.539434210328329541e-03 7.173074400928730654e+01 2.444476814200861500e+15 8.335839927667599582e-06
2.843316960000000089e+23 2.497662667369010060e-27 3.504384286941354717e-12 9.093101017984989223e-09 2.538215574403392388e-03 7.175370152037613991e+01 2.445150285634658000e+15 8.335839927667599582e-06
2.844057600000000000e+23 2.496464076973385021e-27 3.502702586124113377e-12 9.093101017984989223e-09 2.536997523283338572e-03 7.177666637904398783e+01 2.445823757068453500e+15 8.335839927667599582e-06
2.844798239999999911e+23 2.495266061763100105e-27 3.501021692329572084e-12 9.093101017984989223e-09 2.535780056687531037e-03 7.179963858764243412e+01 2.446497228502249500e+15 8.335839927667599582e-06
2.845538880000000157e+23 2.494068621462132966e-27 3.499341605170451580e-12 9.093101017984989223e-09 2.534563174335465862e-03 7.182261814852382997e+01 2.447170699936046000e+15 8.335839927667599582e-06
2.846279520000000068e+23 2.492871755794593988e-27 3.497662324259663246e-12 9.093101017984989223e-09 2.533346875946774438e-03 7.184560506404123714e+01 2.447844171369842000e+15 8.335839927667599582e-06
2.847020159999999979e+23 2.491675464484725572e-27 3.495983849210299004e-12 9.093101017984989223e-09 2.532131161241221295e-03 7.186859933654854160e+01 2.448517642803638000e+15 8.335839927667599582e-06
2.847760799999999890e+23 2.490479747256902128e-27 3.494306179635638186e-12 9.093101017984989223e-09 2.530916029938705836e-03 7.189160096840035408e+01 2.449191114237434000e+15 8.335839927667599582e-06
2.848501440000000136e+23 2.489284603835627932e-27 3.492629315149144300e-12 9.093101017984989223e-09 2.529701481759259740e-03 7.191460996195208111e+01 2.449864585671230000e+15 8.335839927667599582e-06
2.849242080000000047e+23 2.488090033945542498e-27 3.490953255364466243e-12 9.093101017984989223e-09 2.528487516423051293e-03 7.193762631955981135e+01 2.450538057105026000e+15 8.335839927667599582e-06
2.849982719999999958e+23 2.486896037311415203e-27 3.489277999895438300e-12 9.093101017984989223e-09 2.527274133650381054e-03 7.196065004358050032e+01 2.451211528538822000e+15 8.335839927667599582e-06
2.850723359999999869e+23 2.485702613658146720e-27 3.487603548356078126e-12 9.093101017984989223e-09 2.526061333161683155e-03 7.198368113637177146e+01 2.451884999972618000e+15 8.335839927667599582e-06
2.851464000000000115e+23 2.484509762710770811e-27 3.485929900360590378e-12 9.093101017984989223e-09 2.524849114677527040e-03 7.200671960029208662e+01 2.452558471406414000e+15 8.335839927667599582e-06
2.852204640000000026e+23 2.483317484194453612e-27 3.484257055523364701e-12 9.093101017984989223e-09 2.523637477918616590e-03 7.202976543770057560e+01 2.453231942840210000e+15 8.335839927667599582e-06
2.852945279999999937e+23 2.482125777834491476e-27 3.482585013458973300e-12 9.093101017984990877e-09 2.522426422605787526e-03 7.205281865095719240e+01 2.453905414274006000e+15 8.335839927667599582e-06
2.853685919999999848e+23 2.480934643356313490e-27 3.480913773782176998e-12 9.093101017984990877e-09 2.521215948460011746e-03 7.207587924242260158e+01 2.454578885707802000e+15 8.335839927667599582e-06
2.854426560000000094e+23 2.479744080485480394e-27 3.479243336107917970e-12 9.093101017984990877e-09 2.520006055202392986e-03 7.209894721445827770e+01 2.455252357141598500e+15 8.335839927667599582e-06
2.855167200000000005e+23 2.478554088947685659e-27 3.477573700051326607e-12 9.093101017984990877e-09 2.518796742554172026e-03 7.212202256942637746e+01 2.455925828575394500e+15 8.335839927667599582e-06
2.855907839999999916e+23 2.477364668468753336e-27 3.475904865227716667e-12 9.093101017984990877e-09 2.517588010236721050e-03 7.214510530968983915e+01 2.456599300009190500e+15 8.335839927667599582e-06
2.856648480000000163e+23 2.476175818774640206e-27 3.474236831252586086e-12 9.093101017984990877e-09 2.516379857971546685e-03 7.216819543761239686e+01 2.457272771442986500e+15 8.335839927667599582e-06
2.857389120000000073e+23 2.474987539591434703e-27 3.472569597741621421e-12 9.093101017984990877e-09 2.515172285480290863e-03 7.219129295555845260e+01 2.457946242876782500e+15 8.335839927667599582e-06
2.858129759999999984e+23 2.473799830645357278e-27 3.470903164310689769e-12 9.093101017984990877e-09 2.513965292484728661e-03 7.221439786589320420e+01 2.458619714310578500e+15 8.335839927667599582e-06
2.858870399999999895e+23 2.472612691662760394e-27 3.469237530575846444e-12 9.093101017984990877e-09 2.512758878706769158e-03 7.223751017098257421e+01 2.459293185744374500e+15 8.335839927667599582e-06
2.859611040000000142e+23 2.471426122370126732e-27 3.467572696153329322e-12 9.093101017984990877e-09 2.511553043868454578e-03 7.226062987319328101e+01 2.459966657178170500e+15 8.335839927667599582e-06
2.860351680000000052e+23 2.470240122494073860e-27 3.465908660659563685e-12 9.093101017984990877e-09 2.510347787691963317e-03 7.228375697489273932e+01 2.460640128611966500e+15 8.335839927667599582e-06
2.861092319999999963e+23 2.469054691761348846e-27 3.464245423711159397e-12 9.093101017984990877e-09 2.509143109899606046e-03 7.230689147844910281e+01 2.461313600045762500e+15 8.335839927667599582e-06
2.861832959999999874e+23 2.467869829898831489e-27 3.462582984924909692e-12 9.093101017984990877e-09 2.507939010213828309e-03 7.233003338623130674e+01 2.461987071479558500e+15 8.335839927667599582e-06
2.862573600000000121e+23 2.466685536633532885e-27 3.460921343917793999e-12 9.093101017984990877e-09 2.506735488357208358e-03 7.235318270060902535e+01 2.462660542913355000e+15 8.335839927667599582e-06
2.863314240000000031e+23 2.465501811692597578e-27 3.459260500306977540e-12 9.093101017984990877e-09 2.505532544052461053e-03 7.237633942395261499e+01 2.463334014347151000e+15 8.335839927667599582e-06
2.864054879999999942e+23 2.464318654803299614e-27 3.457600453709808906e-12 9.093101017984990877e-09 2.504330177022432227e-03 7.239950355863324205e+01 2.464007485780947000e+15 8.335839927667599582e-06
2.864795519999999853e+23 2.463136065693047205e-27 3.455941203743822482e-12 9.093101017984990877e-09 2.503128386990103888e-03 7.242267510702276923e+01 2.464680957214742500e+15 8.335839927667599582e-06
2.865536160000000100e+23 2.461954044089378784e-27 3.454282750026738039e-12 9.093101017984990877e-09 2.501927173678590750e-03 7.244585407149385503e+01 2.465354428648539000e+15 8.335839927667599582e-06
2.866276800000000010e+23 2.460772589719949372e-27 3.452625092176437313e-12 9.093101017984990877e-09 2.500726536811126357e-03 7.246904045442012432e+01 2.466027900082335000e+15 8.335839927667599582e-06
2.867017439999999921e+23 2.459591702312538109e-27 3.450968229810977733e-12 9.093101017984990877e-09 2.499526476111070018e-03 7.249223425817613986e+01 2.466701371516131000e+15 8.335839927667599582e-06
2.867758079999999832e+23 2.458411381595071576e-27 3.449312162548620698e-12 9.093101017984990877e-09 2.498326991301930231e-03 7.251543548513691917e+01 2.467374842949927000e+15 8.335839927667599582e-06
2.868498720000000079e+23 2.457231627295604063e-27 3.447656890007808956e-12 9.093101017984990877e-09 2.497128082107346030e-03 7.253864413767823294e+01 2.468048314383723000e+15 8.335839927667599582e-06
2.869239359999999990e+23 2.456052439142320796e-27 3.446002411807169430e-12 9.093101017984990877e-09 2.495929748251090024e-03 7.256186021817661924e+01 2.468721785817519000e+15 8.335839927667599582e-06
2.869979999999999900e+23 2.454873816863537582e-27 3.444348727565511203e-12 9.093101017984990877e-09 2.494731989457066226e-03 7.258508372900942618e+01 2.469395257251315000e+15 8.335839927667599582e-06
2.870720640000000147e+23 2.453695760187698650e-27 3.442695836901823090e-12 9.093101017984990877e-09 2.493534805449309621e-03 7.260831467255476923e+01 2.470068728685111500e+15 8.335839927667599582e-06
2.871461280000000058e+23 2.452518268843379529e-27 3.441043739435279298e-12 9.093101017984990877e-09 2.492338195951989636e-03 7.263155305119147442e+01 2.470742200118907000e+15 8.335839927667599582e-06
2.872201919999999969e+23 2.451341342559285249e-27 3.439392434785234975e-12 9.093101017984990877e-09 2.491142160689405367e-03 7.265479886729917780e+01 2.471415671552703000e+15 8.335839927667599582e-06
2.872942559999999879e+23 2.450164981064249625e-27 3.437741922571226218e-12 9.093101017984990877e-09 2.489946699385989053e-03 7.267805212325826858e+01 2.472089142986499000e+15 8.335839927667599582e-06
2.873683200000000126e+23 2.448989184087238127e-27 3.436092202412974513e-12 9.093101017984990877e-09 2.488751811766304767e-03 7.270131282144996021e+01 2.472762614420295500e+15 8.335839927667599582e-06
2.874423840000000037e+23 2.447813951357346084e-27 3.434443273930381885e-12 9.093101017984990877e-09 2.487557497555049294e-03 7.272458096425613405e+01 2.473436085854091500e+15 8.335839927667599582e-06
2.875164479999999948e+23 2.446639282603796897e-27 3.432795136743531308e-12 9.093101017984990877e-09 2.486363756477049953e-03 7.274785655405949569e+01 2.474109557287887500e+15 8.335839927667599582e-06
2.875905119999999858e+23 2.445465177555945258e-27 3.431147790472690334e-12 9.093101017984990877e-09 2.485170588257267204e-03 7.277113959324350390e+01 2.474783028721683500e+15 8.335839927667599582e-06
2.876645760000000105e+23 2.444291635943275365e-27 3.429501234738306655e-12 9.093101017984990877e-09 2.483977992620792913e-03 7.279443008419239902e+01 2.475456500155479500e+15 8.335839927667599582e-06
2.877386400000000016e+23 2.443118657495402352e-27 3.427855469161013350e-12 9.093101017984990877e-09 2.482785969292852085e-03 7.281772802929111776e+01 2.476129971589275500e+15 8.335839927667599582e-06
2.878127039999999927e+23 2.441946241942070138e-27 3.426210493361622426e-12 9.093101017984990877e-09 2.481594517998800698e-03 7.284103343092544947e+01 2.476803443023071500e+15 8.335839927667599582e-06
2.878867679999999837e+23 2.440774389013152861e-27 3.424566306961130874e-12 9.093101017984990877e-09 2.480403638464127002e-03 7.286434629148185138e+01 2.477476914456867500e+15 8.335839927667599582e-06
2.879608320000000084e+23 2.439603098438653805e-27 3.422922909580715015e-12 9.093101017984990877e-09 2.479213330414450651e-03 7.288766661334760499e+01 2.478150385890663500e+15 8.335839927667599582e-06
2.880348959999999995e+23 2.438432369948708265e-27 3.421280300841736962e-12 9.093101017984990877e-09 2.478023593575525308e-03 7.291099439891071654e+01 2.478823857324459500e+15 8.335839927667599582e-06
2.881089599999999906e+23 2.437262203273579606e-27 3.419638480365738159e-12 9.093101017984990877e-09 2.476834427673234740e-03 7.293432965055995965e+01 2.479497328758255500e+15 8.335839927667599582e-06
2.881830240000000152e+23 2.436092598143661410e-27 3.417997447774444226e-12 9.093101017984990877e-09 2.475645832433594987e-03 7.295767237068484690e+01 2.480170800192052000e+15 8.335839927667599582e-06
2.882570880000000063e+23 2.434923554289477839e-27 3.416357202689762135e-12 9.093101017984990877e-09 2.474457807582755228e-03 7.298102256167567248e+01 2.480844271625848000e+15 8.335839927667599582e-06
2.883311519999999974e+23 2.433755071441682558e-27 3.414717744733781013e-12 9.093101017984990877e-09 2.473270352846995614e-03 7.300438022592346954e+01 2.481517743059644000e+15 8.335839927667599582e-06
2.884052159999999885e+23 2.432587149331059092e-27 3.413079073528773760e-12 9.093101017984990877e-09 2.472083467952729003e-03 7.302774536581999598e+01 2.482191214493440000e+15 8.335839927667599582e-06
2.884792800000000131e+23 2.431419787688520470e-27 3.411441188697192204e-12 9.093101017984990877e-09 2.470897152626498790e-03 7.305111798375783394e+01 2.482864685927236000e+15 8.335839927667599582e-06
2.885533440000000042e+23 2.430252986245111015e-27 3.409804089861675176e-12 9.093101017984990877e-09 2.469711406594982811e-03 7.307449808213023346e+01 2.483538157361032000e+15 8.335839927667599582e-06
2.886274079999999953e+23 2.429086744732003837e-27 3.408167776645040029e-12 9.093101017984990877e-09 2.468526229584989441e-03 7.309788566333122617e+01 2.484211628794828000e+15 8.335839927667599582e-06
2.887014719999999864e+23 2.427921062880501905e-27 3.406532248670287891e-12 9.093101017984990877e-09 2.467341621323458894e-03 7.312128072975559689e+01 2.484885100228624000e+15 8.335839927667599582e-06
2.887755360000000110e+23 2.426755940422037691e-27 3.404897505560600834e-12 9.093101017984990877e-09 2.466157581537463221e-03 7.314468328379891204e+01 2.485558571662420000e+15 8.335839927667599582e-06
2.888496000000000021e+23 2.425591377088176042e-27 3.403263546939346723e-12 9.093101017984990877e-09 2.464974109954208917e-03 7.316809332785739173e+01 2.486232043096216000e+15 8.335839927667599582e-06
2.889236639999999932e+23 2.424427372610597312e-27 3.401630372430054982e-12 9.093101017984990877e-09 2.463791206301019568e-03 7.319151086432830766e+01 2.486905514530012000e+15 8.335839927667599582e-06
2.889977279999999843e+23 2.423263926721099523e-27 3.399997981656421036e-12 9.093101017984990877e-09 2.462608870305338458e-03 7.321493589560992632e+01 2.487578985963808000e+15 8.335839927667599582e-06
2.890717920000000089e+23 2.422101039151624907e-27 3.398366374242342662e-12 9.093101017984990877e-09 2.461427101694755887e-03 7.323836842410098313e+01 2.488252457397604500e+15 8.335839927667599582e-06
2.891458560000000000e+23 2.420938709634246990e-27 3.396735549811901007e-12 9.093101017984990877e-09 2.460245900196995298e-03 7.326180845220088145e+01 2.488925928831400500e+15 8.335839927667599582e-06
2.892199199999999911e+23 2.419776937901164856e-27 3.395105507989354529e-12 9.093101017984990877e-09 2.459065265539907199e-03 7.328525598230990568e+01 2.489599400265196000e+15 8.335839927667599582e-06
2.892939840000000157e+23 2.418615723684706374e-27 3.393476248399140611e-12 9.093101017984990877e-09 2.457885197451473939e-03 7.330871101682907920e+01 2.490272871698992500e+15 8.335839927667599582e-06
2.893680480000000068e+23 2.417455066717328555e-27 3.391847770665879198e-12 9.093101017984990877e-09 2.456705695659807970e-03 7.333217355816019278e+01 2.490946343132788500e+15 8.335839927667599582e-06
2.894421119999999979e+23 2.416294966731613610e-27 3.390220074414366739e-12 9.093101017984990877e-09 2.455526759893150550e-03 7.335564360870581879e+01 2.491619814566584500e+15 8.335839927667599582e-06
2.895161759999999890e+23 2.415135423460275045e-27 3.388593159269581435e-12 9.093101017984990877e-09 2.454348389879874772e-03 7.337912117086929698e+01 2.492293286000380500e+15 8.335839927667599582e-06
2.895902400000000136e+23 2.413976436636151204e-27 3.386967024856678393e-12 9.093101017984990877e-09 2.453170585348481234e-03 7.340260624705481973e+01 2.492966757434176500e+15 8.335839927667599582e-06
2.896643040000000047e+23 2.412818005992211370e-27 3.385341670800995688e-12 9.093101017984990877e-09 2.451993346027603674e-03 7.342609883966723316e+01 2.493640228867972500e+15 8.335839927667599582e-06
2.897383679999999958e+23 2.411660131261550739e-27 3.383717096728049915e-12 9.093101017984990877e-09 2.450816671646004197e-03 7.344959895111222181e+01 2.494313700301768500e+15 8.335839927667599582e-06
2.898124319999999869e+23 2.410502812177393653e-27 3.382093302263535790e-12 9.093101017984990877e-09 2.449640561932575015e-03 7.347310658379625181e+01 2.494987171735564500e+15 8.335839927667599582e-06
2.898864960000000115e+23 2.409346048473090726e-27 3.380470287033327355e-12 9.093101017984990877e-09 2.448465016616338009e-03 7.349662174012652827e+01 2.495660643169361000e+15 8.335839927667599582e-06
2.899605600000000026e+23 2.408189839882123510e-27 3.378848050663481218e-12 9.093101017984990877e-09 2.447290035426446901e-03 7.352014442251103787e+01 2.496334114603157000e+15 8.335839927667599582e-06
2.900346239999999937e+23 2.407034186138099113e-27 3.377226592780231294e-12 9.093101017984990877e-09 2.446115618092183346e-03 7.354367463335853472e+01 2.497007586036952500e+15 8.335839927667599582e-06
2.901086879999999848e+23 2.405879086974753429e-27 3.375605913009992043e-12 9.093101017984990877e-09 2.444941764342960840e-03 7.356721237507855449e+01 2.497681057470748500e+15 8.335839927667599582e-06
2.901827520000000094e+23 2.404724542125949342e-27 3.373986010979354829e-12 9.093101017984990877e-09 2.443768473908320814e-03 7.359075765008140024e+01 2.498354528904545000e+15 8.335839927667599582e-06
2.902568160000000005e+23 2.403570551325680316e-27 3.372366886315095194e-12 9.093101017984990877e-09 2.442595746517937840e-03 7.361431046077808560e+01 2.499028000338341000e+15 8.335839927667599582e-06
2.903308799999999916e+23 2.402417114308065370e-27 3.370748538644164780e-12 9.093101017984990877e-09 2.441423581901613557e-03 7.363787080958047682e+01 2.499701471772137000e+15 8.335839927667599582e-06
2.904049440000000163e+23 2.401264230807352307e-27 3.369130967593695771e-12 9.093101017984990877e-09 2.440251979789281444e-03 7.366143869890115070e+01 2.500374943205933000e+15 8.335839927667599582e-06
2.904790080000000073e+23 2.400111900557917360e-27 3.367514172791000889e-12 9.093101017984990877e-09 2.439080939911004650e-03 7.368501413115343723e+01 2.501048414639729000e+15 8.335839927667599582e-06
2.905530719999999984e+23 2.398960123294263749e-27 3.365898153863570576e-12 9.093101017984990877e-09 2.437910461996975996e-03 7.370859710875146220e+01 2.501721886073525000e+15 8.335839927667599582e-06
2.906271359999999895e+23 2.397808898751023841e-27 3.364282910439077024e-12 9.093101017984990877e-09 2.436740545777519272e-03 7.373218763411009036e+01 2.502395357507321000e+15 8.335839927667599582e-06
2.907012000000000142e+23 2.396658226662956274e-27 3.362668442145368929e-12 9.093101017984990877e-09 2.435571190983086207e-03 7.375578570964496805e+01 2.503068828941117500e+15 8.335839927667599582e-06
2.907752640000000052e+23 2.395508106764950625e-27 3.361054748610478356e-12 9.093101017984990877e-09 2.434402397344262101e-03 7.377939133777246639e+01 2.503742300374913000e+15 8.335839927667599582e-06
2.908493279999999963e+23 2.394358538792021310e-27 3.359441829462615085e-12 9.093101017984990877e-09 2.433234164591759324e-03 7.380300452090973806e+01 2.504415771808709000e+15 8.335839927667599582e-06
2.909233919999999874e+23 2.393209522479312964e-27 3.357829684330167821e-12 9.093101017984990877e-09 2.432066492456421650e-03 7.382662526147467474e+01 2.505089243242505000e+15 8.335839927667599582e-06
2.909974560000000121e+23 2.392061057562096138e-27 3.356218312841704198e-12 9.093101017984990877e-09 2.430899380669221659e-03 7.385025356188596390e+01 2.505762714676301500e+15 8.335839927667599582e-06
2.910715200000000031e+23 2.390913143775772320e-27 3.354607714625975619e-12 9.093101017984990877e-09 2.429732828961264635e-03 7.387388942456297514e+01 2.506436186110097500e+15 8.335839927667599582e-06
2.911455839999999942e+23 2.389765780855868195e-27 3.352997889311907974e-12 9.093101017984990877e-09 2.428566837063783363e-03 7.389753285192591648e+01 2.507109657543893500e+15 8.335839927667599582e-06
2.912196479999999853e+23 2.388618968538031341e-27 3.351388836528598808e-12 9.093101017984990877e-09 2.427401404708133363e-03 7.392118384639584860e+01 2.507783128977689500e+15 8.335839927667599582e-06
2.912937120000000100e+23 2.387472706558018749e-27 3.349780555905297126e-12 9.093101017984990877e-09 2.426236531625781175e-03 7.394484241039499750e+01 2.508456600411485500e+15 8.335839927667599582e-06
2.913677760000000010e+23 2.386326994651733417e-27 3.348173047071457114e-12 9.093101017984990877e-09 2.425072217548341659e-03 7.396850854634598704e+01 2.509130071845281500e+15 8.335839927667599582e-06
2.914418399999999921e+23 2.385181832555203536e-27 3.346566309656709057e-12 9.093101017984990877e-09 2.423908462207557176e-03 7.399218225667218007e+01 2.509803543279077500e+15 8.335839927667599582e-06
2.915159040000000168e+23 2.384037220004585009e-27 3.344960343290863377e-12 9.093101017984990877e-09 2.422745265335299759e-03 7.401586354379777788e+01 2.510477014712873500e+15 8.335839927667599582e-06
2.915899680000000079e+23 2.382893156736158936e-27 3.343355147603904173e-12 9.093101017984990877e-09 2.421582626663568941e-03 7.403955241014773492e+01 2.511150486146669500e+15 8.335839927667599582e-06
2.916640319999999990e+23 2.381749642486333408e-27 3.341750722225996085e-12 9.093101017984990877e-09 2.420420545924492628e-03 7.406324885814778725e+01 2.511823957580465500e+15 8.335839927667599582e-06
2.917380959999999900e+23 2.380606676991641713e-27 3.340147066787476216e-12 9.093101017984990877e-09 2.419259022850326658e-03 7.408695289022446673e+01 2.512497429014261500e+15 8.335839927667599582e-06
2.918121600000000147e+23 2.379464259988743054e-27 3.338544180918861405e-12 9.093101017984990877e-09 2.418098057173454375e-03 7.411066450880508683e+01 2.513170900448058000e+15 8.335839927667599582e-06
2.918862240000000058e+23 2.378322391214424345e-27 3.336942064250845801e-12 9.093101017984990877e-09 2.416937648626389223e-03 7.413438371631774260e+01 2.513844371881854000e+15 8.335839927667599582e-06
2.919602879999999969e+23 2.377181070405596978e-27 3.335340716414299650e-12 9.093101017984990877e-09 2.415777796941770850e-03 7.415811051519131070e+01 2.514517843315650000e+15 8.335839927667599582e-06
2.920343519999999879e+23 2.376040297299299336e-27 3.333740137040270109e-12 9.093101017984990877e-09 2.414618501852368142e-03 7.418184490785546359e+01 2.515191314749446000e+15 8.335839927667599582e-06
2.921084160000000126e+23 2.374900071632694642e-27 3.332140325759979622e-12 9.093101017984990877e-09 2.413459763091077050e-03 7.420558689674062691e+01 2.515864786183242000e+15 8.335839927667599582e-06
2.921824800000000037e+23 2.373760393143074187e-27 3.330541282204831177e-12 9.093101017984990877e-09 2.412301580390922764e-03 7.422933648427800790e+01 2.516538257617038000e+15 8.335839927667599582e-06
2.922565439999999948e+23 2.372621261567854099e-27 3.328943006006402649e-12 9.093101017984990877e-09 2.411143953485058843e-03 7.425309367289962381e+01 2.517211729050834000e+15 8.335839927667599582e-06
2.923306079999999858e+23 2.371482676644576064e-27 3.327345496796447205e-12 9.093101017984990877e-09 2.409986882106765482e-03 7.427685846503823086e+01 2.517885200484630000e+15 8.335839927667599582e-06
2.924046720000000105e+23 2.370344638110909117e-27 3.325748754206897339e-12 9.093101017984990877e-09 2.408830365989451678e-03 7.430063086312736687e+01 2.518558671918426000e+15 8.335839927667599582e-06
2.924787360000000016e+23 2.369207145704647850e-27 3.324152777869862457e-12 9.093101017984990877e-09 2.407674404866655665e-03 7.432441086960137966e+01 2.519232143352222000e+15 8.335839927667599582e-06
2.925527999999999927e+23 2.368070199163712769e-27 3.322557567417627251e-12 9.093101017984990877e-09 2.406518998472042311e-03 7.434819848689534183e+01 2.519905614786018000e+15 8.335839927667599582e-06
2.926268639999999837e+23 2.366933798226151373e-27 3.320963122482654534e-12 9.093101017984990877e-09 2.405364146539405723e-03 7.437199371744512177e+01 2.520579086219814000e+15 8.335839927667599582e-06
2.927009280000000084e+23 2.365797942630135281e-27 3.319369442697583219e-12 9.093101017984990877e-09 2.404209848802666642e-03 7.439579656368738370e+01 2.521252557653610500e+15 8.335839927667599582e-06
2.927749919999999995e+23 2.364662632113964539e-27 3.317776527695230740e-12 9.093101017984990877e-09 2.403056104995876345e-03 7.441960702805951655e+01 2.521926029087406000e+15 8.335839927667599582e-06
2.928490559999999906e+23 2.363527866416064031e-27 3.316184377108589821e-12 9.093101017984990877e-09 2.401902914853212313e-03 7.444342511299969090e+01 2.522599500521202000e+15 8.335839927667599582e-06
2.929231200000000152e+23 2.362393645274983840e-27 3.314592990570829692e-12 9.093101017984990877e-09 2.400750278108979962e-03 7.446725082094690151e+01 2.523272971954998500e+15 8.335839927667599582e-06
2.929971840000000063e+23 2.361259968429402832e-27 3.313002367715298506e-12 9.093101017984990877e-09 2.399598194497614811e-03 7.449108415434079689e+01 2.523946443388794500e+15 8.335839927667599582e-06
2.930712479999999974e+23 2.360126835618123638e-27 3.311412508175520517e-12 9.093101017984992531e-09 2.398446663753679015e-03 7.451492511562189236e+01 2.524619914822590500e+15 8.335839927667599582e-06
2.931453119999999885e+23 2.358994246580075878e-27 3.309823411585196078e-12 9.093101017984992531e-09 2.397295685611863097e-03 7.453877370723142803e+01 2.525293386256386500e+15 8.335839927667599582e-06
2.932193760000000131e+23 2.357862201054314371e-27 3.308235077578202448e-12 9.093101017984992531e-09 2.396145259806985086e-03 7.456262993161142560e+01 2.525966857690182500e+15 8.335839927667599582e-06
2.932934400000000042e+23 2.356730698780021286e-27 3.306647505788595005e-12 9.093101017984992531e-09 2.394995386073992677e-03 7.458649379120464573e+01 2.526640329123978500e+15 8.335839927667599582e-06
2.933675039999999953e+23 2.355599739496504706e-27 3.305060695850605629e-12 9.093101017984992531e-09 2.393846064147961070e-03 7.461036528845463067e+01 2.527313800557774500e+15 8.335839927667599582e-06
2.934415679999999864e+23 2.354469322943198631e-27 3.303474647398643107e-12 9.093101017984992531e-09 2.392697293764093399e-03 7.463424442580567586e+01 2.527987271991570500e+15 8.335839927667599582e-06
2.935156320000000110e+23 2.353339448859656516e-27 3.301889360067284654e-12 9.093101017984992531e-09 2.391549074657715098e-03 7.465813120570294359e+01 2.528660743425367000e+15 8.335839927667599582e-06
2.935896960000000021e+23 2.352210116985539080e-27 3.300304833491256921e-12 9.093101017984992531e-09 2.390401406564259153e-03 7.468202563059280408e+01 2.529334214859162500e+15 8.335839927667599582e-06
2.936637599999999932e+23 2.351081327060647305e-27 3.298721067305482859e-12 9.093101017984992531e-09 2.389254289219302531e-03 7.470592770292206808e+01 2.530007686292958500e+15 8.335839927667599582e-06
2.937378239999999843e+23 2.349953078824908805e-27 3.297138061145064744e-12 9.093101017984992531e-09 2.388107722358549703e-03 7.472983742513827110e+01 2.530681157726754500e+15 8.335839927667599582e-06
2.938118880000000089e+23 2.348825372018376034e-27 3.295555814645279743e-12 9.093101017984992531e-09 2.386961705717833074e-03 7.475375479968977288e+01 2.531354629160551000e+15 8.335839927667599582e-06
2.938859520000000000e+23 2.347698206381226642e-27 3.293974327441577484e-12 9.093101017984992531e-09 2.385816239033110818e-03 7.477767982902568633e+01 2.532028100594347000e+15 8.335839927667599582e-06
2.939600159999999911e+23 2.346571581653760251e-27 3.292393599169584505e-12 9.093101017984992531e-09 2.384671322040466876e-03 7.480161251559594859e+01 2.532701572028143000e+15 8.335839927667599582e-06
2.940340800000000157e+23 2.345445497576402036e-27 3.290813629465098593e-12 9.093101017984992531e-09 2.383526954476111823e-03 7.482555286185127841e+01 2.533375043461939000e+15 8.335839927667599582e-06
2.941081440000000068e+23 2.344319953889702013e-27 3.289234417964094041e-12 9.093101017984992531e-09 2.382383136076382437e-03 7.484950087024317611e+01 2.534048514895735000e+15 8.335839927667599582e-06
2.941822079999999979e+23 2.343194950334333600e-27 3.287655964302720026e-12 9.093101017984992531e-09 2.381239866577742129e-03 7.487345654322395205e+01 2.534721986329531000e+15 8.335839927667599582e-06
2.942562719999999890e+23 2.342070486651094340e-27 3.286078268117297788e-12 9.093101017984992531e-09 2.380097145716780077e-03 7.489741988324666977e+01 2.535395457763327000e+15 8.335839927667599582e-06
2.943303360000000136e+23 2.340946562580905176e-27 3.284501329044322241e-12 9.093101017984992531e-09 2.378954973230210362e-03 7.492139089276527386e+01 2.536068929197123000e+15 8.335839927667599582e-06
2.944044000000000047e+23 2.339823177864813685e-27 3.282925146720467225e-12 9.093101017984992531e-09 2.377813348854876732e-03 7.494536957423437684e+01 2.536742400630919000e+15 8.335839927667599582e-06
2.944784639999999958e+23 2.338700332243990131e-27 3.281349720782575815e-12 9.093101017984992531e-09 2.376672272327746104e-03 7.496935593010945809e+01 2.537415872064715000e+15 8.335839927667599582e-06
2.945525279999999869e+23 2.337578025459728900e-27 3.279775050867668393e-12 9.093101017984992531e-09 2.375531743385912893e-03 7.499334996284673593e+01 2.538089343498511000e+15 8.335839927667599582e-06
2.946265920000000115e+23 2.336456257253448138e-27 3.278201136612937808e-12 9.093101017984992531e-09 2.374391761766596852e-03 7.501735167490328138e+01 2.538762814932307500e+15 8.335839927667599582e-06
2.947006560000000026e+23 2.335335027366691910e-27 3.276627977655753008e-12 9.093101017984992531e-09 2.373252327207145667e-03 7.504136106873684753e+01 2.539436286366103500e+15 8.335839927667599582e-06
2.947747199999999937e+23 2.334214335541127681e-27 3.275055573633656614e-12 9.093101017984992531e-09 2.372113439445032359e-03 7.506537814680602594e+01 2.540109757799899500e+15 8.335839927667599582e-06
2.948487839999999848e+23 2.333094181518545604e-27 3.273483924184363309e-12 9.093101017984992531e-09 2.370975098217854848e-03 7.508940291157024660e+01 2.540783229233695000e+15 8.335839927667599582e-06
2.949228480000000094e+23 2.331974565040862467e-27 3.271913028945765895e-12 9.093101017984992531e-09 2.369837303263339426e-03 7.511343536548962163e+01 2.541456700667491500e+15 8.335839927667599582e-06
2.949969120000000005e+23 2.330855485850118099e-27 3.270342887555928424e-12 9.093101017984992531e-09 2.368700054319337715e-03 7.513747551102508737e+01 2.542130172101287500e+15 8.335839927667599582e-06
2.950709759999999916e+23 2.329736943688476812e-27 3.268773499653091049e-12 9.093101017984992531e-09 2.367563351123827542e-03 7.516152335063834755e+01 2.542803643535083500e+15 8.335839927667599582e-06
2.951450400000000163e+23 2.328618938298226320e-27 3.267204864875667195e-12 9.093101017984992531e-09 2.366427193414912498e-03 7.518557888679190171e+01 2.543477114968879500e+15 8.335839927667599582e-06
2.952191040000000073e+23 2.327501469421780255e-27 3.265636982862244364e-12 9.093101017984992531e-09 2.365291580930823680e-03 7.520964212194901677e+01 2.544150586402675500e+15 8.335839927667599582e-06
2.952931679999999984e+23 2.326384536801674932e-27 3.264069853251586968e-12 9.093101017984992531e-09 2.364156513409917514e-03 7.523371305857372704e+01 2.544824057836471500e+15 8.335839927667599582e-06
2.953672319999999895e+23 2.325268140180571508e-27 3.262503475682628649e-12 9.093101017984992531e-09 2.363021990590676632e-03 7.525779169913083422e+01 2.545497529270267500e+15 8.335839927667599582e-06
2.954412960000000142e+23 2.324152279301254542e-27 3.260937849794482380e-12 9.093101017984992531e-09 2.361888012211709863e-03 7.528187804608595002e+01 2.546171000704064000e+15 8.335839927667599582e-06
2.955153600000000052e+23 2.323036953906635584e-27 3.259372975226434004e-12 9.093101017984992531e-09 2.360754578011753542e-03 7.530597210190539670e+01 2.546844472137860000e+15 8.335839927667599582e-06
2.955894239999999963e+23 2.321922163739746719e-27 3.257808851617941420e-12 9.093101017984992531e-09 2.359621687729668467e-03 7.533007386905632075e+01 2.547517943571656000e+15 8.335839927667599582e-06
2.956634879999999874e+23 2.320807908543746306e-27 3.256245478608639437e-12 9.093101017984992531e-09 2.358489341104442506e-03 7.535418335000663603e+01 2.548191415005451500e+15 8.335839927667599582e-06
2.957375520000000121e+23 2.319694188061916108e-27 3.254682855838334923e-12 9.093101017984992531e-09 2.357357537875189295e-03 7.537830054722500961e+01 2.548864886439248000e+15 8.335839927667599582e-06
2.958116160000000031e+23 2.318581002037660933e-27 3.253120982947008017e-12 9.093101017984992531e-09 2.356226277781147370e-03 7.540242546318089012e+01 2.549538357873044000e+15 8.335839927667599582e-06
2.958856799999999942e+23 2.317468350214484956e-27 3.251559859574779012e-12 9.093101017984992531e-09 2.355095560561656746e-03 7.542655810034510466e+01 2.550211829306840000e+15 8.335839927667599582e-06
2.959597439999999853e+23 2.316356232336031185e-27 3.249999485361961262e-12 9.093101017984992531e-09 2.353965385956197521e-03 7.545069846118880719e+01 2.550885300740636000e+15 8.335839927667599582e-06
2.960338080000000100e+23 2.315244648146068541e-27 3.248439859949046240e-12 9.093101017984992531e-09 2.352835753704378592e-03 7.547484654818403271e+01 2.551558772174432000e+15 8.335839927667599582e-06
2.961078720000000010e+23 2.314133597388488989e-27 3.246880982976697882e-12 9.093101017984992531e-09 2.351706663545934193e-03 7.549900236380345575e+01 2.552232243608228000e+15 8.335839927667599582e-06
2.961819359999999921e+23 2.313023079807307542e-27 3.245322854085751783e-12 9.093101017984992531e-09 2.350578115220722155e-03 7.552316591052063188e+01 2.552905715042024000e+15 8.335839927667599582e-06
2.962559999999999832e+23 2.311913095146660104e-27 3.243765472917214383e-12 9.093101017984992531e-09 2.349450108468724777e-03 7.554733719080994092e+01 2.553579186475820000e+15 8.335839927667599582e-06
2.963300640000000079e+23 2.310803643150805265e-27 3.242208839112264185e-12 9.093101017984992531e-09 2.348322643030047955e-03 7.557151620714651585e+01 2.554252657909616500e+15 8.335839927667599582e-06
2.964041279999999990e+23 2.309694723564125022e-27 3.240652952312251748e-12 9.093101017984992531e-09 2.347195718644923788e-03 7.559570296200631390e+01 2.554926129343412000e+15 8.335839927667599582e-06
2.964781919999999900e+23 2.308586336131123337e-27 3.239097812158699292e-12 9.093101017984992531e-09 2.346069335053707541e-03 7.561989745786605965e+01 2.555599600777208000e+15 8.335839927667599582e-06
2.965522560000000147e+23 2.307478480596425427e-27 3.237543418293299074e-12 9.093101017984992531e-09 2.344943491996878075e-03 7.564409969720335880e+01 2.556273072211004500e+15 8.335839927667599582e-06
2.966263200000000058e+23 2.306371156704780987e-27 3.235989770357919452e-12 9.093101017984992531e-09 2.343818189215040888e-03 7.566830968249648492e+01 2.556946543644800500e+15 8.335839927667599582e-06
2.967003839999999969e+23 2.305264364201060246e-27 3.234436867994595591e-12 9.093101017984992531e-09 2.342693426448924209e-03 7.569252741622460690e+01 2.557620015078596500e+15 8.335839927667599582e-06
2.967744479999999879e+23 2.304158102830256479e-27 3.232884710845536334e-12 9.093101017984992531e-09 2.341569203439380301e-03 7.571675290086766097e+01 2.558293486512392500e+15 8.335839927667599582e-06
2.968485120000000126e+23 2.303052372337485290e-27 3.231333298553122584e-12 9.093101017984992531e-09 2.340445519927386760e-03 7.574098613890637921e+01 2.558966957946188500e+15 8.335839927667599582e-06
2.969225760000000037e+23 2.301947172467984967e-27 3.229782630759906898e-12 9.093101017984992531e-09 2.339322375654045213e-03 7.576522713282227528e+01 2.559640429379984500e+15 8.335839927667599582e-06
2.969966399999999948e+23 2.300842502967116127e-27 3.228232707108613087e-12 9.093101017984992531e-09 2.338199770360582189e-03 7.578947588509764444e+01 2.560313900813780500e+15 8.335839927667599582e-06
2.970707039999999858e+23 2.299738363580361356e-27 3.226683527242137426e-12 9.093101017984992531e-09 2.337077703788347383e-03 7.581373239821562038e+01 2.560987372247576500e+15 8.335839927667599582e-06
2.971447680000000105e+23 2.298634754053325210e-27 3.225135090803545826e-12 9.093101017984992531e-09 2.335956175678815389e-03 7.583799667466006156e+01 2.561660843681373000e+15 8.335839927667599582e-06
2.972188320000000016e+23 2.297531674131736363e-27 3.223587397436078681e-12 9.093101017984992531e-09 2.334835185773586133e-03 7.586226871691567908e+01 2.562334315115168500e+15 8.335839927667599582e-06
2.972928959999999927e+23 2.296429123561443669e-27 3.222040446783146022e-12 9.093101017984992531e-09 2.333714733814382276e-03 7.588654852746792301e+01 2.563007786548964500e+15 8.335839927667599582e-06
2.973669599999999837e+23 2.295327102088420818e-27 3.220494238488332365e-12 9.093101017984992531e-09 2.332594819543052679e-03 7.591083610880305343e+01 2.563681257982760500e+15 8.335839927667599582e-06
2.974410240000000084e+23 2.294225609458760599e-27 3.218948772195388225e-12 9.093101017984992531e-09 2.331475442701567632e-03 7.593513146340811204e+01 2.564354729416557000e+15 8.335839927667599582e-06
2.975150879999999995e+23 2.293124645418681717e-27 3.217404047548242640e-12 9.093101017984992531e-09 2.330356603032025797e-03 7.595943459377090790e+01 2.565028200850353000e+15 8.335839927667599582e-06
2.975891519999999906e+23 2.292024209714523411e-27 3.215860064190993479e-12 9.093101017984992531e-09 2.329238300276647699e-03 7.598374550238003167e+01 2.565701672284149000e+15 8.335839927667599582e-06
2.976632160000000152e+23 2.290924302092746172e-27 3.214316821767907033e-12 9.093101017984992531e-09 2.328120534177777028e-03 7.600806419172494088e+01 2.566375143717945000e+15 8.335839927667599582e-06
2.977372800000000063e+23 2.289824922299936405e-27 3.212774319923428118e-12 9.093101017984992531e-09 2.327003304477885844e-03 7.603239066429573256e+01 2.567048615151741000e+15 8.335839927667599582e-06
2.978113439999999974e+23 2.288726070082799257e-27 3.211232558302166741e-12 9.093101017984992531e-09 2.325886610919566770e-03 7.605672492258337059e+01 2.567722086585537000e+15 8.335839927667599582e-06
2.978854079999999885e+23 2.287627745188163993e-27 3.209691536548908607e-12 9.093101017984992531e-09 2.324770453245538198e-03 7.608106696907961464e+01 2.568395558019333000e+15 8.335839927667599582e-06
2.979594720000000131e+23 2.286529947362981493e-27 3.208151254308609056e-12 9.093101017984992531e-09 2.323654831198642984e-03 7.610541680627694916e+01 2.569069029453129000e+15 8.335839927667599582e-06
2.980335360000000042e+23 2.285432676354326755e-27 3.206611711226397104e-12 9.093101017984992531e-09 2.322539744521848887e-03 7.612977443666864019e+01 2.569742500886925000e+15 8.335839927667599582e-06
2.981075999999999953e+23 2.284335931909393878e-27 3.205072906947570998e-12 9.093101017984992531e-09 2.321425192958245960e-03 7.615413986274879221e+01 2.570415972320721000e+15 8.335839927667599582e-06
2.981816639999999864e+23 2.283239713775478839e-27 3.203534841117568737e-12 9.093101017984992531e-09 2.320311176251026609e-03 7.617851308701271762e+01 2.571089443754517000e+15 8.335839927667599582e-06
2.982557280000000110e+23 2.282144021700006043e-27 3.201997513382011283e-12 9.093101017984992531e-09 2.319197694143515075e-03 7.620289411195641094e+01 2.571762915188313500e+15 8.335839927667599582e-06
2.983297920000000021e+23 2.281048855430531909e-27 3.200460923386702966e-12 9.093101017984992531e-09 2.318084746379168309e-03 7.622728294007639249e+01 2.572436386622109500e+15 8.335839927667599582e-06
2.984038559999999932e+23 2.279954214714730159e-27 3.198925070777614120e-12 9.093101017984992531e-09 2.316972332701563390e-03 7.625167957387009210e+01 2.573109858055905500e+15 8.335839927667599582e-06
2.984779199999999843e+23 2.278860099300395410e-27 3.197389955200884714e-12 9.093101017984992531e-09 2.315860452854400561e-03 7.627608401583569275e+01 2.573783329489701000e+15 8.335839927667599582e-06
2.985519840000000089e+23 2.277766508935443888e-27 3.195855576302823143e-12 9.093101017984992531e-09 2.314749106581502364e-03 7.630049626847224431e+01 2.574456800923497500e+15 8.335839927667599582e-06
2.986260480000000000e+23 2.276673443367911996e-27 3.194321933729909053e-12 9.093101017984992531e-09 2.313638293626814509e-03 7.632491633427953559e+01 2.575130272357293500e+15 8.335839927667599582e-06
2.987001119999999911e+23 2.275580902345956669e-27 3.192789027128790112e-12 9.093101017984992531e-09 2.312528013734404999e-03 7.634934421575822228e+01 2.575803743791089500e+15 8.335839927667599582e-06
2.987741760000000157e+23 2.274488885617854660e-27 3.191256856146281606e-12 9.093101017984992531e-09 2.311418266648463705e-03 7.637377991540972744e+01 2.576477215224885500e+15 8.335839927667599582e-06
2.988482400000000068e+23 2.273397392932004690e-27 3.189725420429370475e-12 9.093101017984992531e-09 2.310309052113303663e-03 7.639822343573631258e+01 2.577150686658681500e+15 8.335839927667599582e-06
2.989223039999999979e+23 2.272306424036925299e-27 3.188194719625212085e-12 9.093101017984992531e-09 2.309200369873361074e-03 7.642267477924100660e+01 2.577824158092477500e+15 8.335839927667599582e-06
2.989963679999999890e+23 2.271215978681255557e-27 3.186664753381130632e-12 9.093101017984992531e-09 2.308092219673193134e-03 7.644713394842769105e+01 2.578497629526273500e+15 8.335839927667599582e-06
2.990704320000000136e+23 2.270126056613753997e-27 3.185135521344617523e-12 9.093101017984992531e-09 2.306984601257479339e-03 7.647160094580102907e+01 2.579171100960070000e+15 8.335839927667599582e-06
2.991444960000000047e+23 2.269036657583302909e-27 3.183607023163338651e-12 9.093101017984992531e-09 2.305877514371024953e-03 7.649607577386642276e+01 2.579844572393866000e+15 8.335839927667599582e-06
2.992185599999999958e+23 2.267947781338901894e-27 3.182079258485123484e-12 9.093101017984992531e-09 2.304770958758754068e-03 7.652055843513019795e+01 2.580518043827662000e+15 8.335839927667599582e-06
2.992926239999999869e+23 2.266859427629672159e-27 3.180552226957973149e-12 9.093101017984992531e-09 2.303664934165714807e-03 7.654504893209936256e+01 2.581191515261457500e+15 8.335839927667599582e-06
2.993666880000000115e+23 2.265771596204856166e-27 3.179025928230057600e-12 9.093101017984992531e-09 2.302559440337077594e-03 7.656954726728180560e+01 2.581864986695254000e+15 8.335839927667599582e-06
2.994407520000000026e+23 2.264684286813816190e-27 3.177500361949717238e-12 9.093101017984992531e-09 2.301454477018136015e-03 7.659405344318618347e+01 2.582538458129050000e+15 8.335839927667599582e-06
2.995148159999999937e+23 2.263597499206035401e-27 3.175975527765459269e-12 9.093101017984992531e-09 2.300350043954305524e-03 7.661856746232191995e+01 2.583211929562846000e+15 8.335839927667599582e-06
2.995888799999999848e+23 2.262511233131117863e-27 3.174451425325961752e-12 9.093101017984992531e-09 2.299246140891124304e-03 7.664308932719929146e+01 2.583885400996642000e+15 8.335839927667599582e-06
2.996629440000000094e+23 2.261425488338786736e-27 3.172928054280070361e-12 9.093101017984992531e-09 2.298142767574252402e-03 7.666761904032934183e+01 2.584558872430438000e+15 8.335839927667599582e-06
2.997370080000000005e+23 2.260340264578887511e-27 3.171405414276802021e-12 9.093101017984992531e-09 2.297039923749473467e-03 7.669215660422388225e+01 2.585232343864234000e+15 8.335839927667599582e-06
2.998110719999999916e+23 2.259255561601386210e-27 3.169883504965342085e-12 9.093101017984992531e-09 2.295937609162693877e-03 7.671670202139551975e+01 2.585905815298030000e+15 8.335839927667599582e-06
2.998851360000000163e+23 2.258171379156366881e-27 3.168362325995043116e-12 9.093101017984992531e-09 2.294835823559940140e-03 7.674125529435774240e+01 2.586579286731826500e+15 8.335839927667599582e-06
2.999592000000000073e+23 2.257087716994037691e-27 3.166841877015429739e-12 9.093101017984992531e-09 2.293734566687364532e-03 7.676581642562469199e+01 2.587252758165622000e+15 8.335839927667599582e-06
3.000332639999999984e+23 2.256004574864725189e-27 3.165322157676194600e-12 9.093101017984992531e-09 2.292633838291239894e-03 7.679038541771139137e+01 2.587926229599418000e+15 8.335839927667599582e-06
3.001073279999999895e+23 2.254921952518876819e-27 3.163803167627197962e-12 9.093101017984992531e-09 2.291533638117961794e-03 7.681496227313363079e+01 2.588599701033214000e+15 8.335839927667599582e-06
3.001813920000000142e+23 2.253839849707060557e-27 3.162284906518471743e-12 9.093101017984992531e-09 2.290433965914048537e-03 7.683954699440798208e+01 2.589273172467010500e+15 8.335839927667599582e-06
3.002554560000000052e+23 2.252758266179965630e-27 3.160767374000216288e-12 9.093101017984992531e-09 2.289334821426141156e-03 7.686413958405177027e+01 2.589946643900806500e+15 8.335839927667599582e-06
3.003295199999999963e+23 2.251677201688401084e-27 3.159250569722799558e-12 9.093101017984992531e-09 2.288236204401002984e-03 7.688874004458317302e+01 2.590620115334602500e+15 8.335839927667599582e-06
3.004035839999999874e+23 2.250596655983296497e-27 3.157734493336759958e-12 9.093101017984992531e-09 2.287138114585519650e-03 7.691334837852109274e+01 2.591293586768398500e+15 8.335839927667599582e-06
3.004776480000000121e+23 2.249516628815682252e-27 3.156219144492776853e-12 9.093101017984992531e-09 2.286040551726678700e-03 7.693796458838572505e+01 2.591967058202194500e+15 8.335839927667599582e-06
3.005517120000000031e+23 2.248437119936712136e-27 3.154704522841703285e-12 9.093101017984992531e-09 2.284943515571594315e-03 7.696258867669791925e+01 2.592640529635990500e+15 8.335839927667599582e-06
3.006257759999999942e+23 2.247358129097669796e-27 3.153190628034572434e-12 9.093101017984992531e-09 2.283847005867511212e-03 7.698722064597914994e+01 2.593314001069786500e+15 8.335839927667599582e-06
3.006998399999999853e+23 2.246279656049955826e-27 3.151677459722584286e-12 9.093101017984992531e-09 2.282751022361794238e-03 7.701186049875170170e+01 2.593987472503582500e+15 8.335839927667599582e-06
3.007739040000000100e+23 2.245201700545089920e-27 3.150165017557104833e-12 9.093101017984992531e-09 2.281655564801928372e-03 7.703650823753872601e+01 2.594660943937378500e+15 8.335839927667599582e-06
3.008479680000000010e+23 2.244124262334713024e-27 3.148653301189668489e-12 9.093101017984992531e-09 2.280560632935521755e-03 7.706116386486408487e+01 2.595334415371174500e+15 8.335839927667599582e-06
3.009220319999999921e+23 2.243047341170581594e-27 3.147142310271975267e-12 9.093101017984992531e-09 2.279466226510300925e-03 7.708582738325257822e+01 2.596007886804970500e+15 8.335839927667599582e-06
3.009960960000000168e+23 2.241970936804571903e-27 3.145632044455889969e-12 9.093101017984992531e-09 2.278372345274112983e-03 7.711049879522974493e+01 2.596681358238767000e+15 8.335839927667599582e-06
3.010701600000000079e+23 2.240895048988680761e-27 3.144122503393448247e-12 9.093101017984992531e-09 2.277278988974928628e-03 7.713517810332193392e+01 2.597354829672563000e+15 8.335839927667599582e-06
3.011442239999999990e+23 2.239819677475021202e-27 3.142613686736849330e-12 9.093101017984992531e-09 2.276186157360835655e-03 7.715986531005640359e+01 2.598028301106359000e+15 8.335839927667599582e-06
3.012182879999999900e+23 2.238744822015826083e-27 3.141105594138458044e-12 9.093101017984992531e-09 2.275093850180044588e-03 7.718456041796109446e+01 2.598701772540155000e+15 8.335839927667599582e-06
3.012923520000000147e+23 2.237670482363447353e-27 3.139598225250809256e-12 9.093101017984992531e-09 2.274002067180885649e-03 7.720926342956487076e+01 2.599375243973951000e+15 8.335839927667599582e-06
3.013664160000000058e+23 2.236596658270356067e-27 3.138091579726603432e-12 9.093101017984992531e-09 2.272910808111811790e-03 7.723397434739733569e+01 2.600048715407747000e+15 8.335839927667599582e-06
3.014404799999999969e+23 2.235523349489140582e-27 3.136585657218705423e-12 9.093101017984992531e-09 2.271820072721393927e-03 7.725869317398890246e+01 2.600722186841543000e+15 8.335839927667599582e-06
3.015145439999999879e+23 2.234450555772509788e-27 3.135080457380149312e-12 9.093101017984992531e-09 2.270729860758325704e-03 7.728341991187085114e+01 2.601395658275339000e+15 8.335839927667599582e-06
3.015886080000000126e+23 2.233378276873289165e-27 3.133575979864133973e-12 9.093101017984992531e-09 2.269640171971419595e-03 7.730815456357524340e+01 2.602069129709135000e+15 8.335839927667599582e-06
3.016626720000000037e+23 2.232306512544425804e-27 3.132072224324027917e-12 9.093101017984992531e-09 2.268551006109611676e-03 7.733289713163489409e+01 2.602742601142931000e+15 8.335839927667599582e-06
3.017367359999999948e+23 2.231235262538983382e-27 3.130569190413362423e-12 9.093101017984992531e-09 2.267462362921955545e-03 7.735764761858349914e+01 2.603416072576727000e+15 8.335839927667599582e-06
3.018107999999999858e+23 2.230164526610145393e-27 3.129066877785838409e-12 9.093101017984992531e-09 2.266374242157627970e-03 7.738240602695553605e+01 2.604089544010523000e+15 8.335839927667599582e-06
3.018848640000000105e+23 2.229094304511212279e-27 3.127565286095321180e-12 9.093101017984992531e-09 2.265286643565924112e-03 7.740717235928624973e+01 2.604763015444319500e+15 8.335839927667599582e-06
3.019589280000000016e+23 2.228024595995606810e-27 3.126064414995844058e-12 9.093101017984992531e-09 2.264199566896262297e-03 7.743194661811176616e+01 2.605436486878115500e+15 8.335839927667599582e-06
3.020329919999999927e+23 2.226955400816867623e-27 3.124564264141607986e-12 9.093101017984992531e-09 2.263113011898180114e-03 7.745672880596890764e+01 2.606109958311911000e+15 8.335839927667599582e-06
3.021070559999999837e+23 2.225886718728652459e-27 3.123064833186978291e-12 9.093101017984992531e-09 2.262026978321335716e-03 7.748151892539536334e+01 2.606783429745707000e+15 8.335839927667599582e-06
3.021811200000000084e+23 2.224818549484738514e-27 3.121566121786487513e-12 9.093101017984992531e-09 2.260941465915508250e-03 7.750631697892964667e+01 2.607456901179503500e+15 8.335839927667599582e-06
3.022551839999999995e+23 2.223750892839022083e-27 3.120068129594836620e-12 9.093101017984992531e-09 2.259856474430598297e-03 7.753112296911099577e+01 2.608130372613299500e+15 8.335839927667599582e-06
3.023292479999999906e+23 2.222683748545517128e-27 3.118570856266890558e-12 9.093101017984992531e-09 2.258772003616626133e-03 7.755593689847950145e+01 2.608803844047095500e+15 8.335839927667599582e-06
3.024033119999999816e+23 2.221617116358357782e-27 3.117074301457683912e-12 9.093101017984992531e-09 2.257688053223733463e-03 7.758075876957602190e+01 2.609477315480891500e+15 8.335839927667599582e-06
3.024773759999999727e+23 2.220550996031795128e-27 3.115578464822414845e-12 9.093101017984992531e-09 2.256604623002181689e-03 7.760558858494222534e+01 2.610150786914687500e+15 8.335839927667599582e-06
3.025514400000000309e+23 2.219485387320200424e-27 3.114083346016449540e-12 9.093101017984992531e-09 2.255521712702353646e-03 7.763042634712057577e+01 2.610824258348484000e+15 8.335839927667599582e-06
3.026255040000000220e+23 2.218420289978063667e-27 3.112588944695322203e-12 9.093101017984992531e-09 2.254439322074753595e-03 7.765527205865429039e+01 2.611497729782280000e+15 8.335839927667599582e-06
3.026995680000000131e+23 2.217355703759993597e-27 3.111095260514732232e-12 9.093101017984992531e-09 2.253357450870005496e-03 7.768012572208742483e+01 2.612171201216076000e+15 8.335839927667599582e-06
3.027736320000000042e+23 2.216291628420701548e-27 3.109602293130523217e-12 9.093101017984992531e-09 2.252276098838838260e-03 7.770498733996517160e+01 2.612844672649872000e+15 8.335839927667599582e-06
3.028476959999999953e+23 2.215228063715012934e-27 3.108110042198700709e-12 9.093101017984992531e-09 2.251195265732097023e-03 7.772985691483364690e+01 2.613518144083668000e+15 8.335839927667599582e-06
3.029217599999999864e+23 2.214165009397884822e-27 3.106618507375452016e-12 9.093101017984992531e-09 2.250114951300759628e-03 7.775473444923942168e+01 2.614191615517463500e+15 8.335839927667599582e-06
3.029958239999999775e+23 2.213102465224390149e-27 3.105127688317128829e-12 9.093101017984992531e-09 2.249035155295922312e-03 7.777961994572993376e+01 2.614865086951259500e+15 8.335839927667599582e-06
3.030698879999999685e+23 2.212040430949719161e-27 3.103637584680247226e-12 9.093101017984992531e-09 2.247955877468801010e-03 7.780451340685345940e+01 2.615538558385055500e+15 8.335839927667599582e-06
3.031439520000000267e+23 2.210978906329178329e-27 3.102148196121486054e-12 9.093101017984992531e-09 2.246877117570729183e-03 7.782941483515911330e+01 2.616212029818852000e+15 8.335839927667599582e-06
3.032180160000000178e+23 2.209917891118193943e-27 3.100659522297692185e-12 9.093101017984992531e-09 2.245798875353161722e-03 7.785432423319674911e+01 2.616885501252648000e+15 8.335839927667599582e-06
3.032920800000000089e+23 2.208857385072307087e-27 3.099171562865873641e-12 9.093101017984992531e-09 2.244721150567670614e-03 7.787924160351711578e+01 2.617558972686444000e+15 8.335839927667599582e-06
3.033661440000000000e+23 2.207797387947175074e-27 3.097684317483202026e-12 9.093101017984992531e-09 2.243643942965946238e-03 7.790416694867181491e+01 2.618232444120240000e+15 8.335839927667599582e-06
3.034402079999999911e+23 2.206737899498573599e-27 3.096197785807014943e-12 9.093101017984992531e-09 2.242567252299799106e-03 7.792910027121320127e+01 2.618905915554036000e+15 8.335839927667599582e-06
3.035142719999999822e+23 2.205678919482395663e-27 3.094711967494813978e-12 9.093101017984992531e-09 2.241491078321158556e-03 7.795404157369449649e+01 2.619579386987832000e+15 8.335839927667599582e-06
3.035883359999999733e+23 2.204620447654650494e-27 3.093226862204262680e-12 9.093101017984992531e-09 2.240415420782071888e-03 7.797899085866971802e+01 2.620252858421628000e+15 8.335839927667599582e-06
3.036624000000000315e+23 2.203562483771462835e-27 3.091742469593190599e-12 9.093101017984992531e-09 2.239340279434705230e-03 7.800394812869373595e+01 2.620926329855424500e+15 8.335839927667599582e-06
3.037364640000000225e+23 2.202505027589079396e-27 3.090258789319594095e-12 9.093101017984992531e-09 2.238265654031346575e-03 7.802891338632215934e+01 2.621599801289220500e+15 8.335839927667599582e-06
3.038105280000000136e+23 2.201448078863858812e-27 3.088775821041629066e-12 9.093101017984992531e-09 2.237191544324399275e-03 7.805388663411152095e+01 2.622273272723016500e+15 8.335839927667599582e-06
3.038845920000000047e+23 2.200391637352278459e-27 3.087293564417617010e-12 9.093101017984992531e-09 2.236117950066386813e-03 7.807886787461907829e+01 2.622946744156812500e+15 8.335839927667599582e-06
3.039586559999999958e+23 2.199335702810933017e-27 3.085812019106044617e-12 9.093101017984992531e-09 2.235044871009951931e-03 7.810385711040296997e+01 2.623620215590608500e+15 8.335839927667599582e-06
3.040327199999999869e+23 2.198280274996534114e-27 3.084331184765562962e-12 9.093101017984992531e-09 2.233972306907855768e-03 7.812885434402211615e+01 2.624293687024404500e+15 8.335839927667599582e-06
3.041067839999999780e+23 2.197225353665910325e-27 3.082851061054985085e-12 9.093101017984992531e-09 2.232900257512978725e-03 7.815385957803624706e+01 2.624967158458200500e+15 8.335839927667599582e-06
3.041808479999999691e+23 2.196170938576007530e-27 3.081371647633290834e-12 9.093101017984992531e-09 2.231828722578320465e-03 7.817887281500591712e+01 2.625640629891996000e+15 8.335839927667599582e-06
3.042549120000000273e+23 2.195117029483886402e-27 3.079892944159621616e-12 9.093101017984992531e-09 2.230757701856997746e-03 7.820389405749250500e+01 2.626314101325793000e+15 8.335839927667599582e-06
3.043289760000000184e+23 2.194063626146729586e-27 3.078414950293286859e-12 9.093101017984992531e-09 2.229687195102249622e-03 7.822892330805814254e+01 2.626987572759589000e+15 8.335839927667599582e-06
3.044030400000000094e+23 2.193010728321832008e-27 3.076937665693756338e-12 9.093101017984992531e-09 2.228617202067431375e-03 7.825396056926585686e+01 2.627661044193385000e+15 8.335839927667599582e-06
3.044771040000000005e+23 2.191958335766607335e-27 3.075461090020666234e-12 9.093101017984992531e-09 2.227547722506017548e-03 7.827900584367937142e+01 2.628334515627180500e+15 8.335839927667599582e-06
3.045511679999999916e+23 2.190906448238585822e-27 3.073985222933815094e-12 9.093101017984992531e-09 2.226478756171601948e-03 7.830405913386331918e+01 2.629007987060976500e+15 8.335839927667599582e-06
3.046252319999999827e+23 2.189855065495416106e-27 3.072510064093167063e-12 9.093101017984992531e-09 2.225410302817897642e-03 7.832912044238311466e+01 2.629681458494772500e+15 8.335839927667599582e-06
3.046992959999999738e+23 2.188804187294861977e-27 3.071035613158849863e-12 9.093101017984992531e-09 2.224342362198735660e-03 7.835418977180491140e+01 2.630354929928568500e+15 8.335839927667599582e-06
3.047733600000000320e+23 2.187753813394804530e-27 3.069561869791154796e-12 9.093101017984992531e-09 2.223274934068066293e-03 7.837926712469577240e+01 2.631028401362365000e+15 8.335839927667599582e-06
3.048474240000000231e+23 2.186703943553244677e-27 3.068088833650541184e-12 9.093101017984992531e-09 2.222208018179960831e-03 7.840435250362344277e+01 2.631701872796161000e+15 8.335839927667599582e-06
3.049214880000000142e+23 2.185654577528295972e-27 3.066616504397627080e-12 9.093101017984992531e-09 2.221141614288605921e-03 7.842944591115654873e+01 2.632375344229957000e+15 8.335839927667599582e-06
3.049955520000000052e+23 2.184605715078192503e-27 3.065144881693196944e-12 9.093101017984992531e-09 2.220075722148309640e-03 7.845454734986449807e+01 2.633048815663753000e+15 8.335839927667599582e-06
3.050696159999999963e+23 2.183557355961271673e-27 3.063673965198185081e-12 9.093101017984992531e-09 2.219010341513486320e-03 7.847965682231777862e+01 2.633722287097549000e+15 8.335839927667599582e-06
3.051436799999999874e+23 2.182509499935978505e-27 3.062203754573672813e-12 9.093101017984992531e-09 2.217945472138658711e-03 7.850477433108791558e+01 2.634395758531345000e+15 8.335839927667599582e-06
3.052177439999999785e+23 2.181462146760887883e-27 3.060734249480924430e-12 9.093101017984992531e-09 2.216881113778481835e-03 7.852989987874688893e+01 2.635069229965141000e+15 8.335839927667599582e-06
3.052918079999999696e+23 2.180415296194690560e-27 3.059265449581368201e-12 9.093101017984992531e-09 2.215817266187728677e-03 7.855503346786757390e+01 2.635742701398937000e+15 8.335839927667599582e-06
3.053658720000000278e+23 2.179368947996192446e-27 3.057797354536591938e-12 9.093101017984992531e-09 2.214753929121288448e-03 7.858017510102364156e+01 2.636416172832733500e+15 8.335839927667599582e-06
3.054399360000000189e+23 2.178323101924316393e-27 3.056329964008349854e-12 9.093101017984992531e-09 2.213691102334170487e-03 7.860532478078953034e+01 2.637089644266529500e+15 8.335839927667599582e-06
3.055140000000000100e+23 2.177277757738098615e-27 3.054863277658552878e-12 9.093101017984992531e-09 2.212628785581498194e-03 7.863048250974060238e+01 2.637763115700325500e+15 8.335839927667599582e-06
3.055880640000000010e+23 2.176232915196690480e-27 3.053397295149275514e-12 9.093101017984992531e-09 2.211566978618512928e-03 7.865564829045302986e+01 2.638436587134121500e+15 8.335839927667599582e-06
3.056621279999999921e+23 2.175188574059360660e-27 3.051932016142755039e-12 9.093101017984992531e-09 2.210505681200574009e-03 7.868082212550379495e+01 2.639110058567917000e+15 8.335839927667599582e-06
3.057361919999999832e+23 2.174144734085489751e-27 3.050467440301387863e-12 9.093101017984992531e-09 2.209444893083156117e-03 7.870600401747076091e+01 2.639783530001713000e+15 8.335839927667599582e-06
3.058102559999999743e+23 2.173101395034577450e-27 3.049003567287734785e-12 9.093101017984992531e-09 2.208384614021853196e-03 7.873119396893255839e+01 2.640457001435509000e+15 8.335839927667599582e-06
3.058843200000000325e+23 2.172058556666235377e-27 3.047540396764516140e-12 9.093101017984992531e-09 2.207324843772374545e-03 7.875639198246871331e+01 2.641130472869306000e+15 8.335839927667599582e-06
3.059583840000000236e+23 2.171016218740193175e-27 3.046077928394617054e-12 9.093101017984992531e-09 2.206265582090548294e-03 7.878159806065949056e+01 2.641803944303101500e+15 8.335839927667599582e-06
3.060324480000000147e+23 2.169974381016294565e-27 3.044616161841082194e-12 9.093101017984992531e-09 2.205206828732319234e-03 7.880681220608605031e+01 2.642477415736897500e+15 8.335839927667599582e-06
3.061065120000000058e+23 2.168933043254498061e-27 3.043155096767117783e-12 9.093101017984992531e-09 2.204148583453748381e-03 7.883203442133036276e+01 2.643150887170693500e+15 8.335839927667599582e-06
3.061805759999999969e+23 2.167892205214878050e-27 3.041694732836091604e-12 9.093101017984992531e-09 2.203090846011014278e-03 7.885726470897522233e+01 2.643824358604489500e+15 8.335839927667599582e-06
3.062546399999999879e+23 2.166851866657623710e-27 3.040235069711535019e-12 9.093101017984992531e-09 2.202033616160412998e-03 7.888250307160426189e+01 2.644497830038285500e+15 8.335839927667599582e-06
3.063287039999999790e+23 2.165812027343040450e-27 3.038776107057139331e-12 9.093101017984992531e-09 2.200976893658357705e-03 7.890774951180186747e+01 2.645171301472081500e+15 8.335839927667599582e-06
3.064027679999999701e+23 2.164772687031548116e-27 3.037317844536758616e-12 9.093101017984992531e-09 2.199920678261378659e-03 7.893300403215333461e+01 2.645844772905877500e+15 8.335839927667599582e-06
3.064768320000000283e+23 2.163733845483680987e-27 3.035860281814406488e-12 9.093101017984992531e-09 2.198864969726121912e-03 7.895826663524476885e+01 2.646518244339674000e+15 8.335839927667599582e-06
3.065508960000000194e+23 2.162695502460092442e-27 3.034403418554264176e-12 9.093101017984992531e-09 2.197809767809354511e-03 7.898353732366300051e+01 2.647191715773470000e+15 8.335839927667599582e-06
3.066249600000000105e+23 2.161657657721545993e-27 3.032947254420667202e-12 9.093101017984992531e-09 2.196755072267956264e-03 7.900881609999579780e+01 2.647865187207266000e+15 8.335839927667599582e-06
3.066990240000000016e+23 2.160620311028923889e-27 3.031491789078117894e-12 9.093101017984992531e-09 2.195700882858926672e-03 7.903410296683165370e+01 2.648538658641062000e+15 8.335839927667599582e-06
3.067730879999999927e+23 2.159583462143222818e-27 3.030037022191277716e-12 9.093101017984992531e-09 2.194647199339381464e-03 7.905939792675992805e+01 2.649212130074858000e+15 8.335839927667599582e-06
3.068471519999999837e+23 2.158547110825553541e-27 3.028582953424971712e-12 9.093101017984992531e-09 2.193594021466553461e-03 7.908470098237080492e+01 2.649885601508654000e+15 8.335839927667599582e-06
3.069212159999999748e+23 2.157511256837143770e-27 3.027129582444184865e-12 9.093101017984992531e-09 2.192541348997793446e-03 7.911001213625524997e+01 2.650559072942450000e+15 8.335839927667599582e-06
3.069952800000000330e+23 2.156475899939334932e-27 3.025676908914064126e-12 9.093101017984992531e-09 2.191489181690567563e-03 7.913533139100505309e+01 2.651232544376246500e+15 8.335839927667599582e-06
3.070693440000000241e+23 2.155441039893586120e-27 3.024224932499921232e-12 9.093101017984992531e-09 2.190437519302462083e-03 7.916065874921278578e+01 2.651906015810042500e+15 8.335839927667599582e-06
3.071434080000000152e+23 2.154406676461470145e-27 3.022773652867226249e-12 9.093101017984992531e-09 2.189386361591178203e-03 7.918599421347185796e+01 2.652579487243838000e+15 8.335839927667599582e-06
3.072174720000000063e+23 2.153372809404674252e-27 3.021323069681612416e-12 9.093101017984992531e-09 2.188335708314534649e-03 7.921133778637650380e+01 2.653252958677634000e+15 8.335839927667599582e-06
3.072915359999999974e+23 2.152339438485002275e-27 3.019873182608873321e-12 9.093101017984992531e-09 2.187285559230467240e-03 7.923668947052173905e+01 2.653926430111430000e+15 8.335839927667599582e-06
3.073655999999999885e+23 2.151306563464365311e-27 3.018423991314956032e-12 9.093101017984992531e-09 2.186235914097021515e-03 7.926204926850360266e+01 2.654599901545226000e+15 8.335839927667599582e-06
3.074396639999999796e+23 2.150274184104772747e-27 3.016975495465942922e-12 9.093101017984992531e-09 2.185186772672342761e-03 7.928741718291929885e+01 2.655273372979022000e+15 8.335839927667599582e-06
3.075137279999999706e+23 2.149242300168366342e-27 3.015527694728104176e-12 9.093101017984992531e-09 2.184138134714710706e-03 7.931279321636645818e+01 2.655946844412818000e+15 8.335839927667599582e-06
3.075877920000000288e+23 2.148210911417399065e-27 3.014080588767863863e-12 9.093101017984992531e-09 2.183089999982518268e-03 7.933817737144363491e+01 2.656620315846614500e+15 8.335839927667599582e-06
3.076618560000000199e+23 2.147180017614242264e-27 3.012634177251815288e-12 9.093101017984992531e-09 2.182042368234278929e-03 7.936356965075006542e+01 2.657293787280410500e+15 8.335839927667599582e-06
3.077359200000000110e+23 2.146149618521376702e-27 3.011188459846702001e-12 9.093101017984992531e-09 2.180995239228616326e-03 7.938897005688598085e+01 2.657967258714206500e+15 8.335839927667599582e-06
3.078099840000000021e+23 2.145119713901399011e-27 3.009743436219432346e-12 9.093101017984992531e-09 2.179948612724272924e-03 7.941437859245230868e+01 2.658640730148002500e+15 8.335839927667599582e-06
3.078840479999999932e+23 2.144090303517017749e-27 3.008299106037070164e-12 9.093101017984992531e-09 2.178902488480104378e-03 7.943979526005098535e+01 2.659314201581798500e+15 8.335839927667599582e-06
3.079581119999999843e+23 2.143061387131055908e-27 3.006855468966841260e-12 9.093101017984992531e-09 2.177856866255083006e-03 7.946522006228464363e+01 2.659987673015594500e+15 8.335839927667599582e-06
3.080321759999999754e+23 2.142032964506450200e-27 3.005412524676129364e-12 9.093101017984992531e-09 2.176811745808296481e-03 7.949065300175682580e+01 2.660661144449390500e+15 8.335839927667599582e-06
3.081062399999999664e+23 2.141005035406250696e-27 3.003970272832479359e-12 9.093101017984992531e-09 2.175767126898947405e-03 7.951609408107192678e+01 2.661334615883186500e+15 8.335839927667599582e-06
3.081803040000000246e+23 2.139977599593620466e-27 3.002528713103593243e-12 9.093101017984992531e-09 2.174723009286353738e-03 7.954154330283509466e+01 2.662008087316983000e+15 8.335839927667599582e-06
3.082543680000000157e+23 2.138950656831837736e-27 3.001087845157334576e-12 9.093101017984992531e-09 2.173679392729950099e-03 7.956700066965242968e+01 2.662681558750779000e+15 8.335839927667599582e-06
3.083284320000000068e+23 2.137924206884293371e-27 2.999647668661724838e-12 9.093101017984992531e-09 2.172636276989285600e-03 7.959246618413074259e+01 2.663355030184575000e+15 8.335839927667599582e-06
3.084024959999999979e+23 2.136898249514491239e-27 2.998208183284945051e-12 9.093101017984992531e-09 2.171593661824024277e-03 7.961793984887778208e+01 2.664028501618371000e+15 8.335839927667599582e-06
3.084765599999999890e+23 2.135872784486048925e-27 2.996769388695335371e-12 9.093101017984992531e-09 2.170551546993945962e-03 7.964342166650206423e+01 2.664701973052167000e+15 8.335839927667599582e-06
3.085506239999999801e+23 2.134847811562698451e-27 2.995331284561395897e-12 9.093101017984992531e-09 2.169509932258946276e-03 7.966891163961300037e+01 2.665375444485962500e+15 8.335839927667599582e-06
3.086246879999999712e+23 2.133823330508284478e-27 2.993893870551785056e-12 9.093101017984992531e-09 2.168468817379035768e-03 7.969440977082075506e+01 2.666048915919758500e+15 8.335839927667599582e-06
3.086987520000000294e+23 2.132799341086765029e-27 2.992457146335321219e-12 9.093101017984992531e-09 2.167428202114339911e-03 7.971991606273641651e+01 2.666722387353555000e+15 8.335839927667599582e-06
3.087728160000000204e+23 2.131775843062213997e-27 2.991021111580983910e-12 9.093101017984992531e-09 2.166388086225102139e-03 7.974543051797175508e+01 2.667395858787351000e+15 8.335839927667599582e-06
3.088468800000000115e+23 2.130752836198815765e-27 2.989585765957908962e-12 9.093101017984992531e-09 2.165348469471678212e-03 7.977095313913952168e+01 2.668069330221147000e+15 8.335839927667599582e-06
3.089209440000000026e+23 2.129730320260870226e-27 2.988151109135393766e-12 9.093101017984992531e-09 2.164309351614540546e-03 7.979648392885323460e+01 2.668742801654943000e+15 8.335839927667599582e-06
3.089950079999999937e+23 2.128708295012790277e-27 2.986717140782893235e-12 9.093101017984992531e-09 2.163270732414277354e-03 7.982202288972720794e+01 2.669416273088739000e+15 8.335839927667599582e-06
3.090690719999999848e+23 2.127686760219102530e-27 2.985283860570023433e-12 9.093101017984992531e-09 2.162232611631591771e-03 7.984757002437659423e+01 2.670089744522535000e+15 8.335839927667599582e-06
3.091431359999999759e+23 2.126665715644446240e-27 2.983851268166558352e-12 9.093101017984992531e-09 2.161194989027302293e-03 7.987312533541742710e+01 2.670763215956331000e+15 8.335839927667599582e-06
3.092171999999999670e+23 2.125645161053575457e-27 2.982419363242431520e-12 9.093101017984992531e-09 2.160157864362342774e-03 7.989868882546646489e+01 2.671436687390127000e+15 8.335839927667599582e-06
3.092912640000000252e+23 2.124625096211357231e-27 2.980988145467736005e-12 9.093101017984992531e-09 2.159121237397762429e-03 7.992426049714137548e+01 2.672110158823923500e+15 8.335839927667599582e-06
3.093653280000000163e+23 2.123605520882772330e-27 2.979557614512725627e-12 9.093101017984992531e-09 2.158085107894727132e-03 7.994984035306057990e+01 2.672783630257719500e+15 8.335839927667599582e-06
3.094393920000000073e+23 2.122586434832915601e-27 2.978127770047811725e-12 9.093101017984992531e-09 2.157049475614516813e-03 7.997542839584335184e+01 2.673457101691515500e+15 8.335839927667599582e-06
3.095134559999999984e+23 2.121567837826994888e-27 2.976698611743566388e-12 9.093101017984992531e-09 2.156014340318527199e-03 8.000102462810976078e+01 2.674130573125311500e+15 8.335839927667599582e-06
3.095875199999999895e+23 2.120549729630330681e-27 2.975270139270718418e-12 9.093101017984992531e-09 2.154979701768268939e-03 8.002662905248070047e+01 2.674804044559107500e+15 8.335839927667599582e-06
3.096615839999999806e+23 2.119532110008353956e-27 2.973842352300152117e-12 9.093101017984992531e-09 2.153945559725364139e-03 8.005224167157804516e+01 2.675477515992903500e+15 8.335839927667599582e-06
3.097356479999999717e+23 2.118514978726588602e-27 2.972415250502883055e-12 9.093101017984992531e-09 2.152911913951529883e-03 8.007786248802489126e+01 2.676150987426699500e+15 8.335839927667599582e-06
3.098097120000000299e+23 2.117498335550686578e-27 2.970988833550104514e-12 9.093101017984992531e-09 2.151878764208612922e-03 8.010349150444486099e+01 2.676824458860496000e+15 8.335839927667599582e-06
3.098837760000000210e+23 2.116482180246416068e-27 2.969563101113174566e-12 9.093101017984992531e-09 2.150846110258578837e-03 8.012912872346230131e+01 2.677497930294292000e+15 8.335839927667599582e-06
3.099578400000000121e+23 2.115466512579655389e-27 2.968138052863604363e-12 9.093101017984992531e-09 2.149813951863503800e-03 8.015477414770242603e+01 2.678171401728088000e+15 8.335839927667599582e-06
3.100319040000000031e+23 2.114451332316394066e-27 2.966713688473062169e-12 9.093101017984992531e-09 2.148782288785578472e-03 8.018042777979134428e+01 2.678844873161883500e+15 8.335839927667599582e-06
3.101059679999999942e+23 2.113436639222734624e-27 2.965290007613375386e-12 9.093101017984992531e-09 2.147751120787108007e-03 8.020608962235600359e+01 2.679518344595679500e+15 8.335839927667599582e-06
3.101800319999999853e+23 2.112422433064891869e-27 2.963867009956527319e-12 9.093101017984992531e-09 2.146720447630510748e-03 8.023175967802414732e+01 2.680191816029475500e+15 8.335839927667599582e-06
3.102540959999999764e+23 2.111408713609191100e-27 2.962444695174657178e-12 9.093101017984992531e-09 2.145690269078318231e-03 8.025743794942448517e+01 2.680865287463271500e+15 8.335839927667599582e-06
3.103281599999999675e+23 2.110395480622070615e-27 2.961023062940062095e-12 9.093101017984992531e-09 2.144660584893176482e-03 8.028312443918643737e+01 2.681538758897067500e+15 8.335839927667599582e-06
3.104022240000000257e+23 2.109382733870078843e-27 2.959602112925195511e-12 9.093101017984992531e-09 2.143631394837843852e-03 8.030881914994037629e+01 2.682212230330864000e+15 8.335839927667599582e-06
3.104762880000000168e+23 2.108370473119879724e-27 2.958181844802670004e-12 9.093101017984992531e-09 2.142602698675195351e-03 8.033452208431742747e+01 2.682885701764660000e+15 8.335839927667599582e-06
3.105503520000000079e+23 2.107358698138245537e-27 2.956762258245253649e-12 9.093101017984992531e-09 2.141574496168217011e-03 8.036023324494965436e+01 2.683559173198456000e+15 8.335839927667599582e-06
3.106244159999999990e+23 2.106347408692062996e-27 2.955343352925871236e-12 9.093101017984992531e-09 2.140546787080009790e-03 8.038595263446987360e+01 2.684232644632252000e+15 8.335839927667599582e-06
3.106984799999999900e+23 2.105336604548327510e-27 2.953925128517603456e-12 9.093101017984992531e-09 2.139519571173786969e-03 8.041168025551183973e+01 2.684906116066048000e+15 8.335839927667599582e-06
3.107725439999999811e+23 2.104326285474149642e-27 2.952507584693691351e-12 9.093101017984992531e-09 2.138492848212877190e-03 8.043741611071007469e+01 2.685579587499844000e+15 8.335839927667599582e-06
3.108466079999999722e+23 2.103316451236750444e-27 2.951090721127529036e-12 9.093101017984992531e-09 2.137466617960721849e-03 8.046316020269996727e+01 2.686253058933640000e+15 8.335839927667599582e-06
3.109206720000000304e+23 2.102307101603461458e-27 2.949674537492669764e-12 9.093101017984992531e-09 2.136440880180875534e-03 8.048891253411775892e+01 2.686926530367436500e+15 8.335839927667599582e-06
3.109947360000000215e+23 2.101298236341729737e-27 2.948259033462825114e-12 9.093101017984992531e-09 2.135415634637009060e-03 8.051467310760048690e+01 2.687600001801232500e+15 8.335839927667599582e-06
3.110688000000000126e+23 2.100289855219111033e-27 2.946844208711860550e-12 9.093101017984992531e-09 2.134390881092903831e-03 8.054044192578606953e+01 2.688273473235028500e+15 8.335839927667599582e-06
3.111428640000000037e+23 2.099281958003273735e-27 2.945430062913800269e-12 9.093101017984992531e-09 2.133366619312456608e-03 8.056621899131322095e+01 2.688946944668824500e+15 8.335839927667599582e-06
3.112169279999999948e+23 2.098274544461998878e-27 2.944016595742825582e-12 9.093101017984992531e-09 2.132342849059677779e-03 8.059200430682155059e+01 2.689620416102620500e+15 8.335839927667599582e-06
3.112909919999999858e+23 2.097267614363178702e-27 2.942603806873273300e-12 9.093101017984992531e-09 2.131319570098690920e-03 8.061779787495143523e+01 2.690293887536416000e+15 8.335839927667599582e-06
3.113650559999999769e+23 2.096261167474817373e-27 2.941191695979639774e-12 9.093101017984992531e-09 2.130296782193733668e-03 8.064359969834411856e+01 2.690967358970212000e+15 8.335839927667599582e-06
3.114391199999999680e+23 2.095255203565030980e-27 2.939780262736575241e-12 9.093101017984992531e-09 2.129274485109156848e-03 8.066940977964165427e+01 2.691640830404008000e+15 8.335839927667599582e-06
3.115131840000000262e+23 2.094249722402046819e-27 2.938369506818888263e-12 9.093101017984992531e-09 2.128252678609424912e-03 8.069522812148699131e+01 2.692314301837804500e+15 8.335839927667599582e-06
3.115872480000000173e+23 2.093244723754206624e-27 2.936959427901546539e-12 9.093101017984992531e-09 2.127231362459118102e-03 8.072105472652380342e+01 2.692987773271600500e+15 8.335839927667599582e-06
3.116613120000000084e+23 2.092240207389961540e-27 2.935550025659672057e-12 9.093101017984992531e-09 2.126210536422928118e-03 8.074688959739664540e+01 2.693661244705396500e+15 8.335839927667599582e-06
3.117353759999999995e+23 2.091236173077874996e-27 2.934141299768543918e-12 9.093101017984992531e-09 2.125190200265660717e-03 8.077273273675089627e+01 2.694334716139192500e+15 8.335839927667599582e-06
3.118094399999999906e+23 2.090232620586622704e-27 2.932733249903599959e-12 9.093101017984992531e-09 2.124170353752235715e-03 8.079858414723280191e+01 2.695008187572988500e+15 8.335839927667599582e-06
3.118835039999999816e+23 2.089229549684991942e-27 2.931325875740432300e-12 9.093101017984992531e-09 2.123150996647686552e-03 8.082444383148936140e+01 2.695681659006784500e+15 8.335839927667599582e-06
3.119575679999999727e+23 2.088226960141879401e-27 2.929919176954788971e-12 9.093101017984992531e-09 2.122132128717157257e-03 8.085031179216851172e+01 2.696355130440580500e+15 8.335839927667599582e-06
3.120316320000000309e+23 2.087224851726272174e-27 2.928513153222543205e-12 9.093101017984992531e-09 2.121113749725884665e-03 8.087618803191952566e+01 2.697028601874377000e+15 8.335839927667599582e-06
3.121056960000000220e+23 2.086223224207284702e-27 2.927107804219747165e-12 9.093101017984992531e-09 2.120095859439233982e-03 8.090207255339215919e+01 2.697702073308173000e+15 8.335839927667599582e-06
3.121797600000000131e+23 2.085222077354141917e-27 2.925703129622608108e-12 9.093101017984992531e-09 2.119078457622683171e-03 8.092796535923696410e+01 2.698375544741969000e+15 8.335839927667599582e-06
3.122538240000000042e+23 2.084221410936180676e-27 2.924299129107492023e-12 9.093101017984992531e-09 2.118061544041824253e-03 8.095386645210535903e+01 2.699049016175765000e+15 8.335839927667599582e-06
3.123278879999999953e+23 2.083221224722847246e-27 2.922895802350915554e-12 9.093101017984992531e-09 2.117045118462360272e-03 8.097977583464960105e+01 2.699722487609561000e+15 8.335839927667599582e-06
3.124019519999999864e+23 2.082221518483698747e-27 2.921493149029553266e-12 9.093101017984992531e-09 2.116029180650106593e-03 8.100569350952279990e+01 2.700395959043357000e+15 8.335839927667599582e-06
3.124760159999999775e+23 2.081222291988402785e-27 2.920091168820232399e-12 9.093101017984992531e-09 2.115013730370990906e-03 8.103161947937894638e+01 2.701069430477153000e+15 8.335839927667599582e-06
3.125500799999999685e+23 2.080223545006736382e-27 2.918689861399935692e-12 9.093101017984992531e-09 2.113998767391052358e-03 8.105755374687291237e+01 2.701742901910949000e+15 8.335839927667599582e-06
3.126241440000000267e+23 2.079225277308586329e-27 2.917289226445798962e-12 9.093101017984992531e-09 2.112984291476441550e-03 8.108349631466036556e+01 2.702416373344745500e+15 8.335839927667599582e-06
3.126982080000000178e+23 2.078227488663952063e-27 2.915889263635117565e-12 9.093101017984992531e-09 2.111970302393423576e-03 8.110944718539784049e+01 2.703089844778541500e+15 8.335839927667599582e-06
3.127722720000000089e+23 2.077230178842941354e-27 2.914489972645336298e-12 9.093101017984992531e-09 2.110956799908373684e-03 8.113540636174276699e+01 2.703763316212337500e+15 8.335839927667599582e-06
3.128463360000000000e+23 2.076233347615772106e-27 2.913091353154056268e-12 9.093101017984992531e-09 2.109943783787779012e-03 8.116137384635337071e+01 2.704436787646133000e+15 8.335839927667599582e-06
3.129203999999999911e+23 2.075236994752772711e-27 2.911693404839033674e-12 9.093101017984992531e-09 2.108931253798238589e-03 8.118734964188881520e+01 2.705110259079929000e+15 8.335839927667599582e-06
3.129944639999999822e+23 2.074241120024382409e-27 2.910296127378179010e-12 9.093101017984992531e-09 2.107919209706464632e-03 8.121333375100903140e+01 2.705783730513725000e+15 8.335839927667599582e-06
3.130685279999999733e+23 2.073245723201149856e-27 2.908899520449557053e-12 9.093101017984992531e-09 2.106907651279280383e-03 8.123932617637483133e+01 2.706457201947521000e+15 8.335839927667599582e-06
3.131425920000000315e+23 2.072250804053733477e-27 2.907503583731386871e-12 9.093101017984992531e-09 2.105896578283620538e-03 8.126532692064790808e+01 2.707130673381317500e+15 8.335839927667599582e-06
3.132166560000000225e+23 2.071256362352903981e-27 2.906108316902045455e-12 9.093101017984992531e-09 2.104885990486534287e-03 8.129133598649069370e+01 2.707804144815113500e+15 8.335839927667599582e-06
3.132907200000000136e+23 2.070262397869541133e-27 2.904713719640060047e-12 9.093101017984992531e-09 2.103875887655180538e-03 8.131735337656661500e+01 2.708477616248909500e+15 8.335839927667599582e-06
3.133647840000000047e+23 2.069268910374633752e-27 2.903319791624114599e-12 9.093101017984992531e-09 2.102866269556830526e-03 8.134337909353983775e+01 2.709151087682705500e+15 8.335839927667599582e-06
3.134388479999999958e+23 2.068275899639282581e-27 2.901926532533048564e-12 9.093101017984992531e-09 2.101857135958868240e-03 8.136941314007542303e+01 2.709824559116501500e+15 8.335839927667599582e-06
3.135129119999999869e+23 2.067283365434697776e-27 2.900533942045854069e-12 9.093101017984992531e-09 2.100848486628789126e-03 8.139545551883924190e+01 2.710498030550297500e+15 8.335839927667599582e-06
3.135869759999999780e+23 2.066291307532199625e-27 2.899142019841679144e-12 9.093101017984992531e-09 2.099840321334200954e-03 8.142150623249803232e+01 2.711171501984093500e+15 8.335839927667599582e-06
3.136610399999999691e+23 2.065299725703219264e-27 2.897750765599825704e-12 9.093101017984992531e-09 2.098832639842822950e-03 8.144756528371937065e+01 2.711844973417889500e+15 8.335839927667599582e-06
3.137351040000000273e+23 2.064308619719296883e-27 2.896360178999750355e-12 9.093101017984992531e-09 2.097825441922486229e-03 8.147363267517167174e+01 2.712518444851686000e+15 8.335839927667599582e-06
3.138091680000000184e+23 2.063317989352084598e-27 2.894970259721066419e-12 9.093101017984992531e-09 2.096818727341135963e-03 8.149970840952416040e+01 2.713191916285482000e+15 8.335839927667599582e-06
3.138832320000000094e+23 2.062327834373343936e-27 2.893581007443539482e-12 9.093101017984992531e-09 2.095812495866827049e-03 8.152579248944694257e+01 2.713865387719278000e+15 8.335839927667599582e-06
3.139572960000000005e+23 2.061338154554946199e-27 2.892192421847091442e-12 9.093101017984992531e-09 2.094806747267727570e-03 8.155188491761089153e+01 2.714538859153074000e+15 8.335839927667599582e-06
3.140313599999999916e+23 2.060348949668873176e-27 2.890804502611796464e-12 9.093101017984992531e-09 2.093801481312116634e-03 8.157798569668783273e+01 2.715212330586870000e+15 8.335839927667599582e-06
3.141054239999999827e+23 2.059360219487217147e-27 2.889417249417885022e-12 9.093101017984992531e-09 2.092796697768386106e-03 8.160409482935033054e+01 2.715885802020666000e+15 8.335839927667599582e-06
3.141794879999999738e+23 2.058371963782180164e-27 2.888030661945742685e-12 9.093101017984992531e-09 2.091792396405039740e-03 8.163021231827177360e+01 2.716559273454462000e+15 8.335839927667599582e-06
3.142535520000000320e+23 2.057384182326072615e-27 2.886644739875905274e-12 9.093101017984992531e-09 2.090788576990691011e-03 8.165633816612653106e+01 2.717232744888258500e+15 8.335839927667599582e-06
3.143276160000000231e+23 2.056396874891298161e-27 2.885259482889040683e-12 9.093101017984992531e-09 2.089785239294048372e-03 8.168247237559015161e+01 2.717906216322054000e+15 8.335839927667599582e-06
3.144016800000000142e+23 2.055410041250375613e-27 2.883874890665977959e-12 9.093101017984992531e-09 2.088782383083936933e-03 8.170861494933893709e+01 2.718579687755850000e+15 8.335839927667599582e-06
3.144757440000000052e+23 2.054423681175940731e-27 2.882490962887708923e-12 9.093101017984992531e-09 2.087780008129300636e-03 8.173476589004984305e+01 2.719253159189646000e+15 8.335839927667599582e-06
3.145498079999999963e+23 2.053437794440736535e-27 2.881107699235378873e-12 9.093101017984992531e-09 2.086778114199193141e-03 8.176092520040069189e+01 2.719926630623442000e+15 8.335839927667599582e-06
3.146238719999999874e+23 2.052452380817614383e-27 2.879725099390282957e-12 9.093101017984992531e-09 2.085776701062777832e-03 8.178709288307021552e+01 2.720600102057238000e+15 8.335839927667599582e-06
3.146979359999999785e+23 2.051467440079535404e-27 2.878343163033870203e-12 9.093101017984992531e-09 2.084775768489329113e-03 8.181326894073799849e+01 2.721273573491034000e+15 8.335839927667599582e-06
3.147719999999999696e+23 2.050482971999569424e-27 2.876961889847742718e-12 9.093101017984992531e-09 2.083775316248232413e-03 8.183945337608440695e+01 2.721947044924830000e+15 8.335839927667599582e-06
3.148460640000000278e+23 2.049498976350892452e-27 2.875581279513652053e-12 9.093101017984992531e-09 2.082775344108981144e-03 8.186564619179083024e+01 2.722620516358626500e+15 8.335839927667599582e-06
3.149201280000000189e+23 2.048515452906793142e-27 2.874201331713506872e-12 9.093101017984992531e-09 2.081775851841182780e-03 8.189184739053939666e+01 2.723293987792422500e+15 8.335839927667599582e-06
3.149941920000000100e+23 2.047532401440665612e-27 2.872822046129364473e-12 9.093101017984992531e-09 2.080776839214552344e-03 8.191805697501314398e+01 2.723967459226218500e+15 8.335839927667599582e-06
3.150682560000000010e+23 2.046549821726013037e-27 2.871443422443435636e-12 9.093101017984992531e-09 2.079778305998915451e-03 8.194427494789594846e+01 2.724640930660014500e+15 8.335839927667599582e-06
3.151423199999999921e+23 2.045567713536447646e-27 2.870065460338082602e-12 9.093101017984992531e-09 2.078780251964208736e-03 8.197050131187261002e+01 2.725314402093810500e+15 8.335839927667599582e-06
3.152163839999999832e+23 2.044586076645690004e-27 2.868688159495821093e-12 9.093101017984992531e-09 2.077782676880478990e-03 8.199673606962875283e+01 2.725987873527606500e+15 8.335839927667599582e-06
3.152904479999999743e+23 2.043604910827570451e-27 2.867311519599319503e-12 9.093101017984992531e-09 2.076785580517883593e-03 8.202297922385081108e+01 2.726661344961402500e+15 8.335839927667599582e-06
3.153645120000000325e+23 2.042624215856025150e-27 2.865935540331396073e-12 9.093101017984992531e-09 2.075788962646689211e-03 8.204923077722619951e+01 2.727334816395199000e+15 8.335839927667599582e-06
3.154385760000000236e+23 2.041643991505102549e-27 2.864560221375026563e-12 9.093101017984992531e-09 2.074792823037275268e-03 8.207549073244301496e+01 2.728008287828995000e+15 8.335839927667599582e-06
3.155126400000000147e+23 2.040664237548956920e-27 2.863185562413332943e-12 9.093101017984992531e-09 2.073797161460128741e-03 8.210175909219036328e+01 2.728681759262791000e+15 8.335839927667599582e-06
3.155867040000000058e+23 2.039684953761851594e-27 2.861811563129593492e-12 9.093101017984992531e-09 2.072801977685848496e-03 8.212803585915817450e+01 2.729355230696587000e+15 8.335839927667599582e-06
3.156607679999999969e+23 2.038706139918159669e-27 2.860438223207237951e-12 9.093101017984992531e-09 2.071807271485143556e-03 8.215432103603714609e+01 2.730028702130383000e+15 8.335839927667599582e-06
3.157348319999999879e+23 2.037727795792361148e-27 2.859065542329847520e-12 9.093101017984992531e-09 2.070813042628833096e-03 8.218061462551895602e+01 2.730702173564179000e+15 8.335839927667599582e-06
3.158088959999999790e+23 2.036749921159046165e-27 2.857693520181156478e-12 9.093101017984992531e-09 2.069819290887846882e-03 8.220691663029603546e+01 2.731375644997974500e+15 8.335839927667599582e-06
3.158829599999999701e+23 2.035772515792912114e-27 2.856322156445051777e-12 9.093101017984992531e-09 2.068826016033224399e-03 8.223322705306171088e+01 2.732049116431770500e+15 8.335839927667599582e-06
3.159570240000000283e+23 2.034795579468764727e-27 2.854951450805571020e-12 9.093101017984992531e-09 2.067833217836115289e-03 8.225954589651017557e+01 2.732722587865567000e+15 8.335839927667599582e-06
3.160310880000000194e+23 2.033819111961522018e-27 2.853581402946908525e-12 9.093101017984992531e-09 2.066840896067782384e-03 8.228587316333637602e+01 2.733396059299363000e+15 8.335839927667599582e-06
3.161051520000000105e+23 2.032843113046205677e-27 2.852212012553405223e-12 9.093101017984992531e-09 2.065849050499595201e-03 8.231220885623622507e+01 2.734069530733159000e+15 8.335839927667599582e-06
3.161792160000000016e+23 2.031867582497948957e-27 2.850843279309559161e-12 9.093101017984992531e-09 2.064857680903035581e-03 8.233855297790640293e+01 2.734743002166955000e+15 8.335839927667599582e-06
3.162532799999999927e+23 2.030892520091992014e-27 2.849475202900016616e-12 9.093101017984992531e-09 2.063866787049694652e-03 8.236490553104449930e+01 2.735416473600751000e+15 8.335839927667599582e-06
3.163273439999999837e+23 2.029917925603685137e-27 2.848107783009579366e-12 9.093101017984992531e-09 2.062876368711274999e-03 8.239126651834885706e+01 2.736089945034547000e+15 8.335839927667599582e-06
3.164014079999999748e+23 2.028943798808486232e-27 2.846741019323200649e-12 9.093101017984992531e-09 2.061886425659588927e-03 8.241763594251875702e+01 2.736763416468343000e+15 8.335839927667599582e-06
3.164754720000000330e+23 2.027970139481960827e-27 2.845374911525983954e-12 9.093101017984992531e-09 2.060896957666558029e-03 8.244401380625427578e+01 2.737436887902139500e+15 8.335839927667599582e-06
3.165495360000000241e+23 2.026996947399786372e-27 2.844009459303190692e-12 9.093101017984992531e-09 2.059907964504217523e-03 8.247040011225628575e+01 2.738110359335935500e+15 8.335839927667599582e-06
3.166236000000000152e+23 2.026024222337726414e-27 2.842644662340201830e-12 9.093101017984992531e-09 2.058919445944690230e-03 8.249679486322710886e+01 2.738783830769731500e+15 8.335839927667599582e-06
3.166976640000000063e+23 2.025051964071659654e-27 2.841280520322559891e-12 9.093101017984992531e-09 2.057931401760215630e-03 8.252319806186970652e+01 2.739457302203527500e+15 8.335839927667599582e-06
3.167717279999999974e+23 2.024080172377578511e-27 2.839917032935968554e-12 9.093101017984992531e-09 2.056943831723149433e-03 8.254960971088773647e+01 2.740130773637323500e+15 8.335839927667599582e-06
3.168457919999999885e+23 2.023108847031583022e-27 2.838554199866280536e-12 9.093101017984992531e-09 2.055956735605956199e-03 8.257602981298573752e+01 2.740804245071119500e+15 8.335839927667599582e-06
3.169198559999999796e+23 2.022137987809880845e-27 2.837192020799501228e-12 9.093101017984992531e-09 2.054970113181209777e-03 8.260245837086911536e+01 2.741477716504915000e+15 8.335839927667599582e-06
3.169939199999999706e+23 2.021167594488785464e-27 2.835830495421784248e-12 9.093101017984992531e-09 2.053983964221592438e-03 8.262889538724414251e+01 2.742151187938711000e+15 8.335839927667599582e-06
3.170679840000000288e+23 2.020197666844716907e-27 2.834469623419431852e-12 9.093101017984992531e-09 2.052998288499893569e-03 8.265534086481801523e+01 2.742824659372508000e+15 8.335839927667599582e-06
3.171420480000000199e+23 2.019228204654204972e-27 2.833109404478900581e-12 9.093101017984992531e-09 2.052013085789014882e-03 8.268179480629872558e+01 2.743498130806304000e+15 8.335839927667599582e-06
3.172161120000000110e+23 2.018259207693884210e-27 2.831749838286793592e-12 9.093101017984992531e-09 2.051028355861963907e-03 8.270825721439518929e+01 2.744171602240100000e+15 8.335839927667599582e-06
3.172901760000000021e+23 2.017290675740495714e-27 2.830390924529865101e-12 9.093101017984992531e-09 2.050044098491857463e-03 8.273472809181720322e+01 2.744845073673895500e+15 8.335839927667599582e-06
3.173642399999999932e+23 2.016322608570889271e-27 2.829032662895019571e-12 9.093101017984992531e-09 2.049060313451921654e-03 8.276120744127541684e+01 2.745518545107691500e+15 8.335839927667599582e-06
3.174383039999999843e+23 2.015355005962020139e-27 2.827675053069311313e-12 9.093101017984992531e-09 2.048077000515490572e-03 8.278769526548134650e+01 2.746192016541487500e+15 8.335839927667599582e-06
3.175123679999999754e+23 2.014387867690951552e-27 2.826318094739945692e-12 9.093101017984992531e-09 2.047094159456007596e-03 8.281419156714740382e+01 2.746865487975283500e+15 8.335839927667599582e-06
3.175864320000000336e+23 2.013421193534852212e-27 2.824961787594275096e-12 9.093101017984992531e-09 2.046111790047023659e-03 8.284069634898685308e+01 2.747538959409080000e+15 8.335839927667599582e-06
3.176604960000000246e+23 2.012454983271000235e-27 2.823606131319807006e-12 9.093101017984992531e-09 2.045129892062200715e-03 8.286720961371381122e+01 2.748212430842876000e+15 8.335839927667599582e-06
3.177345600000000157e+23 2.011489236676779561e-27 2.822251125604195518e-12 9.093101017984992531e-09 2.044148465275307837e-03 8.289373136404326203e+01 2.748885902276672000e+15 8.335839927667599582e-06
3.178086240000000068e+23 2.010523953529680316e-27 2.820896770135245787e-12 9.093101017984992531e-09 2.043167509460222953e-03 8.292026160269108459e+01 2.749559373710468000e+15 8.335839927667599582e-06
3.178826879999999979e+23 2.009559133607300248e-27 2.819543064600912004e-12 9.093101017984992531e-09 2.042187024390932411e-03 8.294680033237399641e+01 2.750232845144264000e+15 8.335839927667599582e-06
3.179567519999999890e+23 2.008594776687344721e-27 2.818190008689299822e-12 9.093101017984992531e-09 2.041207009841532281e-03 8.297334755580959609e+01 2.750906316578060000e+15 8.335839927667599582e-06
3.180308159999999801e+23 2.007630882547624568e-27 2.816837602088664741e-12 9.093101017984992531e-09 2.040227465586226183e-03 8.299990327571630644e+01 2.751579788011856000e+15 8.335839927667599582e-06
3.181048799999999712e+23 2.006667450966058601e-27 2.815485844487411297e-12 9.093101017984992531e-09 2.039248391399327027e-03 8.302646749481348820e+01 2.752253259445652000e+15 8.335839927667599582e-06
3.181789440000000294e+23 2.005704481720671816e-27 2.814134735574094276e-12 9.093101017984992531e-09 2.038269787055255709e-03 8.305304021582126950e+01 2.752926730879448500e+15 8.335839927667599582e-06
3.182530080000000204e+23 2.004741974589598982e-27 2.812784275037422350e-12 9.093101017984992531e-09 2.037291652328544582e-03 8.307962144146068795e+01 2.753600202313244500e+15 8.335839927667599582e-06
3.183270720000000115e+23 2.003779929351078181e-27 2.811434462566248784e-12 9.093101017984992531e-09 2.036313986993831381e-03 8.310621117445360539e+01 2.754273673747040500e+15 8.335839927667599582e-06
3.184011360000000026e+23 2.002818345783455834e-27 2.810085297849579518e-12 9.093101017984992531e-09 2.035336790825863565e-03 8.313280941752280739e+01 2.754947145180836000e+15 8.335839927667599582e-06
3.184751999999999937e+23 2.001857223665186340e-27 2.808736780576571145e-12 9.093101017984992531e-09 2.034360063599498312e-03 8.315941617339183267e+01 2.755620616614632000e+15 8.335839927667599582e-06
3.185492639999999848e+23 2.000896562774829565e-27 2.807388910436528486e-12 9.093101017984992531e-09 2.033383805089700354e-03 8.318603144478517208e+01 2.756294088048428000e+15 8.335839927667599582e-06
3.186233279999999759e+23 1.999936362891053354e-27 2.806041687118908634e-12 9.093101017984992531e-09 2.032408015071543710e-03 8.321265523442811229e+01 2.756967559482224000e+15 8.335839927667599582e-06
3.186973919999999670e+23 1.998976623792632454e-27 2.804695110313318122e-12 9.093101017984992531e-09 2.031432693320211254e-03 8.323928754504677840e+01 2.757641030916020000e+15 8.335839927667599582e-06
3.187714560000000252e+23 1.998017345258446361e-27 2.803349179709509695e-12 9.093101017984992531e-09 2.030457839610992545e-03 8.326592837936824765e+01 2.758314502349817000e+15 8.335839927667599582e-06
3.188455200000000163e+23 1.997058527067486497e-27 2.802003894997394020e-12 9.093101017984992531e-09 2.029483453719290332e-03 8.329257774012026516e+01 2.758987973783612500e+15 8.335839927667599582e-06
3.189195840000000073e+23 1.996100168998831815e-27 2.800659255867004550e-12 9.093101017984992531e-09 2.028509535420596702e-03 8.331923563003196875e+01 2.759661445217408500e+15 8.335839927667599582e-06
3.189936479999999984e+23 1.995142270831667449e-27 2.799315262008523776e-12 9.093101017984992531e-09 2.027536084490511731e-03 8.334590205183343414e+01 2.760334916651204500e+15 8.335839927667599582e-06
3.190677119999999895e+23 1.994184832345295486e-27 2.797971913112297765e-12 9.093101017984992531e-09 2.026563100704753886e-03 8.337257700825520601e+01 2.761008388085000500e+15 8.335839927667599582e-06
3.191417759999999806e+23 1.993227853319122398e-27 2.796629208868819605e-12 9.093101017984992531e-09 2.025590583839148324e-03 8.339926050202880958e+01 2.761681859518796500e+15 8.335839927667599582e-06
3.192158399999999717e+23 1.992271333532661563e-27 2.795287148968731825e-12 9.093101017984992531e-09 2.024618533669628184e-03 8.342595253588659432e+01 2.762355330952592500e+15 8.335839927667599582e-06
3.192899040000000299e+23 1.991315272765528597e-27 2.793945733102820741e-12 9.093101017984992531e-09 2.023646949972231126e-03 8.345265311256187601e+01 2.763028802386389000e+15 8.335839927667599582e-06
3.193639680000000210e+23 1.990359670797449963e-27 2.792604960962028976e-12 9.093101017984992531e-09 2.022675832523107130e-03 8.347936223478873785e+01 2.763702273820185000e+15 8.335839927667599582e-06
3.194380320000000121e+23 1.989404527408252572e-27 2.791264832237438097e-12 9.093101017984992531e-09 2.021705181098508095e-03 8.350607990530221514e+01 2.764375745253981000e+15 8.335839927667599582e-06
3.195120960000000031e+23 1.988449842377870592e-27 2.789925346620281936e-12 9.093101017984992531e-09 2.020734995474795636e-03 8.353280612683826689e+01 2.765049216687777000e+15 8.335839927667599582e-06
3.195861599999999942e+23 1.987495615486343661e-27 2.788586503801941345e-12 9.093101017984992531e-09 2.019765275428437191e-03 8.355954090213367635e+01 2.765722688121573000e+15 8.335839927667599582e-06
3.196602239999999853e+23 1.986541846513816526e-27 2.787248303473945407e-12 9.093101017984992531e-09 2.018796020736008615e-03 8.358628423392609363e+01 2.766396159555369000e+15 8.335839927667599582e-06
3.197342879999999764e+23 1.985588535240539399e-27 2.785910745327970627e-12 9.093101017984992531e-09 2.017827231174192017e-03 8.361303612495409254e+01 2.767069630989165000e+15 8.335839927667599582e-06
3.198083519999999675e+23 1.984635681446867961e-27 2.784573829055841739e-12 9.093101017984992531e-09 2.016858906519776624e-03 8.363979657795712797e+01 2.767743102422960500e+15 8.335839927667599582e-06
3.198824160000000257e+23 1.983683284913262285e-27 2.783237554349529688e-12 9.093101017984992531e-09 2.015891046549658349e-03 8.366656559567549323e+01 2.768416573856757500e+15 8.335839927667599582e-06
3.199564800000000168e+23 1.982731345420290420e-27 2.781901920901157285e-12 9.093101017984992531e-09 2.014923651040841958e-03 8.369334318085036273e+01 2.769090045290553000e+15 8.335839927667599582e-06
3.200305440000000079e+23 1.981779862748623372e-27 2.780566928402991129e-12 9.093101017984992531e-09 2.013956719770437602e-03 8.372012933622383457e+01 2.769763516724349000e+15 8.335839927667599582e-06
3.201046079999999990e+23 1.980828836679037975e-27 2.779232576547447257e-12 9.093101017984992531e-09 2.012990252515662985e-03 8.374692406453880267e+01 2.770436988158145000e+15 8.335839927667599582e-06
3.201786719999999900e+23 1.979878266992417245e-27 2.777898865027089942e-12 9.093101017984992531e-09 2.012024249053843365e-03 8.377372736853909885e+01 2.771110459591941000e+15 8.335839927667599582e-06
3.202527359999999811e+23 1.978928153469748950e-27 2.776565793534630873e-12 9.093101017984992531e-09 2.011058709162410248e-03 8.380053925096940759e+01 2.771783931025737000e+15 8.335839927667599582e-06
3.203267999999999722e+23 1.977978495892126682e-27 2.775233361762929570e-12 9.093101017984992531e-09 2.010093632618903132e-03 8.382735971457528024e+01 2.772457402459533000e+15 8.335839927667599582e-06
3.204008640000000304e+23 1.977029294040747710e-27 2.773901569404991761e-12 9.093101017984992531e-09 2.009129019200966895e-03 8.385418876210316341e+01 2.773130873893329500e+15 8.335839927667599582e-06
3.204749280000000215e+23 1.976080547696918354e-27 2.772570416153976657e-12 9.093101017984992531e-09 2.008164868686357005e-03 8.388102639630029955e+01 2.773804345327125500e+15 8.335839927667599582e-06
3.205489920000000126e+23 1.975132256642047174e-27 2.771239901703184426e-12 9.093101017984992531e-09 2.007201180852932580e-03 8.390787261991485479e+01 2.774477816760921500e+15 8.335839927667599582e-06
3.206230560000000037e+23 1.974184420657648916e-27 2.769910025746067508e-12 9.093101017984992531e-09 2.006237955478661593e-03 8.393472743569586214e+01 2.775151288194717500e+15 8.335839927667599582e-06
3.206971199999999948e+23 1.973237039525344150e-27 2.768580787976224553e-12 9.093101017984992531e-09 2.005275192341618266e-03 8.396159084639319303e+01 2.775824759628513500e+15 8.335839927667599582e-06
3.207711839999999858e+23 1.972290113026858199e-27 2.767252188087402034e-12 9.093101017984992531e-09 2.004312891219984377e-03 8.398846285475761420e+01 2.776498231062309500e+15 8.335839927667599582e-06
3.208452479999999769e+23 1.971343640944022208e-27 2.765924225773494660e-12 9.093101017984992531e-09 2.003351051892048821e-03 8.401534346354071658e+01 2.777171702496105500e+15 8.335839927667599582e-06
3.209193119999999680e+23 1.970397623058773151e-27 2.764596900728546172e-12 9.093101017984992531e-09 2.002389674136207613e-03 8.404223267549500065e+01 2.777845173929901500e+15 8.335839927667599582e-06
3.209933760000000262e+23 1.969452059153151316e-27 2.763270212646744102e-12 9.093101017984992531e-09 2.001428757730962585e-03 8.406913049337379107e+01 2.778518645363698000e+15 8.335839927667599582e-06
3.210674400000000173e+23 1.968506949009306046e-27 2.761944161222430270e-12 9.093101017984992531e-09 2.000468302454925726e-03 8.409603691993123675e+01 2.779192116797494000e+15 8.335839927667599582e-06
3.211415040000000084e+23 1.967562292409488563e-27 2.760618746150088666e-12 9.093101017984992531e-09 1.999508308086813107e-03 8.412295195792242453e+01 2.779865588231290000e+15 8.335839927667599582e-06
3.212155679999999995e+23 1.966618089136047306e-27 2.759293967124339799e-12 9.093101017984992531e-09 1.998548774405438811e-03 8.414987561010353545e+01 2.780539059665086000e+15 8.335839927667599582e-06
3.212896319999999906e+23 1.965674338971424344e-27 2.757969823839936252e-12 9.093101017984992531e-09 1.997589701189713199e-03 8.417680787923191588e+01 2.781212531098882000e+15 8.335839927667599582e-06
3.213636959999999816e+23 1.964731041698181562e-27 2.756646315991797012e-12 9.093101017984992531e-09 1.996631088218667194e-03 8.420374876806540954e+01 2.781886002532678000e+15 8.335839927667599582e-06
3.214377599999999727e+23 1.963788197098984519e-27 2.755323443274988489e-12 9.093101017984992531e-09 1.995672935271437971e-03 8.423069827936269860e+01 2.782559473966473500e+15 8.335839927667599582e-06
3.215118240000000309e+23 1.962845804956601011e-27 2.754001205384720074e-12 9.093101017984992531e-09 1.994715242127266357e-03 8.425765641588343158e+01 2.783232945400270000e+15 8.335839927667599582e-06
3.215858880000000220e+23 1.961903865053906097e-27 2.752679602016349791e-12 9.093101017984992531e-09 1.993758008565501595e-03 8.428462318038808121e+01 2.783906416834066000e+15 8.335839927667599582e-06
3.216599520000000131e+23 1.960962377173875998e-27 2.751358632865379853e-12 9.093101017984992531e-09 1.992801234365596582e-03 8.431159857563805815e+01 2.784579888267862000e+15 8.335839927667599582e-06
3.217340160000000042e+23 1.960021341099589892e-27 2.750038297627456264e-12 9.093101017984992531e-09 1.991844919307108729e-03 8.433858260439569676e+01 2.785253359701658000e+15 8.335839927667599582e-06
3.218080799999999953e+23 1.959080756614234215e-27 2.748718595998375275e-12 9.093101017984992531e-09 1.990889063169703436e-03 8.436557526942412721e+01 2.785926831135454000e+15 8.335839927667599582e-06
3.218821439999999864e+23 1.958140623501095135e-27 2.747399527674073694e-12 9.093101017984992531e-09 1.989933665733149316e-03 8.439257657348747443e+01 2.786600302569250000e+15 8.335839927667599582e-06
3.219562079999999775e+23 1.957200941543566435e-27 2.746081092350637770e-12 9.093101017984992531e-09 1.988978726777322105e-03 8.441958651935070179e+01 2.787273774003046000e+15 8.335839927667599582e-06
3.220302719999999685e+23 1.956261710525143065e-27 2.744763289724297542e-12 9.093101017984992531e-09 1.988024246082202486e-03 8.444660510977966794e+01 2.787947245436842000e+15 8.335839927667599582e-06
3.221043360000000267e+23 1.955322930229424363e-27 2.743446119491428447e-12 9.093101017984992531e-09 1.987070223427875662e-03 8.447363234754111261e+01 2.788620716870638500e+15 8.335839927667599582e-06
3.221784000000000178e+23 1.954384600440115136e-27 2.742129581348554157e-12 9.093101017984992531e-09 1.986116658594534821e-03 8.450066823540264238e+01 2.789294188304434500e+15 8.335839927667599582e-06
3.222524640000000089e+23 1.953446720941021711e-27 2.740813674992341321e-12 9.093101017984992531e-09 1.985163551362476367e-03 8.452771277613281597e+01 2.789967659738230500e+15 8.335839927667599582e-06
3.223265280000000000e+23 1.952509291516055884e-27 2.739498400119603203e-12 9.093101017984992531e-09 1.984210901512102956e-03 8.455476597250103055e+01 2.790641131172026500e+15 8.335839927667599582e-06
3.224005919999999911e+23 1.951572311949233122e-27 2.738183756427299276e-12 9.093101017984992531e-09 1.983258708823923498e-03 8.458182782727750748e+01 2.791314602605822500e+15 8.335839927667599582e-06
3.224746559999999822e+23 1.950635782024671493e-27 2.736869743612533612e-12 9.093101017984992531e-09 1.982306973078550982e-03 8.460889834323349135e+01 2.791988074039618500e+15 8.335839927667599582e-06
3.225487199999999733e+23 1.949699701526593453e-27 2.735556361372556085e-12 9.093101017984992531e-09 1.981355694056704652e-03 8.463597752314099409e+01 2.792661545473414500e+15 8.335839927667599582e-06
3.226227840000000315e+23 1.948764070239325492e-27 2.734243609404763187e-12 9.093101017984992531e-09 1.980404871539209136e-03 8.466306536977295139e+01 2.793335016907211000e+15 8.335839927667599582e-06
3.226968480000000225e+23 1.947828887947298850e-27 2.732931487406696812e-12 9.093101017984992531e-09 1.979454505306995314e-03 8.469016188590313732e+01 2.794008488341007000e+15 8.335839927667599582e-06
3.227709120000000136e+23 1.946894154435047723e-27 2.731619995076045064e-12 9.093101017984992531e-09 1.978504595141099449e-03 8.471726707430622128e+01 2.794681959774803000e+15 8.335839927667599582e-06
3.228449760000000047e+23 1.945959869487208903e-27 2.730309132110638623e-12 9.093101017984992531e-09 1.977555140822661456e-03 8.474438093775782477e+01 2.795355431208599000e+15 8.335839927667599582e-06
3.229190399999999958e+23 1.945026032888525368e-27 2.728998898208458014e-12 9.093101017984992531e-09 1.976606142132929234e-03 8.477150347903430827e+01 2.796028902642394500e+15 8.335839927667599582e-06
3.229931039999999869e+23 1.944092644423841977e-27 2.727689293067627147e-12 9.093101017984992531e-09 1.975657598853254333e-03 8.479863470091302702e+01 2.796702374076190500e+15 8.335839927667599582e-06
3.230671679999999780e+23 1.943159703878109055e-27 2.726380316386416140e-12 9.093101017984992531e-09 1.974709510765095422e-03 8.482577460617208942e+01 2.797375845509986500e+15 8.335839927667599582e-06
3.231412319999999691e+23 1.942227211036378808e-27 2.725071967863239710e-12 9.093101017984992531e-09 1.973761877650014821e-03 8.485292319759062707e+01 2.798049316943782500e+15 8.335839927667599582e-06
3.232152960000000273e+23 1.941295165683808548e-27 2.723764247196659587e-12 9.093101017984992531e-09 1.972814699289681534e-03 8.488008047794851052e+01 2.798722788377579000e+15 8.335839927667599582e-06
3.232893600000000184e+23 1.940363567605659981e-27 2.722457154085384122e-12 9.093101017984992531e-09 1.971867975465870816e-03 8.490724645002649140e+01 2.799396259811375000e+15 8.335839927667599582e-06
3.233634240000000094e+23 1.939432416587298128e-27 2.721150688228265447e-12 9.093101017984992531e-09 1.970921705960462442e-03 8.493442111660624505e+01 2.800069731245171000e+15 8.335839927667599582e-06
3.234374880000000005e+23 1.938501712414190247e-27 2.719844849324301101e-12 9.093101017984992531e-09 1.969975890555441134e-03 8.496160448047032787e+01 2.800743202678967000e+15 8.335839927667599582e-06
3.235115519999999916e+23 1.937571454871902247e-27 2.718539637072625140e-12 9.093101017984992531e-09 1.969030529032890497e-03 8.498879654440226261e+01 2.801416674112763000e+15 8.335839927667599582e-06
3.235856159999999827e+23 1.936641643746088647e-27 2.717235051172498036e-12 9.093101017984992531e-09 1.968085621174985207e-03 8.501599731118697889e+01 2.802090145546559000e+15 8.335839927667599582e-06
3.236596799999999738e+23 1.935712278822521986e-27 2.715931091323343439e-12 9.093101017984992531e-09 1.967141166764019636e-03 8.504320678360977581e+01 2.802763616980355000e+15 8.335839927667599582e-06
3.237337440000000320e+23 1.934783359887077042e-27 2.714627757224729997e-12 9.093101017984992531e-09 1.966197165582391371e-03 8.507042496445691881e+01 2.803437088414151500e+15 8.335839927667599582e-06
3.238078080000000231e+23 1.933854886725732628e-27 2.713325048576372568e-12 9.093101017984992531e-09 1.965253617412605121e-03 8.509765185651545494e+01 2.804110559847947500e+15 8.335839927667599582e-06
3.238818720000000142e+23 1.932926859124567999e-27 2.712022965078124952e-12 9.093101017984992531e-09 1.964310522037266207e-03 8.512488746257348282e+01 2.804784031281743500e+15 8.335839927667599582e-06
3.239559360000000052e+23 1.931999276869765367e-27 2.710721506429987964e-12 9.093101017984992531e-09 1.963367879239085335e-03 8.515213178541989691e+01 2.805457502715539500e+15 8.335839927667599582e-06
3.240299999999999963e+23 1.931072139747609542e-27 2.709420672332104999e-12 9.093101017984992531e-09 1.962425688800877727e-03 8.517938482784454379e+01 2.806130974149335500e+15 8.335839927667599582e-06
3.241040639999999874e+23 1.930145447544486857e-27 2.708120462484762025e-12 9.093101017984992531e-09 1.961483950505560955e-03 8.520664659263815111e+01 2.806804445583131500e+15 8.335839927667599582e-06
3.241781279999999785e+23 1.929219200046886238e-27 2.706820876588388797e-12 9.093101017984992531e-09 1.960542664136157541e-03 8.523391708259238442e+01 2.807477917016927500e+15 8.335839927667599582e-06
3.242521919999999696e+23 1.928293397041399571e-27 2.705521914343560474e-12 9.093101017984992531e-09 1.959601829475794525e-03 8.526119630049974774e+01 2.808151388450723000e+15 8.335839927667599582e-06
3.243262560000000278e+23 1.927368038314719904e-27 2.704223575450992366e-12 9.093101017984992531e-09 1.958661446307701295e-03 8.528848424915369719e+01 2.808824859884520000e+15 8.335839927667599582e-06
3.244003200000000189e+23 1.926443123653643599e-27 2.702925859611546804e-12 9.093101017984992531e-09 1.957721514415213058e-03 8.531578093134851315e+01 2.809498331318316000e+15 8.335839927667599582e-06
3.244743840000000100e+23 1.925518652845069256e-27 2.701628766526227479e-12 9.093101017984992531e-09 1.956782033581767801e-03 8.534308634987947073e+01 2.810171802752112000e+15 8.335839927667599582e-06
3.245484480000000010e+23 1.924594625675996998e-27 2.700332295896182276e-12 9.093101017984992531e-09 1.955843003590907597e-03 8.537040050754265508e+01 2.810845274185907500e+15 8.335839927667599582e-06
3.246225119999999921e+23 1.923671041933529186e-27 2.699036447422702463e-12 9.093101017984992531e-09 1.954904424226278602e-03 8.539772340713507504e+01 2.811518745619703500e+15 8.335839927667599582e-06
3.246965759999999832e+23 1.922747901404871855e-27 2.697741220807223094e-12 9.093101017984992531e-09 1.953966295271631053e-03 8.542505505145463474e+01 2.812192217053499500e+15 8.335839927667599582e-06
3.247706399999999743e+23 1.921825203877331484e-27 2.696446615751321396e-12 9.093101017984992531e-09 1.953028616510818190e-03 8.545239544330014780e+01 2.812865688487295500e+15 8.335839927667599582e-06
3.248447040000000325e+23 1.920902949138317151e-27 2.695152631956719190e-12 9.093101017984992531e-09 1.952091387727797984e-03 8.547974458547132315e+01 2.813539159921092000e+15 8.335839927667599582e-06
3.249187680000000236e+23 1.919981136975342324e-27 2.693859269125283298e-12 9.093101017984992531e-09 1.951154608706633575e-03 8.550710248076865128e+01 2.814212631354888000e+15 8.335839927667599582e-06
3.249928320000000147e+23 1.919059767176020917e-27 2.692566526959021902e-12 9.093101017984992531e-09 1.950218279231490234e-03 8.553446913199361745e+01 2.814886102788684000e+15 8.335839927667599582e-06
3.250668960000000058e+23 1.918138839528068722e-27 2.691274405160086974e-12 9.093101017984992531e-09 1.949282399086637316e-03 8.556184454194860223e+01 2.815559574222480000e+15 8.335839927667599582e-06
3.251409599999999969e+23 1.917218353819305208e-27 2.689982903430775083e-12 9.093101017984992531e-09 1.948346968056449127e-03 8.558922871343678196e+01 2.816233045656276000e+15 8.335839927667599582e-06
3.252150239999999879e+23 1.916298309837650645e-27 2.688692021473524560e-12 9.093101017984992531e-09 1.947411985925402971e-03 8.561662164926228513e+01 2.816906517090072000e+15 8.335839927667599582e-06
3.252890879999999790e+23 1.915378707371129336e-27 2.687401758990919145e-12 9.093101017984992531e-09 1.946477452478080671e-03 8.564402335223012130e+01 2.817579988523868000e+15 8.335839927667599582e-06
3.253631519999999701e+23 1.914459546207866388e-27 2.686112115685685150e-12 9.093101017984992531e-09 1.945543367499167698e-03 8.567143382514615269e+01 2.818253459957664000e+15 8.335839927667599582e-06
3.254372160000000283e+23 1.913540826136088789e-27 2.684823091260691059e-12 9.093101017984992531e-09 1.944609730773452739e-03 8.569885307081715098e+01 2.818926931391460500e+15 8.335839927667599582e-06
3.255112800000000194e+23 1.912622546944128276e-27 2.683534685418952374e-12 9.093101017984992531e-09 1.943676542085830952e-03 8.572628109205071212e+01 2.819600402825256500e+15 8.335839927667599582e-06
3.255853440000000105e+23 1.911704708420417389e-27 2.682246897863625157e-12 9.093101017984992531e-09 1.942743801221299190e-03 8.575371789165534153e+01 2.820273874259052500e+15 8.335839927667599582e-06
3.256594080000000016e+23 1.910787310353490190e-27 2.680959728298010463e-12 9.093101017984992531e-09 1.941811507964958392e-03 8.578116347244045414e+01 2.820947345692848000e+15 8.335839927667599582e-06
3.257334719999999927e+23 1.909870352531984057e-27 2.679673176425551522e-12 9.093101017984992531e-09 1.940879662102014229e-03 8.580861783721630331e+01 2.821620817126644000e+15 8.335839927667599582e-06
3.258075359999999837e+23 1.908953834744633224e-27 2.678387241949829294e-12 9.093101017984992531e-09 1.939948263417770819e-03 8.583608098879415138e+01 2.822294288560440000e+15 8.335839927667599582e-06
3.258815999999999748e+23 1.908037756780258021e-27 2.677101924574544290e-12 9.093101017984992531e-09 1.939017311697619449e-03 8.586355292998666755e+01 2.822967759994236000e+15 8.335839927667599582e-06
3.259556640000000330e+23 1.907122118427792857e-27 2.675817224003558176e-12 9.093101017984992531e-09 1.938086806727067849e-03 8.589103366360700420e+01 2.823641231428032500e+15 8.335839927667599582e-06
3.260297280000000241e+23 1.906206919476277965e-27 2.674533139940880042e-12 9.093101017984992531e-09 1.937156748291730653e-03 8.591852319246910952e+01 2.824314702861828500e+15 8.335839927667599582e-06
3.261037920000000152e+23 1.905292159714850435e-27 2.673249672090655898e-12 9.093101017984992531e-09 1.936227136177321806e-03 8.594602151938789802e+01 2.824988174295624500e+15 8.335839927667599582e-06
3.261778560000000063e+23 1.904377838932749957e-27 2.671966820157175540e-12 9.093101017984992531e-09 1.935297970169659121e-03 8.597352864717922216e+01 2.825661645729420500e+15 8.335839927667599582e-06
3.262519199999999974e+23 1.903463956919317382e-27 2.670684583844869727e-12 9.093101017984992531e-09 1.934369250054662542e-03 8.600104457865977281e+01 2.826335117163216500e+15 8.335839927667599582e-06
3.263259839999999885e+23 1.902550513463993647e-27 2.669402962858310174e-12 9.093101017984992531e-09 1.933440975618354362e-03 8.602856931664724982e+01 2.827008588597012500e+15 8.335839927667599582e-06
3.264000479999999796e+23 1.901637508356320494e-27 2.668121956902210772e-12 9.093101017984992531e-09 1.932513146646859439e-03 8.605610286396016306e+01 2.827682060030808500e+15 8.335839927667599582e-06
3.264741119999999706e+23 1.900724941385940109e-27 2.666841565681425561e-12 9.093101017984992531e-09 1.931585762926404980e-03 8.608364522341800296e+01 2.828355531464604500e+15 8.335839927667599582e-06
3.265481760000000288e+23 1.899812812342596201e-27 2.665561788900950350e-12 9.093101017984992531e-09 1.930658824243319891e-03 8.611119639784116941e+01 2.829029002898401000e+15 8.335839927667599582e-06
3.266222400000000199e+23 1.898901121016133280e-27 2.664282626265925140e-12 9.093101017984992531e-09 1.929732330384037377e-03 8.613875639005088658e+01 2.829702474332197000e+15 8.335839927667599582e-06
3.266963040000000110e+23 1.897989867196495944e-27 2.663004077481626446e-12 9.093101017984992531e-09 1.928806281135091259e-03 8.616632520286935915e+01 2.830375945765993000e+15 8.335839927667599582e-06
3.267703680000000021e+23 1.897079050673730314e-27 2.661726142253476189e-12 9.093101017984992531e-09 1.927880676283118570e-03 8.619390283911967288e+01 2.831049417199789000e+15 8.335839927667599582e-06
3.268444319999999932e+23 1.896168671237982234e-27 2.660448820287035634e-12 9.093101017984992531e-09 1.926955515614858262e-03 8.622148930162582303e+01 2.831722888633585000e+15 8.335839927667599582e-06
3.269184959999999843e+23 1.895258728679499433e-27 2.659172111288007409e-12 9.093101017984992531e-09 1.926030798917151851e-03 8.624908459321272858e+01 2.832396360067381000e+15 8.335839927667599582e-06
3.269925599999999754e+23 1.894349222788629364e-27 2.657896014962235909e-12 9.093101017984992531e-09 1.925106525976943636e-03 8.627668871670614692e+01 2.833069831501177000e+15 8.335839927667599582e-06
3.270666239999999664e+23 1.893440153355821363e-27 2.656620531015708106e-12 9.093101017984992531e-09 1.924182696581279830e-03 8.630430167493280180e+01 2.833743302934973000e+15 8.335839927667599582e-06
3.271406880000000246e+23 1.892531520171623772e-27 2.655345659154549105e-12 9.093101017984992531e-09 1.923259310517308560e-03 8.633192347072029804e+01 2.834416774368769000e+15 8.335839927667599582e-06
3.272147520000000157e+23 1.891623323026688971e-27 2.654071399085031431e-12 9.093101017984992531e-09 1.922336367572282691e-03 8.635955410689707890e+01 2.835090245802565000e+15 8.335839927667599582e-06
3.272888160000000068e+23 1.890715561711766551e-27 2.652797750513562110e-12 9.093101017984992531e-09 1.921413867533555047e-03 8.638719358629256817e+01 2.835763717236361000e+15 8.335839927667599582e-06
3.273628799999999979e+23 1.889808236017709062e-27 2.651524713146693164e-12 9.093101017984992531e-09 1.920491810188581670e-03 8.641484191173702811e+01 2.836437188670157000e+15 8.335839927667599582e-06
3.274369439999999890e+23 1.888901345735468424e-27 2.650252286691117577e-12 9.093101017984992531e-09 1.919570195324920734e-03 8.644249908606164468e+01 2.837110660103953000e+15 8.335839927667599582e-06
3.275110079999999801e+23 1.887994890656098793e-27 2.648980470853669695e-12 9.093101017984992531e-09 1.918649022730233630e-03 8.647016511209848488e+01 2.837784131537749000e+15 8.335839927667599582e-06
3.275850719999999712e+23 1.887088870570753336e-27 2.647709265341325229e-12 9.093101017984992531e-09 1.917728292192283227e-03 8.649783999268049683e+01 2.838457602971545000e+15 8.335839927667599582e-06
3.276591360000000294e+23 1.886183285270687101e-27 2.646438669861199638e-12 9.093101017984992531e-09 1.916808003498934312e-03 8.652552373064156654e+01 2.839131074405341500e+15 8.335839927667599582e-06
3.277332000000000204e+23 1.885278134547257016e-27 2.645168684120553785e-12 9.093101017984992531e-09 1.915888156438156839e-03 8.655321632881640426e+01 2.839804545839137500e+15 8.335839927667599582e-06
3.278072640000000115e+23 1.884373418191918658e-27 2.643899307826786261e-12 9.093101017984992531e-09 1.914968750798020508e-03 8.658091779004060129e+01 2.840478017272933500e+15 8.335839927667599582e-06
3.278813280000000026e+23 1.883469135996229129e-27 2.642630540687437423e-12 9.093101017984992531e-09 1.914049786366697802e-03 8.660862811715071530e+01 2.841151488706729500e+15 8.335839927667599582e-06
3.279553919999999937e+23 1.882565287751847049e-27 2.641362382410191417e-12 9.093101017984992531e-09 1.913131262932464419e-03 8.663634731298412817e+01 2.841824960140525500e+15 8.335839927667599582e-06
3.280294559999999848e+23 1.881661873250530409e-27 2.640094832702870927e-12 9.093101017984992531e-09 1.912213180283697756e-03 8.666407538037911706e+01 2.842498431574321500e+15 8.335839927667599582e-06
3.281035199999999759e+23 1.880758892284136209e-27 2.638827891273437979e-12 9.093101017984992531e-09 1.911295538208875175e-03 8.669181232217492550e+01 2.843171903008117500e+15 8.335839927667599582e-06
3.281775839999999670e+23 1.879856344644603957e-27 2.637561557829969306e-12 9.093101017984992531e-09 1.910378336496557951e-03 8.671955814121224648e+01 2.843845374441913500e+15 8.335839927667599582e-06
3.282516480000000252e+23 1.878954230123984012e-27 2.636295832080697949e-12 9.093101017984992531e-09 1.909461574935420120e-03 8.674731284033232726e+01 2.844518845875710000e+15 8.335839927667599582e-06
3.283257120000000163e+23 1.878052548514432197e-27 2.635030713734005182e-12 9.093101017984992531e-09 1.908545253314242835e-03 8.677507642237716823e+01 2.845192317309506000e+15 8.335839927667599582e-06
3.283997760000000073e+23 1.877151299608200836e-27 2.633766202498407580e-12 9.093101017984992531e-09 1.907629371421905263e-03 8.680284889018975036e+01 2.845865788743302000e+15 8.335839927667599582e-06
3.284738399999999984e+23 1.876250483197642339e-27 2.632502298082562277e-12 9.093101017984992531e-09 1.906713929047388701e-03 8.683063024661399254e+01 2.846539260177098000e+15 8.335839927667599582e-06
3.285479039999999895e+23 1.875350099075208484e-27 2.631239000195265347e-12 9.093101017984992531e-09 1.905798925979775059e-03 8.685842049449466629e+01 2.847212731610894000e+15 8.335839927667599582e-06
3.286219679999999806e+23 1.874450147033450419e-27 2.629976308545451803e-12 9.093101017984992531e-09 1.904884362008247081e-03 8.688621963667752368e+01 2.847886203044689500e+15 8.335839927667599582e-06
3.286960319999999717e+23 1.873550626865018660e-27 2.628714222842196812e-12 9.093101017984992531e-09 1.903970236922088340e-03 8.691402767600925472e+01 2.848559674478485500e+15 8.335839927667599582e-06
3.287700960000000299e+23 1.872651538362661658e-27 2.627452742794714077e-12 9.093101017984992531e-09 1.903056550510683021e-03 8.694184461533741626e+01 2.849233145912282000e+15 8.335839927667599582e-06
3.288441600000000210e+23 1.871752881319229743e-27 2.626191868112358262e-12 9.093101017984992531e-09 1.902143302563517879e-03 8.696967045751046044e+01 2.849906617346078000e+15 8.335839927667599582e-06
3.289182240000000121e+23 1.870854655527670821e-27 2.624931598504620545e-12 9.093101017984992531e-09 1.901230492870178545e-03 8.699750520537780574e+01 2.850580088779874000e+15 8.335839927667599582e-06
3.289922880000000031e+23 1.869956860781031808e-27 2.623671933681134279e-12 9.093101017984992531e-09 1.900318121220352565e-03 8.702534886178979434e+01 2.851253560213670000e+15 8.335839927667599582e-06
3.290663519999999942e+23 1.869059496872459705e-27 2.622412873351669736e-12 9.093101017984992531e-09 1.899406187403827667e-03 8.705320142959764951e+01 2.851927031647466000e+15 8.335839927667599582e-06
3.291404159999999853e+23 1.868162563595200166e-27 2.621154417226138149e-12 9.093101017984992531e-09 1.898494691210493275e-03 8.708106291165351820e+01 2.852600503081262000e+15 8.335839927667599582e-06
3.292144799999999764e+23 1.867266060742598931e-27 2.619896565014588884e-12 9.093101017984992531e-09 1.897583632430338996e-03 8.710893331081044266e+01 2.853273974515058000e+15 8.335839927667599582e-06
3.292885439999999675e+23 1.866369988108099673e-27 2.618639316427210649e-12 9.093101017984992531e-09 1.896673010853455700e-03 8.713681262992240306e+01 2.853947445948854000e+15 8.335839927667599582e-06
3.293626080000000257e+23 1.865474345485246512e-27 2.617382671174331501e-12 9.093101017984992531e-09 1.895762826270034436e-03 8.716470087184431748e+01 2.854620917382650500e+15 8.335839927667599582e-06
3.294366720000000168e+23 1.864579132667682936e-27 2.616126628966421259e-12 9.093101017984992531e-09 1.894853078470369254e-03 8.719259803943189979e+01 2.855294388816446500e+15 8.335839927667599582e-06
3.295107360000000079e+23 1.863684349449151442e-27 2.614871189514085860e-12 9.093101017984992531e-09 1.893943767244852866e-03 8.722050413554187287e+01 2.855967860250242500e+15 8.335839927667599582e-06
3.295847999999999990e+23 1.862789995623492820e-27 2.613616352528070584e-12 9.093101017984992531e-09 1.893034892383979465e-03 8.724841916303184064e+01 2.856641331684038500e+15 8.335839927667599582e-06
3.296588639999999900e+23 1.861896070984648665e-27 2.612362117719261668e-12 9.093101017984992531e-09 1.892126453678344509e-03 8.727634312476028811e+01 2.857314803117834500e+15 8.335839927667599582e-06
3.297329279999999811e+23 1.861002575326658506e-27 2.611108484798684699e-12 9.093101017984992531e-09 1.891218450918644069e-03 8.730427602358660977e+01 2.857988274551630500e+15 8.335839927667599582e-06
3.298069919999999722e+23 1.860109508443662316e-27 2.609855453477502987e-12 9.093101017984992531e-09 1.890310883895675049e-03 8.733221786237112383e+01 2.858661745985426500e+15 8.335839927667599582e-06
3.298810560000000304e+23 1.859216870129897643e-27 2.608603023467018787e-12 9.093101017984992531e-09 1.889403752400334530e-03 8.736016864397505799e+01 2.859335217419223000e+15 8.335839927667599582e-06
3.299551200000000215e+23 1.858324660179704275e-27 2.607351194478677331e-12 9.093101017984992531e-09 1.888497056223622812e-03 8.738812837126044997e+01 2.860008688853019000e+15 8.335839927667599582e-06
3.300291840000000126e+23 1.857432878387518498e-27 2.606099966224059561e-12 9.093101017984992531e-09 1.887590795156639072e-03 8.741609704709034645e+01 2.860682160286815000e+15 8.335839927667599582e-06
3.301032480000000037e+23 1.856541524547877044e-27 2.604849338414886571e-12 9.093101017984992531e-09 1.886684968990583753e-03 8.744407467432863257e+01 2.861355631720611000e+15 8.335839927667599582e-06
3.301773119999999948e+23 1.855650598455414936e-27 2.603599310763018800e-12 9.093101017984992531e-09 1.885779577516757911e-03 8.747206125584011716e+01 2.862029103154406500e+15 8.335839927667599582e-06
3.302513759999999858e+23 1.854760099904868361e-27 2.602349882980456435e-12 9.093101017984992531e-09 1.884874620526564301e-03 8.750005679449046170e+01 2.862702574588202500e+15 8.335839927667599582e-06
3.303254399999999769e+23 1.853870028691071082e-27 2.601101054779338199e-12 9.093101017984992531e-09 1.883970097811506076e-03 8.752806129314625139e+01 2.863376046021998500e+15 8.335839927667599582e-06
3.303995039999999680e+23 1.852980384608955511e-27 2.599852825871941352e-12 9.093101017984992531e-09 1.883066009163185698e-03 8.755607475467500933e+01 2.864049517455794500e+15 8.335839927667599582e-06
3.304735680000000262e+23 1.852091167453534060e-27 2.598605195970654226e-12 9.093101017984992531e-09 1.882162354373287600e-03 8.758409718194573657e+01 2.864722988889591000e+15 8.335839927667599582e-06
3.305476320000000173e+23 1.851202377019929268e-27 2.597358164788021056e-12 9.093101017984992531e-09 1.881259133233608100e-03 8.761212857782795993e+01 2.865396460323387000e+15 8.335839927667599582e-06
3.306216960000000084e+23 1.850314013103364841e-27 2.596111732036726635e-12 9.093101017984992531e-09 1.880356345536045434e-03 8.764016894519210155e+01 2.866069931757183000e+15 8.335839927667599582e-06
3.306957599999999995e+23 1.849426075499161341e-27 2.594865897429593080e-12 9.093101017984992531e-09 1.879453991072597800e-03 8.766821828690946461e+01 2.866743403190979000e+15 8.335839927667599582e-06
3.307698239999999906e+23 1.848538564002739415e-27 2.593620660679581043e-12 9.093101017984992531e-09 1.878552069635363361e-03 8.769627660585230444e+01 2.867416874624775000e+15 8.335839927667599582e-06
3.308438879999999816e+23 1.847651478409615851e-27 2.592376021499787696e-12 9.093101017984992531e-09 1.877650581016539156e-03 8.772434390489377165e+01 2.868090346058571000e+15 8.335839927667599582e-06
3.309179519999999727e+23 1.846764818515405731e-27 2.591131979603447937e-12 9.093101017984992531e-09 1.876749525008421975e-03 8.775242018690798318e+01 2.868763817492367000e+15 8.335839927667599582e-06
3.309920160000000309e+23 1.845878584115821353e-27 2.589888534703932375e-12 9.093101017984992531e-09 1.875848901403406833e-03 8.778050545477000810e+01 2.869437288926163500e+15 8.335839927667599582e-06
3.310660800000000220e+23 1.844992775006674382e-27 2.588645686514751368e-12 9.093101017984992531e-09 1.874948709993990662e-03 8.780859971135573971e+01 2.870110760359959500e+15 8.335839927667599582e-06
3.311401440000000131e+23 1.844107390983872984e-27 2.587403434749550577e-12 9.093101017984992531e-09 1.874048950572767538e-03 8.783670295954209450e+01 2.870784231793755500e+15 8.335839927667599582e-06
3.312142080000000042e+23 1.843222431843423259e-27 2.586161779122114202e-12 9.093101017984992531e-09 1.873149622932431717e-03 8.786481520220689845e+01 2.871457703227551500e+15 8.335839927667599582e-06
3.312882719999999953e+23 1.842337897381429598e-27 2.584920719346362554e-12 9.093101017984992531e-09 1.872250726865776769e-03 8.789293644222885860e+01 2.872131174661347500e+15 8.335839927667599582e-06
3.313623359999999864e+23 1.841453787394093610e-27 2.583680255136352867e-12 9.093101017984992531e-09 1.871352262165695357e-03 8.792106668248764834e+01 2.872804646095143500e+15 8.335839927667599582e-06
3.314363999999999775e+23 1.840570101677714838e-27 2.582440386206280507e-12 9.093101017984992531e-09 1.870454228625180113e-03 8.794920592586385055e+01 2.873478117528939000e+15 8.335839927667599582e-06
3.315104639999999685e+23 1.839686840028691116e-27 2.581201112270478164e-12 9.093101017984992531e-09 1.869556626037322759e-03 8.797735417523895762e+01 2.874151588962735000e+15 8.335839927667599582e-06
3.315845280000000267e+23 1.838804002243516421e-27 2.579962433043414239e-12 9.093101017984992531e-09 1.868659454195313249e-03 8.800551143349542826e+01 2.874825060396532000e+15 8.335839927667599582e-06
3.316585920000000178e+23 1.837921588118786248e-27 2.578724348239697687e-12 9.093101017984992531e-09 1.867762712892444103e-03 8.803367770351653121e+01 2.875498531830328000e+15 8.335839927667599582e-06
3.317326560000000089e+23 1.837039597451190083e-27 2.577486857574071156e-12 9.093101017984992531e-09 1.866866401922104334e-03 8.806185298818657259e+01 2.876172003264123500e+15 8.335839927667599582e-06
3.318067200000000000e+23 1.836158030037516420e-27 2.576249960761415827e-12 9.093101017984992531e-09 1.865970521077782917e-03 8.809003729039072539e+01 2.876845474697919500e+15 8.335839927667599582e-06
3.318807839999999911e+23 1.835276885674652405e-27 2.575013657516750611e-12 9.093101017984992531e-09 1.865075070153068794e-03 8.811823061301504367e+01 2.877518946131715500e+15 8.335839927667599582e-06
3.319548479999999822e+23 1.834396164159582043e-27 2.573777947555230534e-12 9.093101017984992531e-09 1.864180048941650215e-03 8.814643295894653363e+01 2.878192417565511500e+15 8.335839927667599582e-06
3.320289119999999733e+23 1.833515865289387270e-27 2.572542830592149156e-12 9.093101017984992531e-09 1.863285457237314098e-03 8.817464433107312516e+01 2.878865888999307500e+15 8.335839927667599582e-06
3.321029760000000315e+23 1.832635988861247243e-27 2.571308306342934941e-12 9.093101017984992531e-09 1.862391294833946886e-03 8.820286473228364343e+01 2.879539360433104000e+15 8.335839927667599582e-06
3.321770400000000225e+23 1.831756534672441200e-27 2.570074374523157311e-12 9.093101017984992531e-09 1.861497561525536073e-03 8.823109416546779471e+01 2.880212831866900000e+15 8.335839927667599582e-06
3.322511040000000136e+23 1.830877502520344165e-27 2.568841034848520591e-12 9.093101017984992531e-09 1.860604257106166946e-03 8.825933263351620894e+01 2.880886303300696000e+15 8.335839927667599582e-06
3.323251680000000047e+23 1.829998892202429093e-27 2.567608287034866025e-12 9.093101017984992531e-09 1.859711381370023888e-03 8.828758013932046822e+01 2.881559774734492000e+15 8.335839927667599582e-06
3.323992319999999958e+23 1.829120703516266875e-27 2.566376130798172184e-12 9.093101017984992531e-09 1.858818934111391898e-03 8.831583668577299306e+01 2.882233246168288000e+15 8.335839927667599582e-06
3.324732959999999869e+23 1.828242936259527052e-27 2.565144565854555770e-12 9.093101017984992531e-09 1.857926915124654419e-03 8.834410227576714192e+01 2.882906717602084000e+15 8.335839927667599582e-06
3.325473599999999780e+23 1.827365590229976024e-27 2.563913591920270005e-12 9.093101017984992531e-09 1.857035324204294640e-03 8.837237691219718272e+01 2.883580189035880000e+15 8.335839927667599582e-06
3.326214239999999691e+23 1.826488665225477765e-27 2.562683208711705835e-12 9.093101017984992531e-09 1.856144161144895064e-03 8.840066059795827869e+01 2.884253660469676000e+15 8.335839927667599582e-06
3.326954880000000273e+23 1.825612161043994542e-27 2.561453415945389517e-12 9.093101017984992531e-09 1.855253425741136639e-03 8.842895333594653096e+01 2.884927131903472500e+15 8.335839927667599582e-06
3.327695520000000184e+23 1.824736077483569695e-27 2.560224213337964029e-12 9.093101017984992531e-09 1.854363117787784666e-03 8.845725512905939070e+01 2.885600603337268000e+15 8.335839927667599582e-06
3.328436160000000094e+23 1.823860414342347730e-27 2.558995600606211697e-12 9.093101017984992531e-09 1.853473237079705923e-03 8.848556598019516173e+01 2.886274074771064000e+15 8.335839927667599582e-06
3.329176800000000005e+23 1.822985171418577538e-27 2.557767577467062672e-12 9.093101017984992531e-09 1.852583783411873228e-03 8.851388589225284420e+01 2.886947546204860000e+15 8.335839927667599582e-06
3.329917439999999916e+23 1.822110348510603080e-27 2.556540143637581199e-12 9.093101017984992531e-09 1.851694756579356973e-03 8.854221486813236197e+01 2.887621017638656000e+15 8.335839927667599582e-06
3.330658079999999827e+23 1.821235945416866247e-27 2.555313298834967635e-12 9.093101017984992531e-09 1.850806156377325998e-03 8.857055291073461945e+01 2.888294489072452000e+15 8.335839927667599582e-06
3.331398719999999738e+23 1.820361961935904713e-27 2.554087042776556432e-12 9.093101017984992531e-09 1.849917982601046937e-03 8.859890002296137368e+01 2.888967960506248000e+15 8.335839927667599582e-06
3.332139360000000320e+23 1.819488397866350500e-27 2.552861375179816136e-12 9.093101017984992531e-09 1.849030235045882918e-03 8.862725620771547597e+01 2.889641431940044500e+15 8.335839927667599582e-06
3.332880000000000231e+23 1.818615253006936430e-27 2.551636295762355444e-12 9.093101017984992531e-09 1.848142913507298335e-03 8.865562146790051656e+01 2.890314903373840500e+15 8.335839927667599582e-06
3.333620640000000142e+23 1.817742527156487524e-27 2.550411804241912300e-12 9.093101017984992531e-09 1.847256017780852123e-03 8.868399580642116575e+01 2.890988374807636500e+15 8.335839927667599582e-06
3.334361280000000052e+23 1.816870220113927451e-27 2.549187900336363187e-12 9.093101017984992531e-09 1.846369547662202962e-03 8.871237922618298910e+01 2.891661846241432500e+15 8.335839927667599582e-06
3.335101919999999963e+23 1.815998331678274586e-27 2.547964583763719082e-12 9.093101017984992531e-09 1.845483502947106464e-03 8.874077173009250430e+01 2.892335317675228500e+15 8.335839927667599582e-06
3.335842559999999874e+23 1.815126861648645239e-27 2.546741854242125462e-12 9.093101017984992531e-09 1.844597883431416899e-03 8.876917332105713854e+01 2.893008789109024500e+15 8.335839927667599582e-06
3.336583199999999785e+23 1.814255809824250783e-27 2.545519711489864320e-12 9.093101017984992531e-09 1.843712688911085902e-03 8.879758400198524271e+01 2.893682260542820500e+15 8.335839927667599582e-06
3.337323839999999696e+23 1.813385176004399809e-27 2.544298155225350937e-12 9.093101017984992531e-09 1.842827919182163550e-03 8.882600377578613404e+01 2.894355731976616500e+15 8.335839927667599582e-06
3.338064480000000278e+23 1.812514959988496328e-27 2.543077185167137109e-12 9.093101017984992531e-09 1.841943574040796417e-03 8.885443264537006769e+01 2.895029203410413000e+15 8.335839927667599582e-06
3.338805120000000189e+23 1.811645161576042646e-27 2.541856801033910341e-12 9.093101017984992531e-09 1.841059653283232123e-03 8.888287061364812303e+01 2.895702674844209000e+15 8.335839927667599582e-06
3.339545760000000100e+23 1.810775780566635774e-27 2.540637002544493041e-12 9.093101017984992531e-09 1.840176156705813264e-03 8.891131768353243103e+01 2.896376146278005000e+15 8.335839927667599582e-06
3.340286400000000010e+23 1.809906816759968864e-27 2.539417789417840902e-12 9.093101017984992531e-09 1.839293084104981100e-03 8.893977385793598955e+01 2.897049617711801000e+15 8.335839927667599582e-06
3.341027039999999921e+23 1.809038269955832282e-27 2.538199161373047750e-12 9.093101017984992531e-09 1.838410435277275335e-03 8.896823913977274856e+01 2.897723089145597000e+15 8.335839927667599582e-06
3.341767679999999832e+23 1.808170139954112177e-27 2.536981118129339891e-12 9.093101017984992531e-09 1.837528210019332819e-03 8.899671353195756751e+01 2.898396560579393000e+15 8.335839927667599582e-06
3.342508319999999743e+23 1.807302426554791557e-27 2.535763659406080547e-12 9.093101017984992531e-09 1.836646408127889278e-03 8.902519703740621537e+01 2.899070032013188500e+15 8.335839927667599582e-06
3.343248960000000325e+23 1.806435129557948493e-27 2.534546784922766232e-12 9.093101017984992531e-09 1.835765029399776503e-03 8.905368965903544165e+01 2.899743503446985000e+15 8.335839927667599582e-06
3.343989600000000236e+23 1.805568248763760424e-27 2.533330494399032801e-12 9.093101017984992531e-09 1.834884073631927763e-03 8.908219139976277745e+01 2.900416974880781000e+15 8.335839927667599582e-06
3.344730240000000147e+23 1.804701783972497701e-27 2.532114787554646163e-12 9.093101017984992531e-09 1.834003540621370436e-03 8.911070226250683390e+01 2.901090446314577000e+15 8.335839927667599582e-06
3.345470880000000058e+23 1.803835734984529328e-27 2.530899664109511574e-12 9.093101017984992531e-09 1.833123430165232081e-03 8.913922225018703216e+01 2.901763917748373000e+15 8.335839927667599582e-06
3.346211519999999969e+23 1.802970101600319013e-27 2.529685123783665958e-12 9.093101017984992531e-09 1.832243742060736969e-03 8.916775136572378813e+01 2.902437389182169000e+15 8.335839927667599582e-06
3.346952159999999879e+23 1.802104883620428039e-27 2.528471166297283970e-12 9.093101017984992531e-09 1.831364476105208031e-03 8.919628961203834194e+01 2.903110860615965000e+15 8.335839927667599582e-06
3.347692799999999790e+23 1.801240080845513472e-27 2.527257791370675165e-12 9.093101017984992531e-09 1.830485632096065995e-03 8.922483699205295693e+01 2.903784332049761000e+15 8.335839927667599582e-06
3.348433439999999701e+23 1.800375693076328874e-27 2.526044998724281979e-12 9.093101017984992531e-09 1.829607209830828949e-03 8.925339350869069222e+01 2.904457803483557000e+15 8.335839927667599582e-06
3.349174080000000283e+23 1.799511720113723593e-27 2.524832788078684581e-12 9.093101017984992531e-09 1.828729209107112993e-03 8.928195916487563011e+01 2.905131274917353500e+15 8.335839927667599582e-06
3.349914720000000194e+23 1.798648161758645267e-27 2.523621159154598440e-12 9.093101017984992531e-09 1.827851629722633759e-03 8.931053396353266294e+01 2.905804746351149500e+15 8.335839927667599582e-06
3.350655360000000105e+23 1.797785017812121171e-27 2.522410111672853332e-12 9.093101017984992531e-09 1.826974471475188407e-03 8.933911790758810412e+01 2.906478217784945500e+15 8.335839927667599582e-06
3.351396000000000016e+23 1.796922288075275800e-27 2.521199645354411913e-12 9.093101017984992531e-09 1.826097734162671895e-03 8.936771099996920498e+01 2.907151689218741500e+15 8.335839927667599582e-06
3.352136639999999927e+23 1.796059972349337320e-27 2.519989759920385473e-12 9.093101017984992531e-09 1.825221417583085216e-03 8.939631324360387055e+01 2.907825160652537500e+15 8.335839927667599582e-06
3.352877279999999837e+23 1.795198070435628963e-27 2.518780455092017378e-12 9.093101017984992531e-09 1.824345521534525855e-03 8.942492464142095798e+01 2.908498632086333500e+15 8.335839927667599582e-06
3.353617919999999748e+23 1.794336582135568665e-27 2.517571730590683874e-12 9.093101017984992531e-09 1.823470045815187577e-03 8.945354519635021973e+01 2.909172103520129500e+15 8.335839927667599582e-06
3.354358560000000330e+23 1.793475507250669068e-27 2.516363586137894089e-12 9.093101017984992531e-09 1.822594990223360203e-03 8.948217491132245982e+01 2.909845574953926000e+15 8.335839927667599582e-06
3.355099200000000241e+23 1.792614845582539671e-27 2.515156021455293267e-12 9.093101017984992531e-09 1.821720354557432222e-03 8.951081378926930654e+01 2.910519046387722000e+15 8.335839927667599582e-06
3.355839840000000152e+23 1.791754596932882886e-27 2.513949036264656703e-12 9.093101017984992531e-09 1.820846138615886227e-03 8.953946183312342555e+01 2.911192517821518000e+15 8.335839927667599582e-06
3.356580480000000063e+23 1.790894761103496188e-27 2.512742630287894192e-12 9.093101017984992531e-09 1.819972342197301741e-03 8.956811904581840622e+01 2.911865989255314000e+15 8.335839927667599582e-06
3.357321119999999974e+23 1.790035337896272475e-27 2.511536803247046796e-12 9.093101017984992531e-09 1.819098965100354997e-03 8.959678543028879005e+01 2.912539460689110000e+15 8.335839927667599582e-06
3.358061759999999885e+23 1.789176327113200069e-27 2.510331554864292495e-12 9.093101017984992531e-09 1.818226007123819156e-03 8.962546098947002804e+01 2.913212932122906000e+15 8.335839927667599582e-06
3.358802399999999796e+23 1.788317728556360560e-27 2.509126884861938519e-12 9.093101017984992531e-09 1.817353468066563223e-03 8.965414572629855172e+01 2.913886403556702000e+15 8.335839927667599582e-06
3.359543039999999706e+23 1.787459542027932398e-27 2.507922792962428210e-12 9.093101017984992531e-09 1.816481347727552697e-03 8.968283964371174477e+01 2.914559874990497500e+15 8.335839927667599582e-06
3.360283680000000288e+23 1.786601767330186943e-27 2.506719278888335369e-12 9.093101017984992531e-09 1.815609645905848918e-03 8.971154274464790035e+01 2.915233346424294500e+15 8.335839927667599582e-06
3.361024320000000199e+23 1.785744404265492774e-27 2.505516342362370313e-12 9.093101017984992531e-09 1.814738362400612108e-03 8.974025503204623533e+01 2.915906817858090000e+15 8.335839927667599582e-06
3.361764960000000110e+23 1.784887452636312096e-27 2.504313983107374223e-12 9.093101017984992531e-09 1.813867497011096598e-03 8.976897650884694713e+01 2.916580289291886000e+15 8.335839927667599582e-06
3.362505600000000021e+23 1.784030912245202180e-27 2.503112200846321566e-12 9.093101017984992531e-09 1.812997049536653861e-03 8.979770717799114266e+01 2.917253760725682000e+15 8.335839927667599582e-06
3.363246239999999932e+23 1.783174782894814643e-27 2.501910995302320901e-12 9.093101017984992531e-09 1.812127019776731650e-03 8.982644704242088096e+01 2.917927232159478000e+15 8.335839927667599582e-06
3.363986879999999843e+23 1.782319064387896885e-27 2.500710366198613266e-12 9.093101017984992531e-09 1.811257407530874643e-03 8.985519610507914479e+01 2.918600703593274000e+15 8.335839927667599582e-06
3.364727519999999754e+23 1.781463756527290649e-27 2.499510313258572582e-12 9.093101017984992531e-09 1.810388212598723580e-03 8.988395436890985479e+01 2.919274175027070000e+15 8.335839927667599582e-06
3.365468160000000336e+23 1.780608859115932388e-27 2.498310836205706056e-12 9.093101017984992531e-09 1.809519434780015043e-03 8.991272183685789798e+01 2.919947646460866500e+15 8.335839927667599582e-06
3.366208800000000246e+23 1.779754371956855410e-27 2.497111934763656602e-12 9.093101017984992531e-09 1.808651073874584497e-03 8.994149851186899980e+01 2.920621117894662500e+15 8.335839927667599582e-06
3.366949440000000157e+23 1.778900294853185575e-27 2.495913608656195979e-12 9.093101017984992531e-09 1.807783129682361076e-03 8.997028439688989465e+01 2.921294589328458500e+15 8.335839927667599582e-06
3.367690080000000068e+23 1.778046627608144887e-27 2.494715857607233271e-12 9.093101017984992531e-09 1.806915602003371932e-03 8.999907949486822645e+01 2.921968060762254500e+15 8.335839927667599582e-06
3.368430719999999979e+23 1.777193370025049693e-27 2.493518681340806809e-12 9.093101017984992531e-09 1.806048490637740056e-03 9.002788380875254859e+01 2.922641532196050500e+15 8.335839927667599582e-06
3.369171359999999890e+23 1.776340521907311764e-27 2.492322079581091843e-12 9.093101017984992531e-09 1.805181795385685370e-03 9.005669734149236660e+01 2.923315003629846500e+15 8.335839927667599582e-06
3.369911999999999801e+23 1.775488083058437218e-27 2.491126052052394084e-12 9.093101017984992531e-09 1.804315516047523419e-03 9.008552009603810973e+01 2.923988475063642500e+15 8.335839927667599582e-06
3.370652639999999712e+23 1.774636053282027596e-27 2.489930598479153740e-12 9.093101017984992531e-09 1.803449652423667329e-03 9.011435207534105984e+01 2.924661946497438500e+15 8.335839927667599582e-06
3.371393280000000294e+23 1.773784432381778067e-27 2.488735718585941881e-12 9.093101017984992531e-09 1.802584204314624985e-03 9.014319328235357887e+01 2.925335417931235000e+15 8.335839927667599582e-06
3.372133920000000204e+23 1.772933220161482453e-27 2.487541412097468113e-12 9.093101017984992531e-09 1.801719171521003800e-03 9.017204372002873924e+01 2.926008889365031000e+15 8.335839927667599582e-06
3.372874560000000115e+23 1.772082416425024976e-27 2.486347678738570080e-12 9.093101017984992531e-09 1.800854553843504648e-03 9.020090339132070767e+01 2.926682360798827000e+15 8.335839927667599582e-06
3.373615200000000026e+23 1.771232020976376312e-27 2.485154518234205785e-12 9.093101017984992531e-09 1.799990351082915354e-03 9.022977229918481612e+01 2.927355832232623000e+15 8.335839927667599582e-06
3.374355839999999937e+23 1.770382033619595743e-27 2.483961930309456823e-12 9.093101017984992531e-09 1.799126563040113298e-03 9.025865044657763292e+01 2.928029303666419000e+15 8.335839927667599582e-06
3.375096479999999848e+23 1.769532454158847303e-27 2.482769914689552617e-12 9.093101017984992531e-09 1.798263189516082980e-03 9.028753783645619535e+01 2.928702775100215000e+15 8.335839927667599582e-06
3.375837119999999759e+23 1.768683282398388296e-27 2.481578471099853451e-12 9.093101017984992531e-09 1.797400230311903876e-03 9.031643447177857809e+01 2.929376246534010500e+15 8.335839927667599582e-06
3.376577759999999670e+23 1.767834518142570013e-27 2.480387599265852088e-12 9.093101017984992531e-09 1.796537685228750654e-03 9.034534035550375108e+01 2.930049717967806500e+15 8.335839927667599582e-06
3.377318400000000252e+23 1.766986161195836656e-27 2.479197298913170538e-12 9.093101017984992531e-09 1.795675554067892093e-03 9.037425549059170748e+01 2.930723189401603000e+15 8.335839927667599582e-06
3.378059040000000163e+23 1.766138211362728211e-27 2.478007569767564904e-12 9.093101017984992531e-09 1.794813836630694765e-03 9.040317988000333571e+01 2.931396660835399000e+15 8.335839927667599582e-06
3.378799680000000073e+23 1.765290668447875780e-27 2.476818411554920538e-12 9.093101017984992531e-09 1.793952532718617616e-03 9.043211352670050474e+01 2.932070132269195000e+15 8.335839927667599582e-06
3.379540319999999984e+23 1.764443532256004095e-27 2.475629824001253247e-12 9.093101017984992531e-09 1.793091642133215220e-03 9.046105643364607829e+01 2.932743603702991000e+15 8.335839927667599582e-06
3.380280959999999895e+23 1.763596802591932593e-27 2.474441806832711319e-12 9.093101017984992531e-09 1.792231164676137342e-03 9.049000860380382960e+01 2.933417075136787000e+15 8.335839927667599582e-06
3.381021599999999806e+23 1.762750479260573264e-27 2.473254359775574713e-12 9.093101017984992531e-09 1.791371100149128943e-03 9.051897004013849823e+01 2.934090546570583000e+15 8.335839927667599582e-06
3.381762239999999717e+23 1.761904562066932086e-27 2.472067482556253439e-12 9.093101017984992531e-09 1.790511448354029957e-03 9.054794074561577588e+01 2.934764018004379000e+15 8.335839927667599582e-06
3.382502880000000299e+23 1.761059050816107949e-27 2.470881174901288778e-12 9.093101017984992531e-09 1.789652209092774645e-03 9.057692072320232057e+01 2.935437489438175500e+15 8.335839927667599582e-06
3.383243520000000210e+23 1.760213945313294806e-27 2.469695436537354082e-12 9.093101017984992531e-09 1.788793382167393978e-03 9.060590997586569983e+01 2.936110960871971500e+15 8.335839927667599582e-06
3.383984160000000121e+23 1.759369245363778447e-27 2.468510267191253971e-12 9.093101017984992531e-09 1.787934967380012605e-03 9.063490850657449016e+01 2.936784432305767500e+15 8.335839927667599582e-06
3.384724800000000031e+23 1.758524950772939008e-27 2.467325666589922715e-12 9.093101017984992531e-09 1.787076964532850363e-03 9.066391631829813491e+01 2.937457903739563500e+15 8.335839927667599582e-06
3.385465439999999942e+23 1.757681061346249536e-27 2.466141634460427063e-12 9.093101017984992531e-09 1.786219373428222287e-03 9.069293341400712904e+01 2.938131375173359500e+15 8.335839927667599582e-06
3.386206079999999853e+23 1.756837576889277067e-27 2.464958170529965030e-12 9.093101017984992531e-09 1.785362193868538167e-03 9.072195979667283439e+01 2.938804846607155500e+15 8.335839927667599582e-06
3.386946719999999764e+23 1.755994497207682265e-27 2.463775274525864685e-12 9.093101017984992531e-09 1.784505425656303639e-03 9.075099546926756489e+01 2.939478318040951000e+15 8.335839927667599582e-06
3.387687359999999675e+23 1.755151822107219066e-27 2.462592946175587385e-12 9.093101017984992531e-09 1.783649068594118448e-03 9.078004043476460083e+01 2.940151789474747000e+15 8.335839927667599582e-06
3.388428000000000257e+23 1.754309551393733957e-27 2.461411185206722116e-12 9.093101017984992531e-09 1.782793122484676879e-03 9.080909469613818885e+01 2.940825260908544000e+15 8.335839927667599582e-06
3.389168640000000168e+23 1.753467684873169567e-27 2.460229991346994383e-12 9.093101017984992531e-09 1.781937587130771015e-03 9.083815825636341401e+01 2.941498732342340000e+15 8.335839927667599582e-06
3.389909280000000079e+23 1.752626222351560001e-27 2.459049364324256513e-12 9.093101017984992531e-09 1.781082462335285095e-03 9.086723111841638456e+01 2.942172203776136000e+15 8.335839927667599582e-06
3.390649919999999990e+23 1.751785163635032276e-27 2.457869303866493313e-12 9.093101017984992531e-09 1.780227747901199200e-03 9.089631328527416088e+01 2.942845675209931500e+15 8.335839927667599582e-06
3.391390559999999900e+23 1.750944508529808831e-27 2.456689809701820854e-12 9.093101017984992531e-09 1.779373443631588822e-03 9.092540475991468440e+01 2.943519146643727500e+15 8.335839927667599582e-06
3.392131199999999811e+23 1.750104256842204300e-27 2.455510881558486073e-12 9.093101017984992531e-09 1.778519549329623996e-03 9.095450554531686294e+01 2.944192618077523500e+15 8.335839927667599582e-06
3.392871839999999722e+23 1.749264408378627663e-27 2.454332519164868785e-12 9.093101017984992531e-09 1.777666064798570384e-03 9.098361564446051375e+01 2.944866089511319500e+15 8.335839927667599582e-06
3.393612480000000304e+23 1.748424962945579737e-27 2.453154722249476035e-12 9.093101017984992531e-09 1.776812989841787538e-03 9.101273506032643468e+01 2.945539560945116000e+15 8.335839927667599582e-06
3.394353120000000215e+23 1.747585920349657477e-27 2.451977490540951790e-12 9.093101017984992531e-09 1.775960324262732155e-03 9.104186379589627620e+01 2.946213032378912000e+15 8.335839927667599582e-06
3.395093760000000126e+23 1.746747280397549676e-27 2.450800823768067241e-12 9.093101017984992531e-09 1.775108067864953959e-03 9.107100185415271199e+01 2.946886503812708000e+15 8.335839927667599582e-06
3.395834400000000037e+23 1.745909042896038754e-27 2.449624721659725252e-12 9.093101017984992531e-09 1.774256220452098513e-03 9.110014923807925413e+01 2.947559975246504000e+15 8.335839927667599582e-06
3.396575039999999948e+23 1.745071207651993587e-27 2.448449183944950260e-12 9.093101017984992531e-09 1.773404781827898772e-03 9.112930595066065109e+01 2.948233446680300000e+15 8.335839927667599582e-06
3.397315679999999858e+23 1.744233774472364840e-27 2.447274210352881407e-12 9.093101017984992531e-09 1.772553751796171169e-03 9.115847199488297292e+01 2.948906918114096000e+15 8.335839927667599582e-06
3.398056319999999769e+23 1.743396743164208648e-27 2.446099800612806471e-12 9.093101017984992531e-09 1.771703130160839045e-03 9.118764737373278706e+01 2.949580389547892000e+15 8.335839927667599582e-06
3.398796959999999680e+23 1.742560113534674057e-27 2.444925954454141667e-12 9.093101017984992531e-09 1.770852916725920278e-03 9.121683209019764149e+01 2.950253860981688000e+15 8.335839927667599582e-06
3.399537600000000262e+23 1.741723885391001229e-27 2.443752671606433671e-12 9.093101017984992531e-09 1.770003111295525341e-03 9.124602614726603633e+01 2.950927332415484500e+15 8.335839927667599582e-06
3.400278240000000173e+23 1.740888058540524674e-27 2.442579951799359615e-12 9.093101017984992531e-09 1.769153713673860765e-03 9.127522954792738119e+01 2.951600803849280500e+15 8.335839927667599582e-06
3.401018880000000084e+23 1.740052632790669303e-27 2.441407794762723861e-12 9.093101017984992531e-09 1.768304723665224372e-03 9.130444229517216570e+01 2.952274275283076500e+15 8.335839927667599582e-06
3.401759519999999995e+23 1.739217607948952581e-27 2.440236200226460421e-12 9.093101017984992531e-09 1.767456141074008310e-03 9.133366439199176057e+01 2.952947746716872500e+15 8.335839927667599582e-06
3.402500159999999906e+23 1.738382983822983446e-27 2.439065167920632957e-12 9.093101017984992531e-09 1.766607965704698399e-03 9.136289584137854547e+01 2.953621218150668000e+15 8.335839927667599582e-06
3.403240799999999816e+23 1.737548760220464110e-27 2.437894697575434379e-12 9.093101017984992531e-09 1.765760197361874138e-03 9.139213664632586642e+01 2.954294689584464000e+15 8.335839927667599582e-06
3.403981439999999727e+23 1.736714936949188260e-27 2.436724788921187248e-12 9.093101017984992531e-09 1.764912835850208483e-03 9.142138680982800736e+01 2.954968161018260000e+15 8.335839927667599582e-06
3.404722080000000309e+23 1.735881513817040703e-27 2.435555441688340948e-12 9.093101017984992531e-09 1.764065880974467196e-03 9.145064633488027539e+01 2.955641632452057000e+15 8.335839927667599582e-06
3.405462720000000220e+23 1.735048490632001306e-27 2.434386655607478956e-12 9.093101017984992531e-09 1.763219332539512534e-03 9.147991522447880186e+01 2.956315103885852500e+15 8.335839927667599582e-06
3.406203360000000131e+23 1.734215867202139266e-27 2.433218430409309554e-12 9.093101017984992531e-09 1.762373190350297178e-03 9.150919348162082656e+01 2.956988575319648500e+15 8.335839927667599582e-06
3.406944000000000042e+23 1.733383643335617045e-27 2.432050765824671888e-12 9.093101017984992531e-09 1.761527454211868999e-03 9.153848110930445614e+01 2.957662046753444500e+15 8.335839927667599582e-06
3.407684639999999953e+23 1.732551818840688945e-27 2.430883661584535156e-12 9.093101017984992531e-09 1.760682123929369113e-03 9.156777811052880622e+01 2.958335518187240500e+15 8.335839927667599582e-06
3.408425279999999864e+23 1.731720393525701458e-27 2.429717117419995785e-12 9.093101017984992531e-09 1.759837199308032091e-03 9.159708448829394456e+01 2.959008989621036500e+15 8.335839927667599582e-06
3.409165919999999775e+23 1.730889367199093633e-27 2.428551133062281064e-12 9.093101017984992531e-09 1.758992680153186614e-03 9.162640024560083418e+01 2.959682461054832500e+15 8.335839927667599582e-06
3.409906559999999685e+23 1.730058739669395634e-27 2.427385708242747530e-12 9.093101017984992531e-09 1.758148566270254388e-03 9.165572538545147552e+01 2.960355932488628500e+15 8.335839927667599582e-06
3.410647200000000267e+23 1.729228510745229821e-27 2.426220842692878947e-12 9.093101017984992531e-09 1.757304857464750576e-03 9.168505991084879270e+01 2.961029403922425000e+15 8.335839927667599582e-06
3.411387840000000178e+23 1.728398680235313259e-27 2.425056536144292768e-12 9.093101017984992531e-09 1.756461553542285970e-03 9.171440382479660514e+01 2.961702875356221000e+15 8.335839927667599582e-06
3.412128480000000089e+23 1.727569247948451618e-27 2.423892788328731655e-12 9.093101017984992531e-09 1.755618654308562432e-03 9.174375713029972701e+01 2.962376346790017000e+15 8.335839927667599582e-06
3.412869120000000000e+23 1.726740213693544560e-27 2.422729598978068324e-12 9.093101017984992531e-09 1.754776159569376584e-03 9.177311983036395304e+01 2.963049818223813000e+15 8.335839927667599582e-06
3.413609759999999911e+23 1.725911577279583219e-27 2.421566967824305546e-12 9.093101017984992531e-09 1.753934069130618509e-03 9.180249192799598745e+01 2.963723289657609000e+15 8.335839927667599582e-06
3.414350399999999822e+23 1.725083338515651286e-27 2.420404894599575340e-12 9.093101017984992531e-09 1.753092382798272179e-03 9.183187342620345817e+01 2.964396761091405000e+15 8.335839927667599582e-06
3.415091039999999733e+23 1.724255497210924643e-27 2.419243379036137759e-12 9.093101017984992531e-09 1.752251100378414590e-03 9.186126432799500208e+01 2.965070232525201000e+15 8.335839927667599582e-06
3.415831680000000315e+23 1.723428053174669934e-27 2.418082420866382910e-12 9.093101017984992531e-09 1.751410221677216416e-03 9.189066463638015136e+01 2.965743703958997500e+15 8.335839927667599582e-06
3.416572320000000225e+23 1.722601006216248866e-27 2.416922019822831766e-12 9.093101017984992531e-09 1.750569746500943305e-03 9.192007435436937612e+01 2.966417175392793500e+15 8.335839927667599582e-06
3.417312960000000136e+23 1.721774356145112469e-27 2.415762175638131716e-12 9.093101017984992531e-09 1.749729674655953063e-03 9.194949348497409858e+01 2.967090646826589500e+15 8.335839927667599582e-06
3.418053600000000047e+23 1.720948102770805045e-27 2.414602888045062628e-12 9.093101017984992531e-09 1.748890005948697604e-03 9.197892203120667887e+01 2.967764118260385500e+15 8.335839927667599582e-06
3.418794239999999958e+23 1.720122245902963091e-27 2.413444156776529177e-12 9.093101017984992531e-09 1.748050740185722084e-03 9.200835999608044347e+01 2.968437589694181000e+15 8.335839927667599582e-06
3.419534879999999869e+23 1.719296785351309557e-27 2.412285981565562452e-12 9.093101017984992531e-09 1.747211877173660780e-03 9.203780738260978467e+01 2.969111061127977000e+15 8.335839927667599582e-06
3.420275519999999780e+23 1.718471720925646313e-27 2.411128362145300581e-12 9.093101017984992531e-09 1.746373416719226683e-03 9.206726419381058690e+01 2.969784532561773000e+15 8.335839927667599582e-06
3.421016159999999691e+23 1.717647052435878189e-27 2.409971298249028302e-12 9.093101017984992531e-09 1.745535358629239035e-03 9.209673043269920356e+01 2.970458003995569000e+15 8.335839927667599582e-06
3.421756800000000273e+23 1.716822779692001847e-27 2.408814789610158795e-12 9.093101017984992531e-09 1.744697702710608801e-03 9.212620610229298279e+01 2.971131475429365500e+15 8.335839927667599582e-06
3.422497440000000184e+23 1.715998902504106862e-27 2.407658835962234888e-12 9.093101017984992531e-09 1.743860448770342573e-03 9.215569120561015382e+01 2.971804946863161500e+15 8.335839927667599582e-06
3.423238080000000094e+23 1.715175420682371057e-27 2.406503437038923811e-12 9.093101017984992531e-09 1.743023596615536066e-03 9.218518574567001167e+01 2.972478418296957500e+15 8.335839927667599582e-06
3.423978720000000005e+23 1.714352334037064808e-27 2.405348592574022446e-12 9.093101017984992531e-09 1.742187146053378885e-03 9.221468972549281773e+01 2.973151889730753500e+15 8.335839927667599582e-06
3.424719359999999916e+23 1.713529642378547817e-27 2.404194302301452881e-12 9.093101017984992531e-09 1.741351096891151926e-03 9.224420314809975707e+01 2.973825361164549500e+15 8.335839927667599582e-06
3.425459999999999827e+23 1.712707345517271617e-27 2.403040565955265643e-12 9.093101017984992531e-09 1.740515448936228891e-03 9.227372601651308059e+01 2.974498832598345500e+15 8.335839927667599582e-06
3.426200639999999738e+23 1.711885443263778147e-27 2.401887383269639700e-12 9.093101017984992531e-09 1.739680201996075641e-03 9.230325833375590605e+01 2.975172304032141500e+15 8.335839927667599582e-06
3.426941280000000320e+23 1.711063935428698309e-27 2.400734753978877612e-12 9.093101017984992531e-09 1.738845355878249109e-03 9.233280010285245964e+01 2.975845775465938000e+15 8.335839927667599582e-06
3.427681920000000231e+23 1.710242821822758426e-27 2.399582677817415627e-12 9.093101017984992531e-09 1.738010910390401639e-03 9.236235132682777760e+01 2.976519246899734000e+15 8.335839927667599582e-06
3.428422560000000142e+23 1.709422102256771279e-27 2.398431154519811567e-12 9.093101017984992531e-09 1.737176865340274478e-03 9.239191200870799037e+01 2.977192718333530000e+15 8.335839927667599582e-06
3.429163200000000052e+23 1.708601776541641842e-27 2.397280183820752907e-12 9.093101017984992531e-09 1.736343220535702548e-03 9.242148215152015212e+01 2.977866189767326000e+15 8.335839927667599582e-06
3.429903839999999963e+23 1.707781844488365488e-27 2.396129765455054345e-12 9.093101017984992531e-09 1.735509975784612713e-03 9.245106175829228334e+01 2.978539661201122000e+15 8.335839927667599582e-06
3.430644479999999874e+23 1.706962305908029069e-27 2.394979899157658215e-12 9.093101017984992531e-09 1.734677130895024210e-03 9.248065083205339931e+01 2.979213132634917500e+15 8.335839927667599582e-06
3.431385119999999785e+23 1.706143160611809837e-27 2.393830584663632864e-12 9.093101017984992531e-09 1.733844685675048434e-03 9.251024937583343899e+01 2.979886604068714000e+15 8.335839927667599582e-06
3.432125759999999696e+23 1.705324408410975442e-27 2.392681821708175483e-12 9.093101017984992531e-09 1.733012639932889152e-03 9.253985739266333610e+01 2.980560075502509500e+15 8.335839927667599582e-06
3.432866400000000278e+23 1.704506049116883939e-27 2.391533610026608470e-12 9.093101017984992531e-09 1.732180993476841206e-03 9.256947488557503334e+01 2.981233546936306000e+15 8.335839927667599582e-06
3.433607040000000189e+23 1.703688082540986650e-27 2.390385949354385896e-12 9.093101017984992531e-09 1.731349746115294413e-03 9.259910185760128343e+01 2.981907018370102000e+15 8.335839927667599582e-06
3.434347680000000100e+23 1.702870508494822429e-27 2.389238839427085017e-12 9.093101017984992531e-09 1.730518897656728363e-03 9.262873831177594752e+01 2.982580489803898000e+15 8.335839927667599582e-06
3.435088320000000010e+23 1.702053326790022684e-27 2.388092279980411126e-12 9.093101017984992531e-09 1.729688447909715453e-03 9.265838425113381049e+01 2.983253961237694000e+15 8.335839927667599582e-06
3.435828959999999921e+23 1.701236537238309220e-27 2.386946270750198360e-12 9.093101017984992531e-09 1.728858396682920670e-03 9.268803967871058092e+01 2.983927432671490000e+15 8.335839927667599582e-06
3.436569599999999832e+23 1.700420139651494606e-27 2.385800811472407274e-12 9.093101017984992531e-09 1.728028743785101160e-03 9.271770459754294791e+01 2.984600904105286000e+15 8.335839927667599582e-06
3.437310239999999743e+23 1.699604133841481808e-27 2.384655901883125652e-12 9.093101017984992531e-09 1.727199489025105792e-03 9.274737901066856693e+01 2.985274375539082000e+15 8.335839927667599582e-06
3.438050880000000325e+23 1.698788519620264194e-27 2.383511541718567696e-12 9.093101017984992531e-09 1.726370632211875590e-03 9.277706292112604558e+01 2.985947846972878500e+15 8.335839927667599582e-06
3.438791520000000236e+23 1.697973296799928043e-27 2.382367730715078069e-12 9.093101017984992531e-09 1.725542173154445908e-03 9.280675633195488672e+01 2.986621318406674500e+15 8.335839927667599582e-06
3.439532160000000147e+23 1.697158465192648243e-27 2.381224468609125831e-12 9.093101017984992531e-09 1.724714111661941650e-03 9.283645924619560219e+01 2.987294789840470500e+15 8.335839927667599582e-06
3.440272800000000058e+23 1.696344024610691155e-27 2.380081755137308484e-12 9.093101017984992531e-09 1.723886447543581182e-03 9.286617166688968439e+01 2.987968261274266500e+15 8.335839927667599582e-06
3.441013439999999969e+23 1.695529974866413545e-27 2.378939590036350352e-12 9.093101017984992531e-09 1.723059180608674809e-03 9.289589359707947835e+01 2.988641732708062500e+15 8.335839927667599582e-06
3.441754079999999879e+23 1.694716315772263652e-27 2.377797973043103391e-12 9.093101017984992531e-09 1.722232310666625427e-03 9.292562503980836652e+01 2.989315204141858000e+15 8.335839927667599582e-06
3.442494719999999790e+23 1.693903047140776889e-27 2.376656903894543958e-12 9.093101017984992531e-09 1.721405837526924837e-03 9.295536599812072609e+01 2.989988675575654500e+15 8.335839927667599582e-06
3.443235359999999701e+23 1.693090168784563644e-27 2.375516382327750595e-12 9.093101017984992531e-09 1.720579760999140732e-03 9.298511647506251165e+01 2.990662147009450000e+15 8.335839927667599582e-06
3.443976000000000283e+23 1.692277680516334748e-27 2.374376408079945630e-12 9.093101017984992531e-09 1.719754080892943590e-03 9.301487647368021783e+01 2.991335618443247000e+15 8.335839927667599582e-06
3.444716640000000194e+23 1.691465582148895741e-27 2.373236980888481852e-12 9.093101017984992531e-09 1.718928797018098647e-03 9.304464599702120609e+01 2.992009089877043000e+15 8.335839927667599582e-06
3.445457280000000105e+23 1.690653873495138614e-27 2.372098100490835237e-12 9.093101017984992531e-09 1.718103909184460912e-03 9.307442504813384687e+01 2.992682561310839000e+15 8.335839927667599582e-06
3.446197920000000016e+23 1.689842554368046479e-27 2.370959766624607777e-12 9.093101017984992531e-09 1.717279417201976249e-03 9.310421363006751960e+01 2.993356032744635000e+15 8.335839927667599582e-06
3.446938559999999927e+23 1.689031624580690693e-27 2.369821979027527481e-12 9.093101017984992531e-09 1.716455320880681378e-03 9.313401174587258424e+01 2.994029504178431000e+15 8.335839927667599582e-06
3.447679199999999837e+23 1.688221083946232657e-27 2.368684737437447969e-12 9.093101017984992531e-09 1.715631620030704310e-03 9.316381939860038131e+01 2.994702975612226500e+15 8.335839927667599582e-06
3.448419839999999748e+23 1.687410932277923456e-27 2.367548041592347260e-12 9.093101017984992531e-09 1.714808314462263695e-03 9.319363659130323185e+01 2.995376447046022500e+15 8.335839927667599582e-06
3.449160480000000330e+23 1.686601169389102779e-27 2.366411891230328583e-12 9.093101017984992531e-09 1.713985403985668387e-03 9.322346332703446592e+01 2.996049918479819000e+15 8.335839927667599582e-06
3.449901120000000241e+23 1.685791795093200717e-27 2.365276286089622797e-12 9.093101017984992531e-09 1.713162888411319832e-03 9.325329960884835145e+01 2.996723389913615000e+15 8.335839927667599582e-06
3.450641760000000152e+23 1.684982809203736687e-27 2.364141225908584759e-12 9.093101017984992531e-09 1.712340767549709033e-03 9.328314543980017959e+01 2.997396861347411000e+15 8.335839927667599582e-06
3.451382400000000063e+23 1.684174211534318351e-27 2.363006710425694936e-12 9.093101017984992531e-09 1.711519041211417846e-03 9.331300082294620779e+01 2.998070332781207000e+15 8.335839927667599582e-06
3.452123039999999974e+23 1.683366001898643775e-27 2.361872739379558196e-12 9.093101017984992531e-09 1.710697709207119202e-03 9.334286576134367408e+01 2.998743804215003000e+15 8.335839927667599582e-06
3.452863679999999885e+23 1.682558180110499987e-27 2.360739312508906230e-12 9.093101017984992531e-09 1.709876771347576888e-03 9.337274025805079702e+01 2.999417275648799000e+15 8.335839927667599582e-06
3.453604319999999796e+23 1.681750745983764060e-27 2.359606429552596342e-12 9.093101017984992531e-09 1.709056227443645761e-03 9.340262431612677574e+01 3.000090747082595000e+15 8.335839927667599582e-06
3.454344959999999706e+23 1.680943699332402030e-27 2.358474090249611044e-12 9.093101017984992531e-09 1.708236077306271323e-03 9.343251793863176147e+01 3.000764218516391000e+15 8.335839927667599582e-06
3.455085600000000288e+23 1.680137039970468542e-27 2.357342294339055632e-12 9.093101017984992531e-09 1.707416320746489493e-03 9.346242112862692863e+01 3.001437689950187500e+15 8.335839927667599582e-06
3.455826240000000199e+23 1.679330767712109359e-27 2.356211041560166264e-12 9.093101017984992531e-09 1.706596957575428567e-03 9.349233388917434695e+01 3.002111161383983500e+15 8.335839927667599582e-06
3.456566880000000110e+23 1.678524882371558849e-27 2.355080331652299864e-12 9.093101017984992531e-09 1.705777987604306179e-03 9.352225622333713773e+01 3.002784632817779500e+15 8.335839927667599582e-06
3.457307520000000021e+23 1.677719383763140706e-27 2.353950164354941795e-12 9.093101017984992531e-09 1.704959410644431468e-03 9.355218813417936019e+01 3.003458104251575500e+15 8.335839927667599582e-06
3.458048159999999932e+23 1.676914271701267589e-27 2.352820539407699800e-12 9.093101017984992531e-09 1.704141226507204215e-03 9.358212962476602570e+01 3.004131575685371000e+15 8.335839927667599582e-06
3.458788799999999843e+23 1.676109546000442558e-27 2.351691456550309660e-12 9.093101017984992531e-09 1.703323435004115054e-03 9.361208069816314037e+01 3.004805047119167500e+15 8.335839927667599582e-06
3.459529439999999754e+23 1.675305206475256921e-27 2.350562915522631552e-12 9.093101017984992531e-09 1.702506035946745695e-03 9.364204135743764823e+01 3.005478518552963000e+15 8.335839927667599582e-06
3.460270079999999664e+23 1.674501252940392386e-27 2.349434916064650865e-12 9.093101017984992531e-09 1.701689029146768485e-03 9.367201160565753071e+01 3.006151989986759000e+15 8.335839927667599582e-06
3.461010720000000246e+23 1.673697685210619269e-27 2.348307457916479000e-12 9.093101017984992531e-09 1.700872414415946195e-03 9.370199144589163609e+01 3.006825461420556000e+15 8.335839927667599582e-06
3.461751360000000157e+23 1.672894503100799002e-27 2.347180540818354185e-12 9.093101017984992531e-09 1.700056191566134620e-03 9.373198088120980742e+01 3.007498932854351500e+15 8.335839927667599582e-06
3.462492000000000068e+23 1.672091706425880192e-27 2.346054164510636623e-12 9.093101017984992531e-09 1.699240360409277591e-03 9.376197991468288251e+01 3.008172404288148000e+15 8.335839927667599582e-06
3.463232639999999979e+23 1.671289295000902204e-27 2.344928328733815361e-12 9.093101017984992531e-09 1.698424920757411532e-03 9.379198854938262286e+01 3.008845875721943500e+15 8.335839927667599582e-06
3.463973279999999890e+23 1.670487268640993366e-27 2.343803033228502634e-12 9.093101017984992531e-09 1.697609872422662855e-03 9.382200678838177055e+01 3.009519347155739500e+15 8.335839927667599582e-06
3.464713919999999801e+23 1.669685627161371335e-27 2.342678277735437499e-12 9.093101017984992531e-09 1.696795215217249478e-03 9.385203463475401975e+01 3.010192818589535500e+15 8.335839927667599582e-06
3.465454559999999712e+23 1.668884370377342012e-27 2.341554061995480993e-12 9.093101017984992531e-09 1.695980948953478224e-03 9.388207209157407362e+01 3.010866290023331500e+15 8.335839927667599582e-06
3.466195200000000294e+23 1.668083498104283766e-27 2.340430385749597548e-12 9.093101017984992531e-09 1.695167073443729858e-03 9.391211916191819853e+01 3.011539761457128000e+15 8.335839927667599582e-06
3.466935840000000204e+23 1.667283010157674331e-27 2.339307248738890135e-12 9.093101017984992531e-09 1.694353588500486195e-03 9.394217584886330030e+01 3.012213232890924000e+15 8.335839927667599582e-06
3.467676480000000115e+23 1.666482906353081126e-27 2.338184650704588546e-12 9.093101017984992531e-09 1.693540493936320553e-03 9.397224215548713744e+01 3.012886704324720000e+15 8.335839927667599582e-06
3.468417120000000026e+23 1.665683186506161611e-27 2.337062591388046166e-12 9.093101017984992531e-09 1.692727789563896459e-03 9.400231808486850582e+01 3.013560175758516000e+15 8.335839927667599582e-06
3.469157759999999937e+23 1.664883850432660062e-27 2.335941070530742398e-12 9.093101017984992531e-09 1.691915475195967427e-03 9.403240364008713925e+01 3.014233647192312000e+15 8.335839927667599582e-06
3.469898399999999848e+23 1.664084897948409717e-27 2.334820087874277408e-12 9.093101017984992531e-09 1.691103550645375875e-03 9.406249882422382314e+01 3.014907118626108000e+15 8.335839927667599582e-06
3.470639039999999759e+23 1.663286328869331346e-27 2.333699643160377378e-12 9.093101017984992531e-09 1.690292015725054211e-03 9.409260364036030921e+01 3.015580590059904000e+15 8.335839927667599582e-06
3.471379679999999670e+23 1.662488143011433968e-27 2.332579736130890063e-12 9.093101017984992531e-09 1.689480870248023965e-03 9.412271809157934399e+01 3.016254061493700000e+15 8.335839927667599582e-06
3.472120320000000252e+23 1.661690340190814132e-27 2.331460366527787215e-12 9.093101017984992531e-09 1.688670114027395787e-03 9.415284218096472557e+01 3.016927532927496500e+15 8.335839927667599582e-06
3.472860960000000163e+23 1.660892920223658428e-27 2.330341534093166602e-12 9.093101017984992531e-09 1.687859746876371834e-03 9.418297591160114735e+01 3.017601004361292500e+15 8.335839927667599582e-06
3.473601600000000073e+23 1.660095882926239544e-27 2.329223238569246351e-12 9.093101017984992531e-09 1.687049768608241650e-03 9.421311928657434009e+01 3.018274475795088500e+15 8.335839927667599582e-06
3.474342239999999984e+23 1.659299228114918774e-27 2.328105479698370204e-12 9.093101017984992531e-09 1.686240179036384984e-03 9.424327230897105778e+01 3.018947947228884000e+15 8.335839927667599582e-06
3.475082879999999895e+23 1.658502955606145658e-27 2.326988257223004281e-12 9.093101017984992531e-09 1.685430977974271141e-03 9.427343498187900650e+01 3.019621418662680000e+15 8.335839927667599582e-06
3.475823519999999806e+23 1.657707065216457986e-27 2.325871570885737893e-12 9.093101017984992531e-09 1.684622165235458982e-03 9.430360730838690131e+01 3.020294890096476000e+15 8.335839927667599582e-06
3.476564159999999717e+23 1.656911556762481081e-27 2.324755420429286769e-12 9.093101017984992531e-09 1.683813740633596919e-03 9.433378929158440940e+01 3.020968361530272000e+15 8.335839927667599582e-06
3.477304800000000299e+23 1.656116430060928150e-27 2.323639805596486191e-12 9.093101017984992531e-09 1.683005703982421841e-03 9.436398093456227798e+01 3.021641832964069000e+15 8.335839927667599582e-06
3.478045440000000210e+23 1.655321684928602448e-27 2.322524726130299074e-12 9.093101017984992531e-09 1.682198055095762788e-03 9.439418224041207850e+01 3.022315304397864500e+15 8.335839927667599582e-06
3.478786080000000121e+23 1.654527321182392961e-27 2.321410181773808694e-12 9.093101017984992531e-09 1.681390793787535757e-03 9.442439321222649085e+01 3.022988775831660500e+15 8.335839927667599582e-06
3.479526720000000031e+23 1.653733338639278005e-27 2.320296172270223938e-12 9.093101017984992531e-09 1.680583919871747383e-03 9.445461385309913283e+01 3.023662247265456500e+15 8.335839927667599582e-06
3.480267359999999942e+23 1.652939737116323422e-27 2.319182697362876882e-12 9.093101017984992531e-09 1.679777433162493207e-03 9.448484416612464543e+01 3.024335718699252500e+15 8.335839927667599582e-06
3.481007999999999853e+23 1.652146516430683664e-27 2.318069756795221578e-12 9.093101017984992531e-09 1.678971333473958973e-03 9.451508415439857913e+01 3.025009190133048500e+15 8.335839927667599582e-06
3.481748639999999764e+23 1.651353676399601072e-27 2.316957350310837692e-12 9.093101017984992531e-09 1.678165620620419548e-03 9.454533382101750760e+01 3.025682661566844500e+15 8.335839927667599582e-06
3.482489279999999675e+23 1.650561216840405156e-27 2.315845477653427268e-12 9.093101017984992531e-09 1.677360294416239137e-03 9.457559316907898506e+01 3.026356133000640500e+15 8.335839927667599582e-06
3.483229920000000257e+23 1.649769137570514755e-27 2.314734138566816349e-12 9.093101017984992531e-09 1.676555354675871284e-03 9.460586220168153204e+01 3.027029604434437000e+15 8.335839927667599582e-06
3.483970560000000168e+23 1.648977438407436954e-27 2.313623332794955376e-12 9.093101017984992531e-09 1.675750801213860821e-03 9.463614092192459282e+01 3.027703075868233000e+15 8.335839927667599582e-06
3.484711200000000079e+23 1.648186119168766008e-27 2.312513060081918384e-12 9.093101017984992531e-09 1.674946633844840186e-03 9.466642933290866324e+01 3.028376547302029000e+15 8.335839927667599582e-06
3.485451839999999990e+23 1.647395179672184782e-27 2.311403320171900172e-12 9.093101017984992531e-09 1.674142852383531587e-03 9.469672743773517709e+01 3.029050018735825000e+15 8.335839927667599582e-06
3.486192479999999900e+23 1.646604619735463671e-27 2.310294112809222362e-12 9.093101017984992531e-09 1.673339456644747222e-03 9.472703523950652027e+01 3.029723490169621000e+15 8.335839927667599582e-06
3.486933119999999811e+23 1.645814439176461316e-27 2.309185437738328556e-12 9.093101017984992531e-09 1.672536446443388626e-03 9.475735274132607344e+01 3.030396961603417000e+15 8.335839927667599582e-06
3.487673759999999722e+23 1.645024637813125686e-27 2.308077294703787561e-12 9.093101017984992531e-09 1.671733821594447106e-03 9.478767994629816940e+01 3.031070433037213000e+15 8.335839927667599582e-06
3.488414400000000304e+23 1.644235215463489407e-27 2.306969683450287335e-12 9.093101017984992531e-09 1.670931581913001358e-03 9.481801685752816411e+01 3.031743904471009500e+15 8.335839927667599582e-06
3.489155040000000215e+23 1.643446171945661877e-27 2.305862603722622866e-12 9.093101017984992531e-09 1.670129727214207487e-03 9.484836347812287727e+01 3.032417375904805000e+15 8.335839927667599582e-06
3.489895680000000126e+23 1.642657507077841817e-27 2.304756055265716374e-12 9.093101017984992531e-09 1.669328257313312455e-03 9.487871981118999543e+01 3.033090847338601000e+15 8.335839927667599582e-06
3.490636320000000037e+23 1.641869220678322294e-27 2.303650037824619726e-12 9.093101017984992531e-09 1.668527172025659070e-03 9.490908585983797252e+01 3.033764318772397000e+15 8.335839927667599582e-06
3.491376959999999948e+23 1.641081312565482830e-27 2.302544551144508384e-12 9.093101017984992531e-09 1.667726471166677740e-03 9.493946162717624304e+01 3.034437790206193000e+15 8.335839927667599582e-06
3.492117599999999858e+23 1.640293782557789761e-27 2.301439594970678168e-12 9.093101017984992531e-09 1.666926154551887345e-03 9.496984711631530729e+01 3.035111261639989000e+15 8.335839927667599582e-06
3.492858239999999769e+23 1.639506630473795517e-27 2.300335169048546476e-12 9.093101017984992531e-09 1.666126221996894804e-03 9.500024233036663190e+01 3.035784733073785000e+15 8.335839927667599582e-06
3.493598879999999680e+23 1.638719856132140779e-27 2.299231273123654293e-12 9.093101017984992531e-09 1.665326673317395504e-03 9.503064727244269250e+01 3.036458204507581000e+15 8.335839927667599582e-06
3.494339520000000262e+23 1.637933459351550527e-27 2.298127906941661353e-12 9.093101017984992531e-09 1.664527508329172005e-03 9.506106194565698786e+01 3.037131675941377500e+15 8.335839927667599582e-06
3.495080160000000173e+23 1.637147439950840502e-27 2.297025070248353405e-12 9.093101017984992531e-09 1.663728726848097287e-03 9.509148635312398312e+01 3.037805147375173500e+15 8.335839927667599582e-06
3.495820800000000084e+23 1.636361797748909313e-27 2.295922762789634540e-12 9.093101017984992531e-09 1.662930328690130632e-03 9.512192049795918081e+01 3.038478618808969500e+15 8.335839927667599582e-06
3.496561439999999995e+23 1.635576532564744891e-27 2.294820984311531228e-12 9.093101017984992531e-09 1.662132313671319797e-03 9.515236438327909241e+01 3.039152090242765500e+15 8.335839927667599582e-06
3.497302079999999906e+23 1.634791644217419829e-27 2.293719734560192323e-12 9.093101017984992531e-09 1.661334681607800788e-03 9.518281801220122418e+01 3.039825561676561500e+15 8.335839927667599582e-06
3.498042719999999816e+23 1.634007132526095328e-27 2.292619013281888248e-12 9.093101017984992531e-09 1.660537432315798301e-03 9.521328138784406292e+01 3.040499033110357500e+15 8.335839927667599582e-06
3.498783359999999727e+23 1.633222997310018684e-27 2.291518820223011003e-12 9.093101017984992531e-09 1.659740565611624637e-03 9.524375451332709019e+01 3.041172504544153500e+15 8.335839927667599582e-06
3.499524000000000309e+23 1.632439238388523288e-27 2.290419155130073753e-12 9.093101017984992531e-09 1.658944081311679915e-03 9.527423739177085338e+01 3.041845975977950000e+15 8.335839927667599582e-06
3.500264640000000220e+23 1.631655855581031138e-27 2.289320017749712855e-12 9.093101017984992531e-09 1.658147979232454244e-03 9.530473002629678092e+01 3.042519447411746000e+15 8.335839927667599582e-06
3.501005280000000131e+23 1.630872848707048894e-27 2.288221407828686237e-12 9.093101017984992531e-09 1.657352259190524035e-03 9.533523242002739551e+01 3.043192918845542000e+15 8.335839927667599582e-06
3.501745920000000042e+23 1.630090217586171463e-27 2.287123325113872189e-12 9.093101017984992531e-09 1.656556921002554821e-03 9.536574457608614352e+01 3.043866390279338000e+15 8.335839927667599582e-06
3.502486559999999953e+23 1.629307962038079849e-27 2.286025769352271784e-12 9.093101017984992531e-09 1.655761964485299737e-03 9.539626649759752297e+01 3.044539861713134000e+15 8.335839927667599582e-06
3.503227199999999864e+23 1.628526081882541869e-27 2.284928740291007671e-12 9.093101017984992531e-09 1.654967389455600608e-03 9.542679818768698397e+01 3.045213333146930000e+15 8.335839927667599582e-06
3.503967839999999775e+23 1.627744576939412868e-27 2.283832237677324474e-12 9.093101017984992531e-09 1.654173195730387295e-03 9.545733964948097139e+01 3.045886804580725500e+15 8.335839927667599582e-06
3.504708479999999685e+23 1.626963447028633215e-27 2.282736261258587580e-12 9.093101017984992531e-09 1.653379383126677695e-03 9.548789088610692488e+01 3.046560276014521500e+15 8.335839927667599582e-06
3.505449120000000267e+23 1.626182691970231525e-27 2.281640810782284762e-12 9.093101017984992531e-09 1.652585951461577312e-03 9.551845190069330727e+01 3.047233747448318000e+15 8.335839927667599582e-06
3.506189760000000178e+23 1.625402311584323942e-27 2.280545885996027783e-12 9.093101017984992531e-09 1.651792900552282069e-03 9.554902269636943402e+01 3.047907218882114000e+15 8.335839927667599582e-06
3.506930400000000089e+23 1.624622305691111274e-27 2.279451486647545946e-12 9.093101017984992531e-09 1.651000230216073759e-03 9.557960327626578589e+01 3.048580690315910000e+15 8.335839927667599582e-06
3.507671040000000000e+23 1.623842674110882934e-27 2.278357612484693758e-12 9.093101017984992531e-09 1.650207940270323297e-03 9.561019364351368210e+01 3.049254161749706000e+15 8.335839927667599582e-06
3.508411679999999911e+23 1.623063416664013713e-27 2.277264263255444877e-12 9.093101017984992531e-09 1.649416030532489417e-03 9.564079380124547924e+01 3.049927633183502000e+15 8.335839927667599582e-06
3.509152319999999822e+23 1.622284533170965576e-27 2.276171438707896957e-12 9.093101017984992531e-09 1.648624500820119326e-03 9.567140375259455709e+01 3.050601104617298000e+15 8.335839927667599582e-06
3.509892959999999733e+23 1.621506023452288017e-27 2.275079138590267610e-12 9.093101017984992531e-09 1.647833350950848267e-03 9.570202350069519071e+01 3.051274576051094000e+15 8.335839927667599582e-06
3.510633600000000315e+23 1.620727887328615909e-27 2.273987362650896827e-12 9.093101017984992531e-09 1.647042580742399519e-03 9.573265304868269254e+01 3.051948047484890500e+15 8.335839927667599582e-06
3.511374240000000225e+23 1.619950124620672731e-27 2.272896110638248193e-12 9.093101017984992531e-09 1.646252190012585485e-03 9.576329239969328455e+01 3.052621518918686500e+15 8.335839927667599582e-06
3.512114880000000136e+23 1.619172735149254786e-27 2.271805382300885863e-12 9.093101017984992531e-09 1.645462178579292509e-03 9.579394155686476608e+01 3.053294990352482500e+15 8.335839927667599582e-06
3.512855520000000047e+23 1.618395718735244113e-27 2.270715177387496777e-12 9.093101017984992531e-09 1.644672546260494755e-03 9.582460052333586020e+01 3.053968461786278500e+15 8.335839927667599582e-06
3.513596159999999958e+23 1.617619075199617815e-27 2.269625495646899544e-12 9.093101017984992531e-09 1.643883292874262665e-03 9.585526930224600051e+01 3.054641933220074500e+15 8.335839927667599582e-06
3.514336799999999869e+23 1.616842804363437299e-27 2.268536336828031924e-12 9.093101017984992531e-09 1.643094418238752333e-03 9.588594789673564378e+01 3.055315404653870500e+15 8.335839927667599582e-06
3.515077439999999780e+23 1.616066906047850783e-27 2.267447700679952441e-12 9.093101017984992531e-09 1.642305922172207890e-03 9.591663630994625578e+01 3.055988876087666500e+15 8.335839927667599582e-06
3.515818079999999691e+23 1.615291380074090787e-27 2.266359586951839174e-12 9.093101017984992531e-09 1.641517804492959769e-03 9.594733454502032544e+01 3.056662347521462500e+15 8.335839927667599582e-06
3.516558720000000273e+23 1.614516226263475392e-27 2.265271995392990561e-12 9.093101017984992531e-09 1.640730065019424489e-03 9.597804260510139329e+01 3.057335818955259000e+15 8.335839927667599582e-06
3.517299360000000184e+23 1.613741444437410205e-27 2.264184925752825403e-12 9.093101017984992531e-09 1.639942703570107909e-03 9.600876049333393780e+01 3.058009290389055000e+15 8.335839927667599582e-06
3.518040000000000094e+23 1.612967034417383704e-27 2.263098377780880842e-12 9.093101017984992531e-09 1.639155719963600452e-03 9.603948821286353166e+01 3.058682761822851000e+15 8.335839927667599582e-06
3.518780640000000005e+23 1.612192996024971178e-27 2.262012351226815997e-12 9.093101017984992531e-09 1.638369114018580147e-03 9.607022576683671389e+01 3.059356233256647000e+15 8.335839927667599582e-06
3.519521279999999916e+23 1.611419329081832757e-27 2.260926845840407522e-12 9.093101017984992531e-09 1.637582885553811761e-03 9.610097315840107512e+01 3.060029704690443000e+15 8.335839927667599582e-06
3.520261919999999827e+23 1.610646033409714847e-27 2.259841861371554045e-12 9.093101017984992531e-09 1.636797034388147226e-03 9.613173039070517234e+01 3.060703176124239000e+15 8.335839927667599582e-06
3.521002559999999738e+23 1.609873108830448513e-27 2.258757397570273751e-12 9.093101017984992531e-09 1.636011560340525214e-03 9.616249746689858569e+01 3.061376647558034500e+15 8.335839927667599582e-06
3.521743200000000320e+23 1.609100555165950558e-27 2.257673454186703165e-12 9.093101017984992531e-09 1.635226463229970699e-03 9.619327439013197534e+01 3.062050118991831000e+15 8.335839927667599582e-06
3.522483840000000231e+23 1.608328372238224241e-27 2.256590030971101595e-12 9.093101017984992531e-09 1.634441742875597124e-03 9.622406116355686834e+01 3.062723590425627000e+15 8.335839927667599582e-06
3.523224480000000142e+23 1.607556559869357299e-27 2.255507127673846694e-12 9.093101017984992531e-09 1.633657399096603586e-03 9.625485779032588596e+01 3.063397061859423000e+15 8.335839927667599582e-06
3.523965120000000052e+23 1.606785117881522850e-27 2.254424744045436070e-12 9.093101017984992531e-09 1.632873431712275917e-03 9.628566427359267266e+01 3.064070533293219000e+15 8.335839927667599582e-06
3.524705759999999963e+23 1.606014046096979749e-27 2.253342879836486078e-12 9.093101017984992531e-09 1.632089840541987120e-03 9.631648061651182502e+01 3.064744004727015000e+15 8.335839927667599582e-06
3.525446399999999874e+23 1.605243344338072766e-27 2.252261534797735857e-12 9.093101017984992531e-09 1.631306625405197584e-03 9.634730682223899123e+01 3.065417476160811000e+15 8.335839927667599582e-06
3.526187039999999785e+23 1.604473012427231692e-27 2.251180708680041676e-12 9.093101017984992531e-09 1.630523786121453782e-03 9.637814289393075740e+01 3.066090947594607000e+15 8.335839927667599582e-06
3.526927679999999696e+23 1.603703050186971875e-27 2.250100401234382588e-12 9.093101017984992531e-09 1.629741322510389577e-03 9.640898883474474701e+01 3.066764419028403000e+15 8.335839927667599582e-06
3.527668320000000278e+23 1.602933457439893862e-27 2.249020612211853566e-12 9.093101017984992531e-09 1.628959234391724915e-03 9.643984464783962096e+01 3.067437890462199500e+15 8.335839927667599582e-06
3.528408960000000189e+23 1.602164234008684654e-27 2.247941341363674789e-12 9.093101017984992531e-09 1.628177521585268215e-03 9.647071033637493542e+01 3.068111361895995500e+15 8.335839927667599582e-06
3.529149600000000100e+23 1.601395379716116272e-27 2.246862588441182358e-12 9.093101017984992531e-09 1.627396183910913762e-03 9.650158590351129817e+01 3.068784833329791500e+15 8.335839927667599582e-06
3.529890240000000010e+23 1.600626894385045578e-27 2.245784353195833941e-12 9.093101017984992531e-09 1.626615221188642364e-03 9.653247135241035437e+01 3.069458304763587500e+15 8.335839927667599582e-06
3.530630879999999921e+23 1.599858777838415528e-27 2.244706635379205554e-12 9.093101017984992531e-09 1.625834633238522212e-03 9.656336668623467290e+01 3.070131776197383500e+15 8.335839927667599582e-06
3.531371519999999832e+23 1.599091029899254638e-27 2.243629434742995993e-12 9.093101017984992531e-09 1.625054419880708236e-03 9.659427190814784581e+01 3.070805247631179500e+15 8.335839927667599582e-06
3.532112159999999743e+23 1.598323650390676621e-27 2.242552751039021591e-12 9.093101017984992531e-09 1.624274580935442533e-03 9.662518702131444570e+01 3.071478719064975000e+15 8.335839927667599582e-06
3.532852800000000325e+23 1.597556639135880031e-27 2.241476584019218637e-12 9.093101017984992531e-09 1.623495116223052856e-03 9.665611202890006837e+01 3.072152190498772000e+15 8.335839927667599582e-06
3.533593440000000236e+23 1.596789995958151491e-27 2.240400933435645800e-12 9.093101017984992531e-09 1.622716025563956509e-03 9.668704693407120487e+01 3.072825661932568000e+15 8.335839927667599582e-06
3.534334080000000147e+23 1.596023720680860132e-27 2.239325799040479688e-12 9.093101017984992531e-09 1.621937308778654933e-03 9.671799173999541210e+01 3.073499133366364000e+15 8.335839927667599582e-06
3.535074720000000058e+23 1.595257813127451854e-27 2.238251180586002326e-12 9.093101017984992531e-09 1.621158965687727630e-03 9.674894644984162539e+01 3.074172604800160000e+15 8.335839927667599582e-06
3.535815359999999969e+23 1.594492273121453091e-27 2.237177077824610446e-12 9.093101017984992531e-09 1.620380996111835418e-03 9.677991106677994537e+01 3.074846076233956000e+15 8.335839927667599582e-06
3.536555999999999879e+23 1.593727100486484269e-27 2.236103490508831237e-12 9.093101017984992531e-09 1.619603399871734958e-03 9.681088559398112636e+01 3.075519547667752000e+15 8.335839927667599582e-06
3.537296639999999790e+23 1.592962295046250290e-27 2.235030418391311443e-12 9.093101017984992531e-09 1.618826176788268996e-03 9.684187003461690324e+01 3.076193019101547500e+15 8.335839927667599582e-06
3.538037279999999701e+23 1.592197856624540542e-27 2.233957861224816553e-12 9.093101017984992531e-09 1.618049326682365931e-03 9.687286439186007669e+01 3.076866490535343500e+15 8.335839927667599582e-06
3.538777920000000283e+23 1.591433785045227815e-27 2.232885818762227975e-12 9.093101017984992531e-09 1.617272849375038513e-03 9.690386866888451323e+01 3.077539961969140000e+15 8.335839927667599582e-06
3.539518560000000194e+23 1.590670080132270638e-27 2.231814290756547882e-12 9.093101017984992531e-09 1.616496744687387528e-03 9.693488286886498884e+01 3.078213433402936000e+15 8.335839927667599582e-06
3.540259200000000105e+23 1.589906741709711125e-27 2.230743276960896383e-12 9.093101017984992531e-09 1.615721012440597681e-03 9.696590699497740218e+01 3.078886904836732000e+15 8.335839927667599582e-06
3.540999840000000016e+23 1.589143769601674615e-27 2.229672777128509509e-12 9.093101017984992531e-09 1.614945652455939112e-03 9.699694105039864667e+01 3.079560376270528000e+15 8.335839927667599582e-06
3.541740479999999927e+23 1.588381163632371824e-27 2.228602791012743246e-12 9.093101017984992531e-09 1.614170664554768044e-03 9.702798503830665311e+01 3.080233847704324000e+15 8.335839927667599582e-06
3.542481119999999837e+23 1.587618923626097056e-27 2.227533318367071516e-12 9.093101017984992531e-09 1.613396048558526355e-03 9.705903896188037550e+01 3.080907319138120000e+15 8.335839927667599582e-06
3.543221759999999748e+23 1.586857049407229451e-27 2.226464358945085780e-12 9.093101017984992531e-09 1.612621804288741356e-03 9.709010282429977678e+01 3.081580790571916000e+15 8.335839927667599582e-06
3.543962400000000330e+23 1.586095540800230841e-27 2.225395912500495028e-12 9.093101017984992531e-09 1.611847931567025145e-03 9.712117662874585733e+01 3.082254262005712500e+15 8.335839927667599582e-06
3.544703040000000241e+23 1.585334397629650406e-27 2.224327978787131038e-12 9.093101017984992531e-09 1.611074430215077855e-03 9.715226037840058382e+01 3.082927733439508500e+15 8.335839927667599582e-06
3.545443680000000152e+23 1.584573619720118402e-27 2.223260557558937466e-12 9.093101017984992531e-09 1.610301300054682670e-03 9.718335407644698876e+01 3.083601204873304500e+15 8.335839927667599582e-06
3.546184320000000063e+23 1.583813206896351001e-27 2.222193648569980348e-12 9.093101017984992531e-09 1.609528540907709509e-03 9.721445772606914204e+01 3.084274676307100000e+15 8.335839927667599582e-06
3.546924959999999974e+23 1.583053158983147419e-27 2.221127251574440832e-12 9.093101017984992531e-09 1.608756152596113294e-03 9.724557133045209412e+01 3.084948147740896500e+15 8.335839927667599582e-06
3.547665599999999885e+23 1.582293475805392253e-27 2.220061366326621234e-12 9.093101017984992531e-09 1.607984134941935249e-03 9.727669489278187598e+01 3.085621619174692000e+15 8.335839927667599582e-06
3.548406239999999796e+23 1.581534157188053684e-27 2.218995992580939789e-12 9.093101017984992531e-09 1.607212487767301599e-03 9.730782841624561286e+01 3.086295090608488000e+15 8.335839927667599582e-06
3.549146879999999706e+23 1.580775202956184375e-27 2.217931130091934287e-12 9.093101017984992531e-09 1.606441210894424656e-03 9.733897190403136790e+01 3.086968562042284000e+15 8.335839927667599582e-06
3.549887520000000288e+23 1.580016612934920571e-27 2.216866778614259644e-12 9.093101017984992531e-09 1.605670304145601296e-03 9.737012535932827006e+01 3.087642033476081000e+15 8.335839927667599582e-06
3.550628160000000199e+23 1.579258386949484259e-27 2.215802937902690333e-12 9.093101017984992531e-09 1.604899767343216004e-03 9.740128878532640044e+01 3.088315504909877000e+15 8.335839927667599582e-06
3.551368800000000110e+23 1.578500524825180288e-27 2.214739607712117955e-12 9.093101017984992531e-09 1.604129600309736961e-03 9.743246218521686330e+01 3.088988976343673000e+15 8.335839927667599582e-06
3.552109440000000021e+23 1.577743026387397991e-27 2.213676787797552455e-12 9.093101017984992531e-09 1.603359802867718653e-03 9.746364556219180031e+01 3.089662447777469000e+15 8.335839927667599582e-06
3.552850079999999932e+23 1.576985891461611004e-27 2.212614477914121309e-12 9.093101017984992531e-09 1.602590374839800999e-03 9.749483891944433367e+01 3.090335919211264500e+15 8.335839927667599582e-06
3.553590719999999843e+23 1.576229119873377442e-27 2.211552677817071953e-12 9.093101017984992531e-09 1.601821316048709790e-03 9.752604226016859457e+01 3.091009390645060500e+15 8.335839927667599582e-06
3.554331359999999754e+23 1.575472711448339186e-27 2.210491387261767741e-12 9.093101017984992531e-09 1.601052626317256032e-03 9.755725558755968052e+01 3.091682862078856500e+15 8.335839927667599582e-06
3.555072000000000336e+23 1.574716666012221880e-27 2.209430606003691578e-12 9.093101017984992531e-09 1.600284305468335734e-03 9.758847890481379750e+01 3.092356333512653000e+15 8.335839927667599582e-06
3.555812640000000246e+23 1.573960983390837802e-27 2.208370333798444714e-12 9.093101017984992531e-09 1.599516353324932942e-03 9.761971221512797570e+01 3.093029804946449000e+15 8.335839927667599582e-06
3.556553280000000157e+23 1.573205663410080484e-27 2.207310570401746334e-12 9.093101017984992531e-09 1.598748769710114535e-03 9.765095552170038218e+01 3.093703276380245000e+15 8.335839927667599582e-06
3.557293920000000068e+23 1.572450705895929732e-27 2.206251315569433160e-12 9.093101017984992531e-09 1.597981554447034562e-03 9.768220882773012193e+01 3.094376747814041000e+15 8.335839927667599582e-06
3.558034559999999979e+23 1.571696110674440865e-27 2.205192569057450155e-12 9.093101017984992531e-09 1.597214707358924485e-03 9.771347213641760732e+01 3.095050219247837000e+15 8.335839927667599582e-06
3.558775199999999890e+23 1.570941877571745255e-27 2.204134330621848106e-12 9.093101017984992531e-09 1.596448228269092308e-03 9.774474545096462919e+01 3.095723690681633000e+15 8.335839927667599582e-06
3.559515839999999801e+23 1.570188006414068079e-27 2.203076600018810276e-12 9.093101017984992531e-09 1.595682117000942098e-03 9.777602877457354680e+01 3.096397162115429000e+15 8.335839927667599582e-06
3.560256479999999712e+23 1.569434497027718461e-27 2.202019377004635848e-12 9.093101017984992531e-09 1.594916373377962488e-03 9.780732211044775681e+01 3.097070633549225000e+15 8.335839927667599582e-06
3.560997120000000294e+23 1.568681349239087314e-27 2.200962661335740729e-12 9.093101017984992531e-09 1.594150997223726029e-03 9.783862546179166486e+01 3.097744104983021500e+15 8.335839927667599582e-06
3.561737760000000204e+23 1.567928562874651110e-27 2.199906452768659575e-12 9.093101017984992531e-09 1.593385988361891575e-03 9.786993883181069975e+01 3.098417576416817500e+15 8.335839927667599582e-06
3.562478400000000115e+23 1.567176137760966855e-27 2.198850751060040533e-12 9.093101017984992531e-09 1.592621346616199945e-03 9.790126222371139875e+01 3.099091047850613500e+15 8.335839927667599582e-06
3.563219040000000026e+23 1.566424073724675321e-27 2.197795555966649690e-12 9.093101017984992531e-09 1.591857071810477394e-03 9.793259564070125123e+01 3.099764519284409000e+15 8.335839927667599582e-06
3.563959679999999937e+23 1.565672370592500324e-27 2.196740867245368649e-12 9.093101017984992531e-09 1.591093163768634309e-03 9.796393908598888345e+01 3.100437990718205000e+15 8.335839927667599582e-06
3.564700319999999848e+23 1.564921028191248548e-27 2.195686684653196139e-12 9.093101017984992531e-09 1.590329622314665429e-03 9.799529256278385958e+01 3.101111462152001000e+15 8.335839927667599582e-06
3.565440959999999759e+23 1.564170046347809905e-27 2.194633007947247620e-12 9.093101017984992531e-09 1.589566447272649846e-03 9.802665607429682382e+01 3.101784933585797000e+15 8.335839927667599582e-06
3.566181599999999670e+23 1.563419424889156992e-27 2.193579836884753659e-12 9.093101017984992531e-09 1.588803638466750783e-03 9.805802962373944354e+01 3.102458405019593000e+15 8.335839927667599582e-06
3.566922240000000252e+23 1.562669163642344557e-27 2.192527171223060742e-12 9.093101017984992531e-09 1.588041195721215165e-03 9.808941321432448035e+01 3.103131876453390000e+15 8.335839927667599582e-06
3.567662880000000163e+23 1.561919262434512907e-27 2.191475010719636122e-12 9.093101017984992531e-09 1.587279118860376653e-03 9.812080684926554852e+01 3.103805347887185500e+15 8.335839927667599582e-06
3.568403520000000073e+23 1.561169721092882522e-27 2.190423355132058929e-12 9.093101017984992531e-09 1.586517407708650440e-03 9.815221053177749866e+01 3.104478819320981500e+15 8.335839927667599582e-06
3.569144159999999984e+23 1.560420539444758547e-27 2.189372204218026636e-12 9.093101017984992531e-09 1.585756062090537587e-03 9.818362426507606244e+01 3.105152290754777500e+15 8.335839927667599582e-06
3.569884799999999895e+23 1.559671717317528453e-27 2.188321557735351827e-12 9.093101017984992531e-09 1.584995081830623074e-03 9.821504805237805158e+01 3.105825762188573500e+15 8.335839927667599582e-06
3.570625439999999806e+23 1.558923254538662580e-27 2.187271415441964215e-12 9.093101017984992531e-09 1.584234466753575796e-03 9.824648189690131517e+01 3.106499233622369500e+15 8.335839927667599582e-06
3.571366079999999717e+23 1.558175150935714135e-27 2.186221777095911047e-12 9.093101017984992531e-09 1.583474216684149435e-03 9.827792580186472549e+01 3.107172705056165500e+15 8.335839927667599582e-06
3.572106720000000299e+23 1.557427406336319550e-27 2.185172642455353470e-12 9.093101017984992531e-09 1.582714331447181589e-03 9.830937977048814957e+01 3.107846176489962000e+15 8.335839927667599582e-06
3.572847360000000210e+23 1.556680020568199021e-27 2.184124011278572992e-12 9.093101017984992531e-09 1.581954810867595507e-03 9.834084380599244923e+01 3.108519647923758000e+15 8.335839927667599582e-06
3.573588000000000121e+23 1.555932993459154896e-27 2.183075883323962999e-12 9.093101017984992531e-09 1.581195654770397273e-03 9.837231791159953787e+01 3.109193119357554000e+15 8.335839927667599582e-06
3.574328640000000031e+23 1.555186324837072207e-27 2.182028258350037239e-12 9.093101017984992531e-09 1.580436862980677754e-03 9.840380209053238048e+01 3.109866590791350000e+15 8.335839927667599582e-06
3.575069279999999942e+23 1.554440014529919215e-27 2.180981136115422553e-12 9.093101017984992531e-09 1.579678435323611952e-03 9.843529634601492262e+01 3.110540062225146000e+15 8.335839927667599582e-06
3.575809919999999853e+23 1.553694062365747585e-27 2.179934516378864121e-12 9.093101017984992531e-09 1.578920371624459654e-03 9.846680068127209040e+01 3.111213533658941500e+15 8.335839927667599582e-06
3.576550559999999764e+23 1.552948468172691491e-27 2.178888398899223850e-12 9.093101017984992531e-09 1.578162671708564562e-03 9.849831509952988995e+01 3.111887005092738000e+15 8.335839927667599582e-06
3.577291199999999675e+23 1.552203231778968333e-27 2.177842783435478354e-12 9.093101017984992531e-09 1.577405335401354950e-03 9.852983960401527952e+01 3.112560476526533500e+15 8.335839927667599582e-06
3.578031840000000257e+23 1.551458353012877301e-27 2.176797669746720974e-12 9.093101017984992531e-09 1.576648362528342354e-03 9.856137419795629739e+01 3.113233947960330000e+15 8.335839927667599582e-06
3.578772480000000168e+23 1.550713831702803322e-27 2.175753057592164199e-12 9.093101017984992531e-09 1.575891752915125265e-03 9.859291888458189135e+01 3.113907419394126000e+15 8.335839927667599582e-06
3.579513120000000079e+23 1.549969667677211861e-27 2.174708946731134013e-12 9.093101017984992531e-09 1.575135506387383925e-03 9.862447366712208918e+01 3.114580890827922000e+15 8.335839927667599582e-06
3.580253759999999990e+23 1.549225860764652144e-27 2.173665336923073532e-12 9.093101017984992531e-09 1.574379622770884007e-03 9.865603854880791346e+01 3.115254362261718000e+15 8.335839927667599582e-06
3.580994399999999900e+23 1.548482410793751602e-27 2.172622227927535730e-12 9.093101017984992531e-09 1.573624101891470117e-03 9.868761353287158045e+01 3.115927833695514000e+15 8.335839927667599582e-06
3.581735039999999811e+23 1.547739317593207977e-27 2.171579619504173345e-12 9.093101017984992531e-09 1.572868943575059068e-03 9.871919862254684119e+01 3.116601305129310000e+15 8.335839927667599582e-06
3.582475679999999722e+23 1.546996580991812640e-27 2.170537511412767956e-12 9.093101017984992531e-09 1.572114147647662432e-03 9.875079382106801518e+01 3.117274776563106000e+15 8.335839927667599582e-06
3.583216320000000304e+23 1.546254200818439473e-27 2.169495903413219081e-12 9.093101017984992531e-09 1.571359713935375265e-03 9.878239913167043085e+01 3.117948247996902500e+15 8.335839927667599582e-06
3.583956960000000215e+23 1.545512176902045759e-27 2.168454795265542562e-12 9.093101017984992531e-09 1.570605642264378057e-03 9.881401455759041141e+01 3.118621719430698500e+15 8.335839927667599582e-06
3.584697600000000126e+23 1.544770509071668782e-27 2.167414186729867329e-12 9.093101017984992531e-09 1.569851932460932182e-03 9.884564010206537432e+01 3.119295190864494500e+15 8.335839927667599582e-06
3.585438240000000037e+23 1.544029197156428153e-27 2.166374077566435405e-12 9.093101017984992531e-09 1.569098584351382710e-03 9.887727576833377441e+01 3.119968662298290500e+15 8.335839927667599582e-06
3.586178879999999948e+23 1.543288240985524915e-27 2.165334467535605943e-12 9.093101017984992531e-09 1.568345597762157767e-03 9.890892155963517496e+01 3.120642133732086500e+15 8.335839927667599582e-06
3.586919519999999858e+23 1.542547640388242264e-27 2.164295356397851186e-12 9.093101017984992531e-09 1.567592972519768523e-03 9.894057747921006296e+01 3.121315605165882500e+15 8.335839927667599582e-06
3.587660159999999769e+23 1.541807395193945362e-27 2.163256743913760104e-12 9.093101017984992531e-09 1.566840708450809635e-03 9.897224353030007649e+01 3.121989076599678000e+15 8.335839927667599582e-06
3.588400799999999680e+23 1.541067505232080089e-27 2.162218629844033951e-12 9.093101017984992531e-09 1.566088805381957941e-03 9.900391971614789099e+01 3.122662548033474000e+15 8.335839927667599582e-06
3.589141440000000262e+23 1.540327970332174652e-27 2.161181013949488686e-12 9.093101017984992531e-09 1.565337263139973548e-03 9.903560603999716250e+01 3.123336019467271000e+15 8.335839927667599582e-06
3.589882080000000173e+23 1.539588790323839947e-27 2.160143895991058611e-12 9.093101017984992531e-09 1.564586081551701344e-03 9.906730250509258440e+01 3.124009490901067000e+15 8.335839927667599582e-06
3.590622720000000084e+23 1.538849965036767584e-27 2.159107275729789100e-12 9.093101017984992531e-09 1.563835260444067319e-03 9.909900911467994433e+01 3.124682962334862500e+15 8.335839927667599582e-06
3.591363359999999995e+23 1.538111494300730607e-27 2.158071152926840636e-12 9.093101017984992531e-09 1.563084799644080727e-03 9.913072587200608154e+01 3.125356433768659000e+15 8.335839927667599582e-06
3.592103999999999906e+23 1.537373377945584566e-27 2.157035527343489217e-12 9.093101017984992531e-09 1.562334698978834740e-03 9.916245278031880162e+01 3.126029905202455000e+15 8.335839927667599582e-06
3.592844639999999816e+23 1.536635615801266086e-27 2.156000398741125549e-12 9.093101017984992531e-09 1.561584958275504713e-03 9.919418984286701857e+01 3.126703376636250500e+15 8.335839927667599582e-06
3.593585279999999727e+23 1.535898207697794300e-27 2.154965766881255044e-12 9.093101017984992531e-09 1.560835577361349919e-03 9.922593706290059856e+01 3.127376848070046500e+15 8.335839927667599582e-06
3.594325920000000309e+23 1.535161153465269056e-27 2.153931631525496203e-12 9.093101017984992531e-09 1.560086556063711594e-03 9.925769444367055883e+01 3.128050319503843000e+15 8.335839927667599582e-06
3.595066560000000220e+23 1.534424452933873608e-27 2.152897992435585064e-12 9.093101017984992531e-09 1.559337894210015762e-03 9.928946198842879767e+01 3.128723790937639000e+15 8.335839927667599582e-06
3.595807200000000131e+23 1.533688105933871385e-27 2.151864849373370755e-12 9.093101017984992531e-09 1.558589591627770193e-03 9.932123970042835026e+01 3.129397262371435000e+15 8.335839927667599582e-06
3.596547840000000042e+23 1.532952112295608147e-27 2.150832202100817110e-12 9.093101017984992531e-09 1.557841648144565709e-03 9.935302758292326075e+01 3.130070733805231000e+15 8.335839927667599582e-06
3.597288479999999953e+23 1.532216471849511263e-27 2.149800050380001863e-12 9.093101017984992531e-09 1.557094063588076831e-03 9.938482563916859647e+01 3.130744205239027000e+15 8.335839927667599582e-06
3.598029119999999864e+23 1.531481184426089896e-27 2.148768393973119069e-12 9.093101017984992531e-09 1.556346837786060479e-03 9.941663387242043370e+01 3.131417676672823000e+15 8.335839927667599582e-06
3.598769759999999775e+23 1.530746249855935178e-27 2.147737232642476683e-12 9.093101017984992531e-09 1.555599970566357276e-03 9.944845228593590036e+01 3.132091148106619000e+15 8.335839927667599582e-06
3.599510399999999685e+23 1.530011667969719673e-27 2.146706566150496963e-12 9.093101017984992531e-09 1.554853461756890674e-03 9.948028088297310489e+01 3.132764619540415000e+15 8.335839927667599582e-06
3.600251040000000267e+23 1.529277438598197018e-27 2.145676394259716872e-12 9.093101017984992531e-09 1.554107311185666312e-03 9.951211966679124998e+01 3.133438090974211500e+15 8.335839927667599582e-06
3.600991680000000178e+23 1.528543561572204974e-27 2.144646716732790101e-12 9.093101017984992531e-09 1.553361518680775261e-03 9.954396864065049044e+01 3.134111562408007500e+15 8.335839927667599582e-06
3.601732320000000089e+23 1.527810036722660582e-27 2.143617533332482624e-12 9.093101017984992531e-09 1.552616084070389474e-03 9.957582780781199006e+01 3.134785033841803000e+15 8.335839927667599582e-06
3.602472960000000000e+23 1.527076863880563391e-27 2.142588843821675120e-12 9.093101017984992531e-09 1.551871007182764389e-03 9.960769717153802105e+01 3.135458505275599500e+15 8.335839927667599582e-06
3.603213599999999911e+23 1.526344042876995098e-27 2.141560647963364592e-12 9.093101017984992531e-09 1.551126287846239142e-03 9.963957673509175095e+01 3.136131976709395000e+15 8.335839927667599582e-06
3.603954239999999822e+23 1.525611573543115785e-27 2.140532945520657903e-12 9.093101017984992531e-09 1.550381925889232453e-03 9.967146650173759781e+01 3.136805448143191000e+15 8.335839927667599582e-06
3.604694879999999733e+23 1.524879455710153156e-27 2.139505736256755619e-12 9.093101017984992531e-09 1.549637921140231776e-03 9.970336647474155711e+01 3.137478919576987000e+15 8.335839927667599582e-06
3.605435520000000315e+23 1.524147689209425851e-27 2.138479019934987553e-12 9.093101017984992531e-09 1.548894273427816942e-03 9.973527665737024961e+01 3.138152391010784000e+15 8.335839927667599582e-06
3.606176160000000225e+23 1.523416273872336993e-27 2.137452796318800650e-12 9.093101017984992531e-09 1.548150982580653867e-03 9.976719705289116291e+01 3.138825862444580000e+15 8.335839927667599582e-06
3.606916800000000136e+23 1.522685209530368447e-27 2.136427065171753328e-12 9.093101017984992531e-09 1.547408048427488048e-03 9.979912766457299256e+01 3.139499333878376000e+15 8.335839927667599582e-06
3.607657440000000047e+23 1.521954496015082793e-27 2.135401826257516694e-12 9.093101017984992531e-09 1.546665470797147597e-03 9.983106849568537200e+01 3.140172805312171500e+15 8.335839927667599582e-06
3.608398079999999958e+23 1.521224133158124220e-27 2.134377079339876560e-12 9.093101017984992531e-09 1.545923249518542809e-03 9.986301954949908577e+01 3.140846276745967500e+15 8.335839927667599582e-06
3.609138719999999869e+23 1.520494120791216379e-27 2.133352824182730214e-12 9.093101017984992531e-09 1.545181384420665294e-03 9.989498082928589895e+01 3.141519748179763500e+15 8.335839927667599582e-06
3.609879359999999780e+23 1.519764458746163815e-27 2.132329060550088441e-12 9.093101017984992531e-09 1.544439875332588846e-03 9.992695233831874191e+01 3.142193219613559500e+15 8.335839927667599582e-06
3.610619999999999691e+23 1.519035146854851608e-27 2.131305788206074711e-12 9.093101017984992531e-09 1.543698722083468788e-03 9.995893407987144030e+01 3.142866691047355500e+15 8.335839927667599582e-06
3.611360640000000273e+23 1.518306184949244654e-27 2.130283006914925182e-12 9.093101017984992531e-09 1.542957924502541978e-03 9.999092605721907034e+01 3.143540162481152000e+15 8.335839927667599582e-06
3.612101280000000184e+23 1.517577572861390541e-27 2.129260716440991123e-12 9.093101017984992531e-09 1.542217482419128757e-03 1.000229282736375467e+02 3.144213633914948000e+15 8.335839927667599582e-06
3.612841920000000094e+23 1.516849310423415235e-27 2.128238916548734872e-12 9.093101017984992531e-09 1.541477395662629694e-03 1.000549407324040203e+02 3.144887105348744000e+15 8.335839927667599582e-06
3.613582560000000005e+23 1.516121397467525601e-27 2.127217607002731458e-12 9.093101017984992531e-09 1.540737664062527329e-03 1.000869634367965659e+02 3.145560576782540000e+15 8.335839927667599582e-06
3.614323199999999916e+23 1.515393833826010112e-27 2.126196787567670615e-12 9.093101017984992531e-09 1.539998287448386812e-03 1.001189963900943951e+02 3.146234048216336000e+15 8.335839927667599582e-06
3.615063839999999827e+23 1.514666619331236163e-27 2.125176458008352340e-12 9.093101017984992531e-09 1.539259265649854181e-03 1.001510395955777426e+02 3.146907519650132000e+15 8.335839927667599582e-06
3.615804479999999738e+23 1.513939753815653301e-27 2.124156618089693357e-12 9.093101017984992531e-09 1.538520598496658301e-03 1.001830930565278095e+02 3.147580991083928000e+15 8.335839927667599582e-06
3.616545120000000320e+23 1.513213237111789633e-27 2.123137267576718231e-12 9.093101017984992531e-09 1.537782285818608055e-03 1.002151567762270190e+02 3.148254462517724500e+15 8.335839927667599582e-06
3.617285760000000231e+23 1.512487069052256671e-27 2.122118406234571484e-12 9.093101017984992531e-09 1.537044327445597543e-03 1.002472307579586044e+02 3.148927933951520500e+15 8.335839927667599582e-06
3.618026400000000142e+23 1.511761249469743773e-27 2.121100033828504265e-12 9.093101017984992531e-09 1.536306723207599362e-03 1.002793150050070352e+02 3.149601405385316500e+15 8.335839927667599582e-06
3.618767040000000052e+23 1.511035778197022268e-27 2.120082150123884452e-12 9.093101017984992531e-09 1.535569472934669808e-03 1.003114095206577332e+02 3.150274876819112000e+15 8.335839927667599582e-06
3.619507679999999963e+23 1.510310655066943302e-27 2.119064754886190589e-12 9.093101017984992531e-09 1.534832576456945843e-03 1.003435143081972001e+02 3.150948348252908000e+15 8.335839927667599582e-06
3.620248319999999874e+23 1.509585879912438915e-27 2.118047847881015926e-12 9.093101017984992531e-09 1.534096033604647261e-03 1.003756293709129181e+02 3.151621819686704000e+15 8.335839927667599582e-06
3.620988959999999785e+23 1.508861452566521504e-27 2.117031428874065999e-12 9.093101017984992531e-09 1.533359844208075171e-03 1.004077547120934639e+02 3.152295291120500000e+15 8.335839927667599582e-06
3.621729599999999696e+23 1.508137372862284358e-27 2.116015497631159029e-12 9.093101017984992531e-09 1.532624008097612650e-03 1.004398903350283945e+02 3.152968762554296000e+15 8.335839927667599582e-06
3.622470240000000278e+23 1.507413640632900049e-27 2.115000053918226328e-12 9.093101017984992531e-09 1.531888525103723871e-03 1.004720362430083895e+02 3.153642233988093000e+15 8.335839927667599582e-06
3.623210880000000189e+23 1.506690255711624372e-27 2.113985097501313916e-12 9.093101017984992531e-09 1.531153395056957141e-03 1.005041924393250383e+02 3.154315705421888500e+15 8.335839927667599582e-06
3.623951520000000100e+23 1.505967217931790790e-27 2.112970628146577672e-12 9.093101017984992531e-09 1.530418617787939915e-03 1.005363589272710527e+02 3.154989176855684500e+15 8.335839927667599582e-06
3.624692160000000010e+23 1.505244527126814914e-27 2.111956645620289798e-12 9.093101017984992531e-09 1.529684193127383131e-03 1.005685357101401252e+02 3.155662648289480500e+15 8.335839927667599582e-06
3.625432799999999921e+23 1.504522183130192173e-27 2.110943149688832355e-12 9.093101017984992531e-09 1.528950120906078609e-03 1.006007227912270281e+02 3.156336119723276500e+15 8.335839927667599582e-06
3.626173439999999832e+23 1.503800185775498533e-27 2.109930140118702515e-12 9.093101017984992531e-09 1.528216400954900567e-03 1.006329201738275003e+02 3.157009591157072500e+15 8.335839927667599582e-06
3.626914079999999743e+23 1.503078534896389777e-27 2.108917616676507715e-12 9.093101017984992531e-09 1.527483033104803673e-03 1.006651278612384175e+02 3.157683062590868500e+15 8.335839927667599582e-06
3.627654720000000325e+23 1.502357230326585900e-27 2.107905579128945862e-12 9.093101017984992531e-09 1.526750017186808079e-03 1.006973458567583606e+02 3.158356534024665000e+15 8.335839927667599582e-06
3.628395360000000236e+23 1.501636271899897479e-27 2.106894027242843305e-12 9.093101017984992531e-09 1.526017353032026310e-03 1.007295741636864648e+02 3.159030005458461000e+15 8.335839927667599582e-06
3.629136000000000147e+23 1.500915659450216163e-27 2.105882960785139079e-12 9.093101017984992531e-09 1.525285040471652861e-03 1.007618127853228884e+02 3.159703476892257000e+15 8.335839927667599582e-06
3.629876640000000058e+23 1.500195392811513240e-27 2.104872379522883694e-12 9.093101017984992531e-09 1.524553079336963537e-03 1.007940617249688557e+02 3.160376948326053000e+15 8.335839927667599582e-06
3.630617279999999969e+23 1.499475471817839816e-27 2.103862283223239541e-12 9.093101017984992531e-09 1.523821469459314595e-03 1.008263209859266425e+02 3.161050419759849000e+15 8.335839927667599582e-06
3.631357919999999879e+23 1.498755896303325740e-27 2.102852671653480485e-12 9.093101017984992531e-09 1.523090210670143170e-03 1.008585905714996045e+02 3.161723891193645000e+15 8.335839927667599582e-06
3.632098559999999790e+23 1.498036666102180496e-27 2.101843544580991868e-12 9.093101017984992531e-09 1.522359302800966848e-03 1.008908704849921634e+02 3.162397362627441000e+15 8.335839927667599582e-06
3.632839199999999701e+23 1.497317781048692853e-27 2.100834901773268889e-12 9.093101017984992531e-09 1.521628745683383660e-03 1.009231607297098066e+02 3.163070834061237000e+15 8.335839927667599582e-06
3.633579840000000283e+23 1.496599240977230317e-27 2.099826742997919439e-12 9.093101017984992531e-09 1.520898539149072087e-03 1.009554613089591015e+02 3.163744305495033000e+15 8.335839927667599582e-06
3.634320480000000194e+23 1.495881045722242008e-27 2.098819068022664091e-12 9.093101017984992531e-09 1.520168683029793008e-03 1.009877722260476247e+02 3.164417776928829000e+15 8.335839927667599582e-06
3.635061120000000105e+23 1.495163195118253636e-27 2.097811876615332069e-12 9.093101017984992531e-09 1.519439177157385799e-03 1.010200934842841036e+02 3.165091248362625500e+15 8.335839927667599582e-06
3.635801760000000016e+23 1.494445688999871444e-27 2.096805168543864881e-12 9.093101017984992531e-09 1.518710021363770934e-03 1.010524250869782463e+02 3.165764719796421000e+15 8.335839927667599582e-06
3.636542399999999927e+23 1.493728527201780958e-27 2.095798943576315510e-12 9.093101017984992531e-09 1.517981215480950202e-03 1.010847670374408835e+02 3.166438191230217000e+15 8.335839927667599582e-06
3.637283039999999837e+23 1.493011709558746802e-27 2.094793201480847604e-12 9.093101017984992531e-09 1.517252759341005189e-03 1.011171193389838834e+02 3.167111662664013000e+15 8.335839927667599582e-06
3.638023679999999748e+23 1.492295235905613597e-27 2.093787942025737905e-12 9.093101017984992531e-09 1.516524652776099014e-03 1.011494819949201656e+02 3.167785134097809000e+15 8.335839927667599582e-06
3.638764320000000330e+23 1.491579106077303633e-27 2.092783164979370996e-12 9.093101017984992531e-09 1.515796895618473725e-03 1.011818550085637440e+02 3.168458605531605500e+15 8.335839927667599582e-06
3.639504960000000241e+23 1.490863319908821346e-27 2.091778870110247780e-12 9.093101017984992531e-09 1.515069487700454855e-03 1.012142383832295849e+02 3.169132076965401500e+15 8.335839927667599582e-06
3.640245600000000152e+23 1.490147877235247942e-27 2.090775057186976194e-12 9.093101017984992531e-09 1.514342428854445997e-03 1.012466321222338053e+02 3.169805548399197500e+15 8.335839927667599582e-06
3.640986240000000063e+23 1.489432777891745163e-27 2.089771725978277669e-12 9.093101017984992531e-09 1.513615718912932496e-03 1.012790362288935881e+02 3.170479019832993500e+15 8.335839927667599582e-06
3.641726879999999974e+23 1.488718021713553851e-27 2.088768876252983497e-12 9.093101017984992531e-09 1.512889357708479925e-03 1.013114507065270686e+02 3.171152491266789500e+15 8.335839927667599582e-06
3.642467519999999885e+23 1.488003608535994128e-27 2.087766507780038061e-12 9.093101017984992531e-09 1.512163345073734740e-03 1.013438755584535329e+02 3.171825962700585500e+15 8.335839927667599582e-06
3.643208159999999796e+23 1.487289538194465036e-27 2.086764620328494795e-12 9.093101017984992531e-09 1.511437680841423627e-03 1.013763107879932619e+02 3.172499434134381500e+15 8.335839927667599582e-06
3.643948799999999706e+23 1.486575810524446156e-27 2.085763213667520225e-12 9.093101017984992531e-09 1.510712364844354590e-03 1.014087563984675882e+02 3.173172905568177500e+15 8.335839927667599582e-06
3.644689440000000288e+23 1.485862425361494371e-27 2.084762287566391546e-12 9.093101017984992531e-09 1.509987396915414993e-03 1.014412123931989385e+02 3.173846377001974000e+15 8.335839927667599582e-06
3.645430080000000199e+23 1.485149382541248717e-27 2.083761841794498233e-12 9.093101017984992531e-09 1.509262776887574818e-03 1.014736787755106917e+02 3.174519848435770000e+15 8.335839927667599582e-06
3.646170720000000110e+23 1.484436681899425536e-27 2.082761876121339624e-12 9.093101017984992531e-09 1.508538504593883410e-03 1.015061555487273068e+02 3.175193319869566000e+15 8.335839927667599582e-06
3.646911360000000021e+23 1.483724323271820629e-27 2.081762390316526935e-12 9.093101017984992531e-09 1.507814579867470346e-03 1.015386427161743370e+02 3.175866791303362000e+15 8.335839927667599582e-06
3.647651999999999932e+23 1.483012306494309615e-27 2.080763384149782858e-12 9.093101017984992531e-09 1.507091002541546300e-03 1.015711402811783302e+02 3.176540262737158000e+15 8.335839927667599582e-06
3.648392639999999843e+23 1.482300631402847571e-27 2.079764857390941560e-12 9.093101017984992531e-09 1.506367772449403045e-03 1.016036482470668716e+02 3.177213734170954000e+15 8.335839927667599582e-06
3.649133279999999754e+23 1.481589297833468320e-27 2.078766809809947472e-12 9.093101017984992531e-09 1.505644889424412368e-03 1.016361666171685698e+02 3.177887205604750000e+15 8.335839927667599582e-06
3.649873919999999664e+23 1.480878305622284959e-27 2.077769241176856905e-12 9.093101017984992531e-09 1.504922353300026071e-03 1.016686953948131418e+02 3.178560677038546000e+15 8.335839927667599582e-06
3.650614560000000246e+23 1.480167654605475161e-27 2.076772151261816238e-12 9.093101017984992531e-09 1.504200163909762090e-03 1.017012345833319529e+02 3.179234148472342000e+15 8.335839927667599582e-06
3.651355200000000157e+23 1.479457344619302335e-27 2.075775539835092211e-12 9.093101017984992531e-09 1.503478321087225317e-03 1.017337841860571643e+02 3.179907619906138000e+15 8.335839927667599582e-06
3.652095840000000068e+23 1.478747375500111322e-27 2.074779406667066273e-12 9.093101017984992531e-09 1.502756824666103691e-03 1.017663442063218042e+02 3.180581091339934500e+15 8.335839927667599582e-06
3.652836479999999979e+23 1.478037747084326064e-27 2.073783751528230539e-12 9.093101017984992531e-09 1.502035674480164951e-03 1.017989146474600091e+02 3.181254562773730000e+15 8.335839927667599582e-06
3.653577119999999890e+23 1.477328459208448346e-27 2.072788574189185367e-12 9.093101017984992531e-09 1.501314870363256414e-03 1.018314955128069812e+02 3.181928034207526000e+15 8.335839927667599582e-06
3.654317759999999801e+23 1.476619511709058339e-27 2.071793874420643401e-12 9.093101017984992531e-09 1.500594412149304979e-03 1.018640868056989888e+02 3.182601505641322000e+15 8.335839927667599582e-06
3.655058399999999712e+23 1.475910904422813877e-27 2.070799651993423913e-12 9.093101017984992531e-09 1.499874299672316258e-03 1.018966885294733942e+02 3.183274977075118000e+15 8.335839927667599582e-06
3.655799040000000294e+23 1.475202637186451178e-27 2.069805906678457244e-12 9.093101017984992531e-09 1.499154532766375659e-03 1.019293006874686824e+02 3.183948448508915000e+15 8.335839927667599582e-06
3.656539680000000204e+23 1.474494709836785562e-27 2.068812638246784811e-12 9.093101017984992531e-09 1.498435111265649039e-03 1.019619232830243050e+02 3.184621919942711000e+15 8.335839927667599582e-06
3.657280320000000115e+23 1.473787122210709295e-27 2.067819846469555868e-12 9.093101017984992531e-09 1.497716035004380318e-03 1.019945563194808784e+02 3.185295391376506500e+15 8.335839927667599582e-06
3.658020960000000026e+23 1.473079874145193205e-27 2.066827531118029531e-12 9.093101017984992531e-09 1.496997303816893646e-03 1.020271998001800711e+02 3.185968862810302500e+15 8.335839927667599582e-06
3.658761599999999937e+23 1.472372965477286147e-27 2.065835691963575178e-12 9.093101017984992531e-09 1.496278917537591669e-03 1.020598537284646454e+02 3.186642334244098500e+15 8.335839927667599582e-06
3.659502239999999848e+23 1.471666396044115537e-27 2.064844328777671241e-12 9.093101017984992531e-09 1.495560876000957698e-03 1.020925181076783588e+02 3.187315805677894500e+15 8.335839927667599582e-06
3.660242879999999759e+23 1.470960165682886275e-27 2.063853441331905606e-12 9.093101017984992531e-09 1.494843179041553324e-03 1.021251929411661621e+02 3.187989277111690500e+15 8.335839927667599582e-06
3.660983519999999670e+23 1.470254274230882186e-27 2.062863029397977636e-12 9.093101017984992531e-09 1.494125826494020369e-03 1.021578782322739869e+02 3.188662748545486500e+15 8.335839927667599582e-06
3.661724160000000252e+23 1.469548721525463861e-27 2.061873092747692516e-12 9.093101017984992531e-09 1.493408818193078932e-03 1.021905739843488732e+02 3.189336219979283000e+15 8.335839927667599582e-06
3.662464800000000163e+23 1.468843507404072966e-27 2.060883631152970942e-12 9.093101017984992531e-09 1.492692153973531081e-03 1.022232802007388273e+02 3.190009691413079000e+15 8.335839927667599582e-06
3.663205440000000073e+23 1.468138631704226141e-27 2.059894644385837819e-12 9.093101017984992531e-09 1.491975833670255644e-03 1.022559968847930776e+02 3.190683162846875000e+15 8.335839927667599582e-06
3.663946079999999984e+23 1.467434094263519844e-27 2.058906132218430736e-12 9.093101017984992531e-09 1.491259857118211896e-03 1.022887240398618047e+02 3.191356634280671000e+15 8.335839927667599582e-06
3.664686719999999895e+23 1.466729894919628200e-27 2.057918094422995530e-12 9.093101017984992531e-09 1.490544224152438695e-03 1.023214616692962977e+02 3.192030105714467000e+15 8.335839927667599582e-06
3.665427359999999806e+23 1.466026033510303715e-27 2.056930530771888298e-12 9.093101017984992531e-09 1.489828934608054042e-03 1.023542097764488830e+02 3.192703577148262500e+15 8.335839927667599582e-06
3.666167999999999717e+23 1.465322509873376742e-27 2.055943441037574596e-12 9.093101017984992531e-09 1.489113988320255304e-03 1.023869683646729811e+02 3.193377048582058500e+15 8.335839927667599582e-06
3.666908640000000299e+23 1.464619323846755836e-27 2.054956824992629434e-12 9.093101017984992531e-09 1.488399385124319213e-03 1.024197374373230360e+02 3.194050520015855000e+15 8.335839927667599582e-06
3.667649280000000210e+23 1.463916475268428473e-27 2.053970682409738491e-12 9.093101017984992531e-09 1.487685124855602945e-03 1.024525169977545147e+02 3.194723991449651000e+15 8.335839927667599582e-06
3.668389920000000121e+23 1.463213963976459618e-27 2.052985013061696094e-12 9.093101017984992531e-09 1.486971207349541959e-03 1.024853070493240352e+02 3.195397462883447000e+15 8.335839927667599582e-06
3.669130560000000031e+23 1.462511789808992077e-27 2.051999816721406834e-12 9.093101017984992531e-09 1.486257632441651292e-03 1.025181075953891963e+02 3.196070934317243000e+15 8.335839927667599582e-06
3.669871199999999942e+23 1.461809952604247580e-27 2.051015093161884757e-12 9.093101017984992531e-09 1.485544399967525997e-03 1.025509186393086480e+02 3.196744405751039000e+15 8.335839927667599582e-06
3.670611839999999853e+23 1.461108452200525342e-27 2.050030842156252961e-12 9.093101017984992531e-09 1.484831509762839620e-03 1.025837401844421493e+02 3.197417877184835000e+15 8.335839927667599582e-06
3.671352479999999764e+23 1.460407288436203319e-27 2.049047063477744810e-12 9.093101017984992531e-09 1.484118961663346160e-03 1.026165722341504534e+02 3.198091348618631000e+15 8.335839927667599582e-06
3.672093119999999675e+23 1.459706461149737135e-27 2.048063756899703930e-12 9.093101017984992531e-09 1.483406755504878324e-03 1.026494147917953370e+02 3.198764820052427000e+15 8.335839927667599582e-06
3.672833760000000257e+23 1.459005970179659898e-27 2.047080922195580980e-12 9.093101017984992531e-09 1.482694891123347751e-03 1.026822678607397563e+02 3.199438291486223500e+15 8.335839927667599582e-06
3.673574400000000168e+23 1.458305815364572876e-27 2.046098559138922746e-12 9.093101017984992531e-09 1.481983368354734820e-03 1.027151314443481027e+02 3.200111762920019500e+15 8.335839927667599582e-06
3.674315040000000079e+23 1.457605996543154465e-27 2.045116667503384664e-12 9.093101017984992531e-09 1.481272187035098838e-03 1.027480055459859045e+02 3.200785234353815500e+15 8.335839927667599582e-06
3.675055679999999990e+23 1.456906513554166823e-27 2.044135247062740105e-12 9.093101017984992531e-09 1.480561347000584112e-03 1.027808901690194148e+02 3.201458705787611500e+15 8.335839927667599582e-06
3.675796319999999900e+23 1.456207366236449955e-27 2.043154297590870687e-12 9.093101017984992531e-09 1.479850848087414100e-03 1.028137853168159950e+02 3.202132177221407500e+15 8.335839927667599582e-06
3.676536959999999811e+23 1.455508554428920814e-27 2.042173818861765868e-12 9.093101017984992531e-09 1.479140690131890102e-03 1.028466909927441151e+02 3.202805648655203500e+15 8.335839927667599582e-06
3.677277599999999722e+23 1.454810077970573121e-27 2.041193810649523752e-12 9.093101017984992531e-09 1.478430872970391699e-03 1.028796072001732682e+02 3.203479120088999000e+15 8.335839927667599582e-06
3.678018240000000304e+23 1.454111936700476827e-27 2.040214272728348671e-12 9.093101017984992531e-09 1.477721396439376101e-03 1.029125339424741554e+02 3.204152591522796000e+15 8.335839927667599582e-06
3.678758880000000215e+23 1.453414130457781164e-27 2.039235204872557238e-12 9.093101017984992531e-09 1.477012260375380748e-03 1.029454712230184299e+02 3.204826062956592000e+15 8.335839927667599582e-06
3.679499520000000126e+23 1.452716659081709980e-27 2.038256606856568656e-12 9.093101017984992531e-09 1.476303464615019191e-03 1.029784190451789101e+02 3.205499534390388000e+15 8.335839927667599582e-06
3.680240160000000037e+23 1.452019522411565147e-27 2.037278478454914009e-12 9.093101017984992531e-09 1.475595008994984129e-03 1.030113774123295087e+02 3.206173005824183500e+15 8.335839927667599582e-06
3.680980799999999948e+23 1.451322720286725307e-27 2.036300819442230604e-12 9.093101017984992531e-09 1.474886893352046324e-03 1.030443463278452327e+02 3.206846477257979500e+15 8.335839927667599582e-06
3.681721439999999858e+23 1.450626252546646587e-27 2.035323629593265206e-12 9.093101017984992531e-09 1.474179117523055247e-03 1.030773257951020838e+02 3.207519948691775500e+15 8.335839927667599582e-06
3.682462079999999769e+23 1.449930119030861523e-27 2.034346908682870803e-12 9.093101017984992531e-09 1.473471681344937787e-03 1.031103158174772858e+02 3.208193420125571500e+15 8.335839927667599582e-06
3.683202719999999680e+23 1.449234319578979781e-27 2.033370656486009839e-12 9.093101017984992531e-09 1.472764584654699975e-03 1.031433163983490005e+02 3.208866891559367500e+15 8.335839927667599582e-06
3.683943360000000262e+23 1.448538854030687614e-27 2.032394872777751389e-12 9.093101017984992531e-09 1.472057827289424605e-03 1.031763275410966259e+02 3.209540362993164000e+15 8.335839927667599582e-06
3.684684000000000173e+23 1.447843722225750019e-27 2.031419557333275193e-12 9.093101017984992531e-09 1.471351409086275354e-03 1.032093492491004270e+02 3.210213834426960000e+15 8.335839927667599582e-06
3.685424640000000084e+23 1.447148924004006967e-27 2.030444709927866410e-12 9.093101017984992531e-09 1.470645329882491791e-03 1.032423815257419619e+02 3.210887305860756000e+15 8.335839927667599582e-06
3.686165279999999995e+23 1.446454459205376451e-27 2.029470330336919654e-12 9.093101017984992531e-09 1.469939589515392633e-03 1.032754243744037410e+02 3.211560777294552000e+15 8.335839927667599582e-06
3.686905919999999906e+23 1.445760327669853237e-27 2.028496418335936168e-12 9.093101017984992531e-09 1.469234187822374658e-03 1.033084777984693687e+02 3.212234248728348000e+15 8.335839927667599582e-06
3.687646559999999816e+23 1.445066529237508858e-27 2.027522973700527055e-12 9.093101017984992531e-09 1.468529124640913144e-03 1.033415418013235438e+02 3.212907720162144000e+15 8.335839927667599582e-06
3.688387199999999727e+23 1.444373063748492331e-27 2.026549996206410450e-12 9.093101017984992531e-09 1.467824399808561209e-03 1.033746163863520309e+02 3.213581191595940000e+15 8.335839927667599582e-06
3.689127840000000309e+23 1.443679931043028368e-27 2.025577485629410715e-12 9.093101017984992531e-09 1.467120013162949823e-03 1.034077015569416744e+02 3.214254663029736500e+15 8.335839927667599582e-06
3.689868480000000220e+23 1.442987130961421500e-27 2.024605441745465705e-12 9.093101017984992531e-09 1.466415964541790398e-03 1.034407973164803280e+02 3.214928134463532500e+15 8.335839927667599582e-06
3.690609120000000131e+23 1.442294663344050691e-27 2.023633864330615460e-12 9.093101017984992531e-09 1.465712253782870244e-03 1.034739036683569822e+02 3.215601605897328500e+15 8.335839927667599582e-06
3.691349760000000042e+23 1.441602528031372395e-27 2.022662753161010287e-12 9.093101017984992531e-09 1.465008880724055600e-03 1.035070206159616504e+02 3.216275077331124500e+15 8.335839927667599582e-06
3.692090399999999953e+23 1.440910724863920551e-27 2.021692108012909946e-12 9.093101017984992531e-09 1.464305845203291200e-03 1.035401481626854263e+02 3.216948548764920500e+15 8.335839927667599582e-06
3.692831039999999864e+23 1.440219253682306044e-27 2.020721928662679615e-12 9.093101017984992531e-09 1.463603147058599842e-03 1.035732863119204836e+02 3.217622020198716000e+15 8.335839927667599582e-06
3.693571679999999775e+23 1.439528114327216532e-27 2.019752214886793930e-12 9.093101017984992531e-09 1.462900786128082603e-03 1.036064350670600334e+02 3.218295491632512000e+15 8.335839927667599582e-06
3.694312319999999685e+23 1.438837306639416975e-27 2.018782966461836171e-12 9.093101017984992531e-09 1.462198762249919057e-03 1.036395944314983524e+02 3.218968963066308000e+15 8.335839927667599582e-06
3.695052960000000267e+23 1.438146830459748030e-27 2.017814183164495444e-12 9.093101017984992531e-09 1.461497075262365971e-03 1.036727644086307834e+02 3.219642434500105000e+15 8.335839927667599582e-06
3.695793600000000178e+23 1.437456685629130169e-27 2.016845864771571923e-12 9.093101017984992531e-09 1.460795725003760561e-03 1.037059450018536637e+02 3.220315905933901000e+15 8.335839927667599582e-06
3.696534240000000089e+23 1.436766871988546463e-27 2.015878011059955448e-12 9.093101017984992531e-09 1.460094711312504229e-03 1.037391362145650646e+02 3.220989377367697000e+15 8.335839927667599582e-06
3.697274880000000000e+23 1.436077389379056574e-27 2.014910621806641681e-12 9.093101017984992531e-09 1.459394034027076004e-03 1.037723380501640662e+02 3.221662848801492500e+15 8.335839927667599582e-06
3.698015519999999911e+23 1.435388237641803569e-27 2.013943696788744220e-12 9.093101017984992531e-09 1.458693692986039701e-03 1.038055505120506012e+02 3.222336320235288500e+15 8.335839927667599582e-06
3.698756159999999822e+23 1.434699416618006744e-27 2.012977235783482889e-12 9.093101017984992531e-09 1.457993688028036547e-03 1.038387736036255973e+02 3.223009791669084500e+15 8.335839927667599582e-06
3.699496799999999733e+23 1.434010926148961985e-27 2.012011238568186160e-12 9.093101017984992531e-09 1.457294018991785829e-03 1.038720073282910903e+02 3.223683263102880500e+15 8.335839927667599582e-06
3.700237440000000315e+23 1.433322766076040154e-27 2.011045704920286308e-12 9.093101017984992531e-09 1.456594685716082515e-03 1.039052516894502816e+02 3.224356734536677000e+15 8.335839927667599582e-06
3.700978080000000225e+23 1.432634936240690137e-27 2.010080634617326273e-12 9.093101017984992531e-09 1.455895688039801584e-03 1.039385066905073103e+02 3.225030205970473000e+15 8.335839927667599582e-06
3.701718720000000136e+23 1.431947436484435974e-27 2.009116027436953605e-12 9.093101017984992531e-09 1.455197025801893695e-03 1.039717723348675094e+02 3.225703677404269000e+15 8.335839927667599582e-06
3.702459360000000047e+23 1.431260266648877577e-27 2.008151883156922484e-12 9.093101017984992531e-09 1.454498698841387135e-03 1.040050486259372917e+02 3.226377148838065000e+15 8.335839927667599582e-06
